ISO-10303-21;
HEADER;
/* Generated by software containing ST-Developer
 * from STEP Tools, Inc. (www.steptools.com) 
 */

FILE_DESCRIPTION(
/* description */ (''),
/* implementation_level */ '2;1');

FILE_NAME(
/* name */ 'top_cover.step',
/* time_stamp */ '2026-09-13T11:24:51+08:00',
/* author */ (''),
/* organization */ (''),
/* preprocessor_version */ 'ST-DEVELOPER v20.2',
/* originating_system */ 'Autodesk Translation Framework v15.15.0.0',
/* authorisation */ '');

FILE_SCHEMA (('AUTOMOTIVE_DESIGN { 1 0 10303 214 3 1 1 }'));
ENDSEC;

DATA;
#10=MECHANICAL_DESIGN_GEOMETRIC_PRESENTATION_REPRESENTATION('',(#13),#3603);
#11=SHAPE_REPRESENTATION_RELATIONSHIP('SRR','None',#3610,#12);
#12=ADVANCED_BREP_SHAPE_REPRESENTATION('',(#14),#3602);
#13=STYLED_ITEM('',(#3620),#14);
#14=MANIFOLD_SOLID_BREP('Body1',#1847);
#15=FACE_BOUND('',#356,.T.);
#16=FACE_BOUND('',#357,.T.);
#17=FACE_BOUND('',#358,.T.);
#18=FACE_BOUND('',#359,.T.);
#19=FACE_BOUND('',#360,.T.);
#20=FACE_BOUND('',#361,.T.);
#21=FACE_BOUND('',#362,.T.);
#22=FACE_BOUND('',#363,.T.);
#23=FACE_BOUND('',#364,.T.);
#24=FACE_BOUND('',#365,.T.);
#25=FACE_BOUND('',#368,.T.);
#26=FACE_BOUND('',#369,.T.);
#27=FACE_BOUND('',#370,.T.);
#28=FACE_BOUND('',#371,.T.);
#29=FACE_BOUND('',#372,.T.);
#30=FACE_BOUND('',#373,.T.);
#31=FACE_BOUND('',#374,.T.);
#32=FACE_BOUND('',#375,.T.);
#33=FACE_BOUND('',#376,.T.);
#34=FACE_BOUND('',#377,.T.);
#35=FACE_BOUND('',#378,.T.);
#36=FACE_BOUND('',#379,.T.);
#37=FACE_BOUND('',#380,.T.);
#38=FACE_BOUND('',#381,.T.);
#39=CIRCLE('',#1902,1.4585);
#40=CIRCLE('',#1903,1.4585);
#41=CIRCLE('',#1906,1.4585);
#42=CIRCLE('',#1907,1.4585);
#43=CIRCLE('',#1910,1.4585);
#44=CIRCLE('',#1911,1.4585);
#45=CIRCLE('',#1914,1.4585);
#46=CIRCLE('',#1915,1.4585);
#47=CYLINDRICAL_SURFACE('',#1901,1.4585);
#48=CYLINDRICAL_SURFACE('',#1905,1.4585);
#49=CYLINDRICAL_SURFACE('',#1909,1.4585);
#50=CYLINDRICAL_SURFACE('',#1913,1.4585);
#51=B_SPLINE_CURVE_WITH_KNOTS('',3,(#2252,#2253,#2254,#2255),
 .UNSPECIFIED.,.F.,.F.,(4,4),(0.,0.789663366431768),.UNSPECIFIED.);
#52=B_SPLINE_CURVE_WITH_KNOTS('',3,(#2257,#2258,#2259,#2260),
 .UNSPECIFIED.,.F.,.F.,(4,4),(0.,0.789651235448169),.UNSPECIFIED.);
#53=B_SPLINE_CURVE_WITH_KNOTS('',3,(#2285,#2286,#2287,#2288),
 .UNSPECIFIED.,.F.,.F.,(4,4),(0.,0.789651235448357),.UNSPECIFIED.);
#54=B_SPLINE_CURVE_WITH_KNOTS('',3,(#2290,#2291,#2292,#2293),
 .UNSPECIFIED.,.F.,.F.,(4,4),(0.,0.789663366432141),.UNSPECIFIED.);
#55=B_SPLINE_CURVE_WITH_KNOTS('',3,(#2318,#2319,#2320,#2321),
 .UNSPECIFIED.,.F.,.F.,(4,4),(0.,0.789663366432227),.UNSPECIFIED.);
#56=B_SPLINE_CURVE_WITH_KNOTS('',3,(#2323,#2324,#2325,#2326),
 .UNSPECIFIED.,.F.,.F.,(4,4),(0.,0.789651235448134),.UNSPECIFIED.);
#57=B_SPLINE_CURVE_WITH_KNOTS('',3,(#2350,#2351,#2352,#2353),
 .UNSPECIFIED.,.F.,.F.,(4,4),(0.,0.789651235447874),.UNSPECIFIED.);
#58=B_SPLINE_CURVE_WITH_KNOTS('',3,(#2354,#2355,#2356,#2357),
 .UNSPECIFIED.,.F.,.F.,(4,4),(0.,0.789663366432019),.UNSPECIFIED.);
#59=B_SPLINE_CURVE_WITH_KNOTS('',3,(#2376,#2377,#2378,#2379),
 .UNSPECIFIED.,.F.,.F.,(4,4),(0.,0.789651235448082),.UNSPECIFIED.);
#60=B_SPLINE_CURVE_WITH_KNOTS('',3,(#2383,#2384,#2385,#2386),
 .UNSPECIFIED.,.F.,.F.,(4,4),(0.,0.789663366431015),.UNSPECIFIED.);
#61=B_SPLINE_CURVE_WITH_KNOTS('',3,(#2411,#2412,#2413,#2414),
 .UNSPECIFIED.,.F.,.F.,(4,4),(0.,0.789663366431419),.UNSPECIFIED.);
#62=B_SPLINE_CURVE_WITH_KNOTS('',3,(#2416,#2417,#2418,#2419),
 .UNSPECIFIED.,.F.,.F.,(4,4),(0.,0.789651235448141),.UNSPECIFIED.);
#63=B_SPLINE_CURVE_WITH_KNOTS('',3,(#2444,#2445,#2446,#2447),
 .UNSPECIFIED.,.F.,.F.,(4,4),(0.,0.789651235448653),.UNSPECIFIED.);
#64=B_SPLINE_CURVE_WITH_KNOTS('',3,(#2449,#2450,#2451,#2452),
 .UNSPECIFIED.,.F.,.F.,(4,4),(0.,0.789663366431809),.UNSPECIFIED.);
#65=B_SPLINE_CURVE_WITH_KNOTS('',3,(#2477,#2478,#2479,#2480),
 .UNSPECIFIED.,.F.,.F.,(4,4),(0.,0.789663366432209),.UNSPECIFIED.);
#66=B_SPLINE_CURVE_WITH_KNOTS('',3,(#2482,#2483,#2484,#2485),
 .UNSPECIFIED.,.F.,.F.,(4,4),(0.,0.789651235448285),.UNSPECIFIED.);
#67=B_SPLINE_CURVE_WITH_KNOTS('',3,(#2508,#2509,#2510,#2511),
 .UNSPECIFIED.,.F.,.F.,(4,4),(0.,0.789651235448071),.UNSPECIFIED.);
#68=B_SPLINE_CURVE_WITH_KNOTS('',3,(#2515,#2516,#2517,#2518),
 .UNSPECIFIED.,.F.,.F.,(4,4),(0.,0.789663366431677),.UNSPECIFIED.);
#69=B_SPLINE_CURVE_WITH_KNOTS('',3,(#2543,#2544,#2545,#2546),
 .UNSPECIFIED.,.F.,.F.,(4,4),(0.,0.7896633664317),.UNSPECIFIED.);
#70=B_SPLINE_CURVE_WITH_KNOTS('',3,(#2548,#2549,#2550,#2551),
 .UNSPECIFIED.,.F.,.F.,(4,4),(0.,0.789651235448355),.UNSPECIFIED.);
#71=B_SPLINE_CURVE_WITH_KNOTS('',3,(#2576,#2577,#2578,#2579),
 .UNSPECIFIED.,.F.,.F.,(4,4),(0.,0.789651235448354),.UNSPECIFIED.);
#72=B_SPLINE_CURVE_WITH_KNOTS('',3,(#2581,#2582,#2583,#2584),
 .UNSPECIFIED.,.F.,.F.,(4,4),(0.,0.789663366431682),.UNSPECIFIED.);
#73=B_SPLINE_CURVE_WITH_KNOTS('',3,(#2609,#2610,#2611,#2612),
 .UNSPECIFIED.,.F.,.F.,(4,4),(0.,0.789663366431697),.UNSPECIFIED.);
#74=B_SPLINE_CURVE_WITH_KNOTS('',3,(#2614,#2615,#2616,#2617),
 .UNSPECIFIED.,.F.,.F.,(4,4),(0.,0.789651235448069),.UNSPECIFIED.);
#75=B_SPLINE_CURVE_WITH_KNOTS('',3,(#2640,#2641,#2642,#2643),
 .UNSPECIFIED.,.F.,.F.,(4,4),(0.,0.789651235448134),.UNSPECIFIED.);
#76=B_SPLINE_CURVE_WITH_KNOTS('',3,(#2647,#2648,#2649,#2650),
 .UNSPECIFIED.,.F.,.F.,(4,4),(0.,0.789663366432227),.UNSPECIFIED.);
#77=B_SPLINE_CURVE_WITH_KNOTS('',3,(#2675,#2676,#2677,#2678),
 .UNSPECIFIED.,.F.,.F.,(4,4),(0.,0.789663366432269),.UNSPECIFIED.);
#78=B_SPLINE_CURVE_WITH_KNOTS('',3,(#2680,#2681,#2682,#2683),
 .UNSPECIFIED.,.F.,.F.,(4,4),(0.,0.78965123544827),.UNSPECIFIED.);
#79=B_SPLINE_CURVE_WITH_KNOTS('',3,(#2708,#2709,#2710,#2711),
 .UNSPECIFIED.,.F.,.F.,(4,4),(0.,0.789651235448417),.UNSPECIFIED.);
#80=B_SPLINE_CURVE_WITH_KNOTS('',3,(#2713,#2714,#2715,#2716),
 .UNSPECIFIED.,.F.,.F.,(4,4),(0.,0.789663366431717),.UNSPECIFIED.);
#81=B_SPLINE_CURVE_WITH_KNOTS('',3,(#2741,#2742,#2743,#2744),
 .UNSPECIFIED.,.F.,.F.,(4,4),(0.,0.789663366432019),.UNSPECIFIED.);
#82=B_SPLINE_CURVE_WITH_KNOTS('',3,(#2746,#2747,#2748,#2749),
 .UNSPECIFIED.,.F.,.F.,(4,4),(0.,0.789651235447874),.UNSPECIFIED.);
#83=B_SPLINE_CURVE_WITH_KNOTS('',3,(#2772,#2773,#2774,#2775),
 .UNSPECIFIED.,.F.,.F.,(4,4),(0.,0.789651235448272),.UNSPECIFIED.);
#84=B_SPLINE_CURVE_WITH_KNOTS('',3,(#2779,#2780,#2781,#2782),
 .UNSPECIFIED.,.F.,.F.,(4,4),(0.,0.789663366431757),.UNSPECIFIED.);
#85=B_SPLINE_CURVE_WITH_KNOTS('',3,(#2807,#2808,#2809,#2810),
 .UNSPECIFIED.,.F.,.F.,(4,4),(0.,0.789663366431677),.UNSPECIFIED.);
#86=B_SPLINE_CURVE_WITH_KNOTS('',3,(#2812,#2813,#2814,#2815),
 .UNSPECIFIED.,.F.,.F.,(4,4),(0.,0.789651235448071),.UNSPECIFIED.);
#87=B_SPLINE_CURVE_WITH_KNOTS('',3,(#2840,#2841,#2842,#2843),
 .UNSPECIFIED.,.F.,.F.,(4,4),(0.,0.789651235448069),.UNSPECIFIED.);
#88=B_SPLINE_CURVE_WITH_KNOTS('',3,(#2845,#2846,#2847,#2848),
 .UNSPECIFIED.,.F.,.F.,(4,4),(0.,0.789663366431697),.UNSPECIFIED.);
#89=B_SPLINE_CURVE_WITH_KNOTS('',3,(#2873,#2874,#2875,#2876),
 .UNSPECIFIED.,.F.,.F.,(4,4),(0.,0.789663366431776),.UNSPECIFIED.);
#90=B_SPLINE_CURVE_WITH_KNOTS('',3,(#2878,#2879,#2880,#2881),
 .UNSPECIFIED.,.F.,.F.,(4,4),(0.,0.78965123544835),.UNSPECIFIED.);
#91=B_SPLINE_CURVE_WITH_KNOTS('',3,(#2912,#2913,#2914,#2915),
 .UNSPECIFIED.,.F.,.F.,(4,4),(0.,0.789663366431748),.UNSPECIFIED.);
#92=B_SPLINE_CURVE_WITH_KNOTS('',3,(#2917,#2918,#2919,#2920),
 .UNSPECIFIED.,.F.,.F.,(4,4),(0.,0.789651235448414),.UNSPECIFIED.);
#93=B_SPLINE_CURVE_WITH_KNOTS('',3,(#2945,#2946,#2947,#2948),
 .UNSPECIFIED.,.F.,.F.,(4,4),(0.,0.789651235447843),.UNSPECIFIED.);
#94=B_SPLINE_CURVE_WITH_KNOTS('',3,(#2950,#2951,#2952,#2953),
 .UNSPECIFIED.,.F.,.F.,(4,4),(0.,0.789663366432117),.UNSPECIFIED.);
#95=B_SPLINE_CURVE_WITH_KNOTS('',3,(#2978,#2979,#2980,#2981),
 .UNSPECIFIED.,.F.,.F.,(4,4),(0.,0.789663366432069),.UNSPECIFIED.);
#96=B_SPLINE_CURVE_WITH_KNOTS('',3,(#2983,#2984,#2985,#2986),
 .UNSPECIFIED.,.F.,.F.,(4,4),(0.,0.789651235448056),.UNSPECIFIED.);
#97=B_SPLINE_CURVE_WITH_KNOTS('',3,(#3010,#3011,#3012,#3013),
 .UNSPECIFIED.,.F.,.F.,(4,4),(0.,0.789651235448041),.UNSPECIFIED.);
#98=B_SPLINE_CURVE_WITH_KNOTS('',3,(#3014,#3015,#3016,#3017),
 .UNSPECIFIED.,.F.,.F.,(4,4),(0.,0.789663366431951),.UNSPECIFIED.);
#99=B_SPLINE_CURVE_WITH_KNOTS('',3,(#3044,#3045,#3046,#3047),
 .UNSPECIFIED.,.F.,.F.,(4,4),(0.,0.789663366431893),.UNSPECIFIED.);
#100=B_SPLINE_CURVE_WITH_KNOTS('',3,(#3049,#3050,#3051,#3052),
 .UNSPECIFIED.,.F.,.F.,(4,4),(0.,0.789651235448496),.UNSPECIFIED.);
#101=B_SPLINE_CURVE_WITH_KNOTS('',3,(#3077,#3078,#3079,#3080),
 .UNSPECIFIED.,.F.,.F.,(4,4),(0.,0.789651235448404),.UNSPECIFIED.);
#102=B_SPLINE_CURVE_WITH_KNOTS('',3,(#3082,#3083,#3084,#3085),
 .UNSPECIFIED.,.F.,.F.,(4,4),(0.,0.789663366431387),.UNSPECIFIED.);
#103=B_SPLINE_CURVE_WITH_KNOTS('',3,(#3110,#3111,#3112,#3113),
 .UNSPECIFIED.,.F.,.F.,(4,4),(0.,0.789663366431015),.UNSPECIFIED.);
#104=B_SPLINE_CURVE_WITH_KNOTS('',3,(#3115,#3116,#3117,#3118),
 .UNSPECIFIED.,.F.,.F.,(4,4),(0.,0.789651235448082),.UNSPECIFIED.);
#105=B_SPLINE_CURVE_WITH_KNOTS('',3,(#3142,#3143,#3144,#3145),
 .UNSPECIFIED.,.F.,.F.,(4,4),(0.,0.789651235448285),.UNSPECIFIED.);
#106=B_SPLINE_CURVE_WITH_KNOTS('',3,(#3146,#3147,#3148,#3149),
 .UNSPECIFIED.,.F.,.F.,(4,4),(0.,0.789663366432209),.UNSPECIFIED.);
#107=B_SPLINE_CURVE_WITH_KNOTS('',3,(#3176,#3177,#3178,#3179),
 .UNSPECIFIED.,.F.,.F.,(4,4),(0.,0.789663366431951),.UNSPECIFIED.);
#108=B_SPLINE_CURVE_WITH_KNOTS('',3,(#3181,#3182,#3183,#3184),
 .UNSPECIFIED.,.F.,.F.,(4,4),(0.,0.789651235448041),.UNSPECIFIED.);
#109=B_SPLINE_CURVE_WITH_KNOTS('',3,(#3209,#3210,#3211,#3212),
 .UNSPECIFIED.,.F.,.F.,(4,4),(0.,0.789651235448056),.UNSPECIFIED.);
#110=B_SPLINE_CURVE_WITH_KNOTS('',3,(#3214,#3215,#3216,#3217),
 .UNSPECIFIED.,.F.,.F.,(4,4),(0.,0.789663366432069),.UNSPECIFIED.);
#111=B_SPLINE_CURVE_WITH_KNOTS('',3,(#3242,#3243,#3244,#3245),
 .UNSPECIFIED.,.F.,.F.,(4,4),(0.,0.789663366432163),.UNSPECIFIED.);
#112=B_SPLINE_CURVE_WITH_KNOTS('',3,(#3247,#3248,#3249,#3250),
 .UNSPECIFIED.,.F.,.F.,(4,4),(0.,0.789651235448271),.UNSPECIFIED.);
#113=B_SPLINE_CURVE_WITH_KNOTS('',3,(#3274,#3275,#3276,#3277),
 .UNSPECIFIED.,.F.,.F.,(4,4),(0.,0.789651235448367),.UNSPECIFIED.);
#114=B_SPLINE_CURVE_WITH_KNOTS('',3,(#3278,#3279,#3280,#3281),
 .UNSPECIFIED.,.F.,.F.,(4,4),(0.,0.789663366431757),.UNSPECIFIED.);
#115=B_SPLINE_CURVE_WITH_KNOTS('',3,(#3308,#3309,#3310,#3311),
 .UNSPECIFIED.,.F.,.F.,(4,4),(0.,0.789663366432034),.UNSPECIFIED.);
#116=B_SPLINE_CURVE_WITH_KNOTS('',3,(#3313,#3314,#3315,#3316),
 .UNSPECIFIED.,.F.,.F.,(4,4),(0.,0.789651235448345),.UNSPECIFIED.);
#117=B_SPLINE_CURVE_WITH_KNOTS('',3,(#3341,#3342,#3343,#3344),
 .UNSPECIFIED.,.F.,.F.,(4,4),(0.,0.789651235448041),.UNSPECIFIED.);
#118=B_SPLINE_CURVE_WITH_KNOTS('',3,(#3346,#3347,#3348,#3349),
 .UNSPECIFIED.,.F.,.F.,(4,4),(0.,0.789663366431951),.UNSPECIFIED.);
#119=B_SPLINE_CURVE_WITH_KNOTS('',3,(#3374,#3375,#3376,#3377),
 .UNSPECIFIED.,.F.,.F.,(4,4),(0.,0.789663366431757),.UNSPECIFIED.);
#120=B_SPLINE_CURVE_WITH_KNOTS('',3,(#3379,#3380,#3381,#3382),
 .UNSPECIFIED.,.F.,.F.,(4,4),(0.,0.789651235448367),.UNSPECIFIED.);
#121=B_SPLINE_CURVE_WITH_KNOTS('',3,(#3406,#3407,#3408,#3409),
 .UNSPECIFIED.,.F.,.F.,(4,4),(0.,0.789651235448531),.UNSPECIFIED.);
#122=B_SPLINE_CURVE_WITH_KNOTS('',3,(#3410,#3411,#3412,#3413),
 .UNSPECIFIED.,.F.,.F.,(4,4),(0.,0.789663366431295),.UNSPECIFIED.);
#123=B_SPLINE_CURVE_WITH_KNOTS('',3,(#3440,#3441,#3442,#3443),
 .UNSPECIFIED.,.F.,.F.,(4,4),(0.,0.789663366431579),.UNSPECIFIED.);
#124=B_SPLINE_CURVE_WITH_KNOTS('',3,(#3445,#3446,#3447,#3448),
 .UNSPECIFIED.,.F.,.F.,(4,4),(0.,0.789651235448406),.UNSPECIFIED.);
#125=B_SPLINE_CURVE_WITH_KNOTS('',3,(#3473,#3474,#3475,#3476),
 .UNSPECIFIED.,.F.,.F.,(4,4),(0.,0.78965123544837),.UNSPECIFIED.);
#126=B_SPLINE_CURVE_WITH_KNOTS('',3,(#3478,#3479,#3480,#3481),
 .UNSPECIFIED.,.F.,.F.,(4,4),(0.,0.789663366431799),.UNSPECIFIED.);
#127=B_SPLINE_CURVE_WITH_KNOTS('',3,(#3506,#3507,#3508,#3509),
 .UNSPECIFIED.,.F.,.F.,(4,4),(0.,0.789663366431951),.UNSPECIFIED.);
#128=B_SPLINE_CURVE_WITH_KNOTS('',3,(#3511,#3512,#3513,#3514),
 .UNSPECIFIED.,.F.,.F.,(4,4),(0.,0.789651235448041),.UNSPECIFIED.);
#129=B_SPLINE_CURVE_WITH_KNOTS('',3,(#3538,#3539,#3540,#3541),
 .UNSPECIFIED.,.F.,.F.,(4,4),(0.,0.789651235448345),.UNSPECIFIED.);
#130=B_SPLINE_CURVE_WITH_KNOTS('',3,(#3542,#3543,#3544,#3545),
 .UNSPECIFIED.,.F.,.F.,(4,4),(0.,0.789663366432034),.UNSPECIFIED.);
#131=B_SPLINE_SURFACE_WITH_KNOTS('',3,3,((#2235,#2236,#2237,#2238),(#2239,
#2240,#2241,#2242),(#2243,#2244,#2245,#2246),(#2247,#2248,#2249,#2250)),
 .UNSPECIFIED.,.F.,.F.,.F.,(4,4),(4,4),(-1.,0.),(0.0561886136553314,9.9438113863448),
 .UNSPECIFIED.);
#132=B_SPLINE_SURFACE_WITH_KNOTS('',3,3,((#2268,#2269,#2270,#2271),(#2272,
#2273,#2274,#2275),(#2276,#2277,#2278,#2279),(#2280,#2281,#2282,#2283)),
 .UNSPECIFIED.,.F.,.F.,.F.,(4,4),(4,4),(-1.,0.),(0.0561886136553308,9.9438113863448),
 .UNSPECIFIED.);
#133=B_SPLINE_SURFACE_WITH_KNOTS('',3,3,((#2301,#2302,#2303,#2304),(#2305,
#2306,#2307,#2308),(#2309,#2310,#2311,#2312),(#2313,#2314,#2315,#2316)),
 .UNSPECIFIED.,.F.,.F.,.F.,(4,4),(4,4),(-1.,0.),(0.0561886136553255,9.9438113863448),
 .UNSPECIFIED.);
#134=B_SPLINE_SURFACE_WITH_KNOTS('',3,3,((#2334,#2335,#2336,#2337),(#2338,
#2339,#2340,#2341),(#2342,#2343,#2344,#2345),(#2346,#2347,#2348,#2349)),
 .UNSPECIFIED.,.F.,.F.,.F.,(4,4),(4,4),(-1.,0.),(0.0561886136553255,9.9438113863448),
 .UNSPECIFIED.);
#135=B_SPLINE_SURFACE_WITH_KNOTS('',3,3,((#2358,#2359,#2360,#2361),(#2362,
#2363,#2364,#2365),(#2366,#2367,#2368,#2369),(#2370,#2371,#2372,#2373)),
 .UNSPECIFIED.,.F.,.F.,.F.,(4,4),(4,4),(-1.,0.),(0.0561886136553324,9.94381138634481),
 .UNSPECIFIED.);
#136=B_SPLINE_SURFACE_WITH_KNOTS('',3,3,((#2394,#2395,#2396,#2397),(#2398,
#2399,#2400,#2401),(#2402,#2403,#2404,#2405),(#2406,#2407,#2408,#2409)),
 .UNSPECIFIED.,.F.,.F.,.F.,(4,4),(4,4),(-1.,0.),(0.0561886136553288,9.94381138634481),
 .UNSPECIFIED.);
#137=B_SPLINE_SURFACE_WITH_KNOTS('',3,3,((#2427,#2428,#2429,#2430),(#2431,
#2432,#2433,#2434),(#2435,#2436,#2437,#2438),(#2439,#2440,#2441,#2442)),
 .UNSPECIFIED.,.F.,.F.,.F.,(4,4),(4,4),(-1.,0.),(0.0561886136553288,9.94381138634481),
 .UNSPECIFIED.);
#138=B_SPLINE_SURFACE_WITH_KNOTS('',3,3,((#2460,#2461,#2462,#2463),(#2464,
#2465,#2466,#2467),(#2468,#2469,#2470,#2471),(#2472,#2473,#2474,#2475)),
 .UNSPECIFIED.,.F.,.F.,.F.,(4,4),(4,4),(-1.,0.),(0.0561886136553324,9.94381138634481),
 .UNSPECIFIED.);
#139=B_SPLINE_SURFACE_WITH_KNOTS('',3,3,((#2490,#2491,#2492,#2493),(#2494,
#2495,#2496,#2497),(#2498,#2499,#2500,#2501),(#2502,#2503,#2504,#2505)),
 .UNSPECIFIED.,.F.,.F.,.F.,(4,4),(4,4),(-1.,0.),(0.0561886136553324,9.94381138634481),
 .UNSPECIFIED.);
#140=B_SPLINE_SURFACE_WITH_KNOTS('',3,3,((#2526,#2527,#2528,#2529),(#2530,
#2531,#2532,#2533),(#2534,#2535,#2536,#2537),(#2538,#2539,#2540,#2541)),
 .UNSPECIFIED.,.F.,.F.,.F.,(4,4),(4,4),(-1.,0.),(0.0561886136553288,9.94381138634481),
 .UNSPECIFIED.);
#141=B_SPLINE_SURFACE_WITH_KNOTS('',3,3,((#2559,#2560,#2561,#2562),(#2563,
#2564,#2565,#2566),(#2567,#2568,#2569,#2570),(#2571,#2572,#2573,#2574)),
 .UNSPECIFIED.,.F.,.F.,.F.,(4,4),(4,4),(-1.,0.),(0.0561886136553288,9.94381138634481),
 .UNSPECIFIED.);
#142=B_SPLINE_SURFACE_WITH_KNOTS('',3,3,((#2592,#2593,#2594,#2595),(#2596,
#2597,#2598,#2599),(#2600,#2601,#2602,#2603),(#2604,#2605,#2606,#2607)),
 .UNSPECIFIED.,.F.,.F.,.F.,(4,4),(4,4),(-1.,0.),(0.0561886136553324,9.94381138634481),
 .UNSPECIFIED.);
#143=B_SPLINE_SURFACE_WITH_KNOTS('',3,3,((#2622,#2623,#2624,#2625),(#2626,
#2627,#2628,#2629),(#2630,#2631,#2632,#2633),(#2634,#2635,#2636,#2637)),
 .UNSPECIFIED.,.F.,.F.,.F.,(4,4),(4,4),(-1.,0.),(0.0561886136553324,9.94381138634481),
 .UNSPECIFIED.);
#144=B_SPLINE_SURFACE_WITH_KNOTS('',3,3,((#2658,#2659,#2660,#2661),(#2662,
#2663,#2664,#2665),(#2666,#2667,#2668,#2669),(#2670,#2671,#2672,#2673)),
 .UNSPECIFIED.,.F.,.F.,.F.,(4,4),(4,4),(-1.,0.),(0.0561886136553288,9.94381138634481),
 .UNSPECIFIED.);
#145=B_SPLINE_SURFACE_WITH_KNOTS('',3,3,((#2691,#2692,#2693,#2694),(#2695,
#2696,#2697,#2698),(#2699,#2700,#2701,#2702),(#2703,#2704,#2705,#2706)),
 .UNSPECIFIED.,.F.,.F.,.F.,(4,4),(4,4),(-1.,0.),(0.0561886136553288,9.94381138634481),
 .UNSPECIFIED.);
#146=B_SPLINE_SURFACE_WITH_KNOTS('',3,3,((#2724,#2725,#2726,#2727),(#2728,
#2729,#2730,#2731),(#2732,#2733,#2734,#2735),(#2736,#2737,#2738,#2739)),
 .UNSPECIFIED.,.F.,.F.,.F.,(4,4),(4,4),(-1.,0.),(0.0561886136553324,9.94381138634481),
 .UNSPECIFIED.);
#147=B_SPLINE_SURFACE_WITH_KNOTS('',3,3,((#2754,#2755,#2756,#2757),(#2758,
#2759,#2760,#2761),(#2762,#2763,#2764,#2765),(#2766,#2767,#2768,#2769)),
 .UNSPECIFIED.,.F.,.F.,.F.,(4,4),(4,4),(-1.,0.),(0.0561886136553308,9.9438113863448),
 .UNSPECIFIED.);
#148=B_SPLINE_SURFACE_WITH_KNOTS('',3,3,((#2790,#2791,#2792,#2793),(#2794,
#2795,#2796,#2797),(#2798,#2799,#2800,#2801),(#2802,#2803,#2804,#2805)),
 .UNSPECIFIED.,.F.,.F.,.F.,(4,4),(4,4),(-1.,0.),(0.0561886136553255,9.9438113863448),
 .UNSPECIFIED.);
#149=B_SPLINE_SURFACE_WITH_KNOTS('',3,3,((#2823,#2824,#2825,#2826),(#2827,
#2828,#2829,#2830),(#2831,#2832,#2833,#2834),(#2835,#2836,#2837,#2838)),
 .UNSPECIFIED.,.F.,.F.,.F.,(4,4),(4,4),(-1.,0.),(0.0561886136553255,9.9438113863448),
 .UNSPECIFIED.);
#150=B_SPLINE_SURFACE_WITH_KNOTS('',3,3,((#2856,#2857,#2858,#2859),(#2860,
#2861,#2862,#2863),(#2864,#2865,#2866,#2867),(#2868,#2869,#2870,#2871)),
 .UNSPECIFIED.,.F.,.F.,.F.,(4,4),(4,4),(-1.,0.),(0.0561886136553314,9.9438113863448),
 .UNSPECIFIED.);
#151=B_SPLINE_SURFACE_WITH_KNOTS('',3,3,((#2895,#2896,#2897,#2898),(#2899,
#2900,#2901,#2902),(#2903,#2904,#2905,#2906),(#2907,#2908,#2909,#2910)),
 .UNSPECIFIED.,.F.,.F.,.F.,(4,4),(4,4),(-1.,0.),(0.0561886136553314,9.9438113863448),
 .UNSPECIFIED.);
#152=B_SPLINE_SURFACE_WITH_KNOTS('',3,3,((#2928,#2929,#2930,#2931),(#2932,
#2933,#2934,#2935),(#2936,#2937,#2938,#2939),(#2940,#2941,#2942,#2943)),
 .UNSPECIFIED.,.F.,.F.,.F.,(4,4),(4,4),(-1.,0.),(0.0561886136553308,9.9438113863448),
 .UNSPECIFIED.);
#153=B_SPLINE_SURFACE_WITH_KNOTS('',3,3,((#2961,#2962,#2963,#2964),(#2965,
#2966,#2967,#2968),(#2969,#2970,#2971,#2972),(#2973,#2974,#2975,#2976)),
 .UNSPECIFIED.,.F.,.F.,.F.,(4,4),(4,4),(-1.,0.),(0.0561886136553255,9.9438113863448),
 .UNSPECIFIED.);
#154=B_SPLINE_SURFACE_WITH_KNOTS('',3,3,((#2994,#2995,#2996,#2997),(#2998,
#2999,#3000,#3001),(#3002,#3003,#3004,#3005),(#3006,#3007,#3008,#3009)),
 .UNSPECIFIED.,.F.,.F.,.F.,(4,4),(4,4),(-1.,0.),(0.0561886136553255,9.9438113863448),
 .UNSPECIFIED.);
#155=B_SPLINE_SURFACE_WITH_KNOTS('',3,3,((#3027,#3028,#3029,#3030),(#3031,
#3032,#3033,#3034),(#3035,#3036,#3037,#3038),(#3039,#3040,#3041,#3042)),
 .UNSPECIFIED.,.F.,.F.,.F.,(4,4),(4,4),(-1.,0.),(0.0561886136553314,9.9438113863448),
 .UNSPECIFIED.);
#156=B_SPLINE_SURFACE_WITH_KNOTS('',3,3,((#3060,#3061,#3062,#3063),(#3064,
#3065,#3066,#3067),(#3068,#3069,#3070,#3071),(#3072,#3073,#3074,#3075)),
 .UNSPECIFIED.,.F.,.F.,.F.,(4,4),(4,4),(-1.,0.),(0.0561886136553308,9.9438113863448),
 .UNSPECIFIED.);
#157=B_SPLINE_SURFACE_WITH_KNOTS('',3,3,((#3093,#3094,#3095,#3096),(#3097,
#3098,#3099,#3100),(#3101,#3102,#3103,#3104),(#3105,#3106,#3107,#3108)),
 .UNSPECIFIED.,.F.,.F.,.F.,(4,4),(4,4),(-1.,0.),(0.0561886136553255,9.9438113863448),
 .UNSPECIFIED.);
#158=B_SPLINE_SURFACE_WITH_KNOTS('',3,3,((#3126,#3127,#3128,#3129),(#3130,
#3131,#3132,#3133),(#3134,#3135,#3136,#3137),(#3138,#3139,#3140,#3141)),
 .UNSPECIFIED.,.F.,.F.,.F.,(4,4),(4,4),(-1.,0.),(0.0561886136553255,9.9438113863448),
 .UNSPECIFIED.);
#159=B_SPLINE_SURFACE_WITH_KNOTS('',3,3,((#3159,#3160,#3161,#3162),(#3163,
#3164,#3165,#3166),(#3167,#3168,#3169,#3170),(#3171,#3172,#3173,#3174)),
 .UNSPECIFIED.,.F.,.F.,.F.,(4,4),(4,4),(-1.,0.),(0.0561886136553324,9.94381138634481),
 .UNSPECIFIED.);
#160=B_SPLINE_SURFACE_WITH_KNOTS('',3,3,((#3192,#3193,#3194,#3195),(#3196,
#3197,#3198,#3199),(#3200,#3201,#3202,#3203),(#3204,#3205,#3206,#3207)),
 .UNSPECIFIED.,.F.,.F.,.F.,(4,4),(4,4),(-1.,0.),(0.0561886136553324,9.94381138634481),
 .UNSPECIFIED.);
#161=B_SPLINE_SURFACE_WITH_KNOTS('',3,3,((#3225,#3226,#3227,#3228),(#3229,
#3230,#3231,#3232),(#3233,#3234,#3235,#3236),(#3237,#3238,#3239,#3240)),
 .UNSPECIFIED.,.F.,.F.,.F.,(4,4),(4,4),(-1.,0.),(0.0561886136553288,9.94381138634481),
 .UNSPECIFIED.);
#162=B_SPLINE_SURFACE_WITH_KNOTS('',3,3,((#3258,#3259,#3260,#3261),(#3262,
#3263,#3264,#3265),(#3266,#3267,#3268,#3269),(#3270,#3271,#3272,#3273)),
 .UNSPECIFIED.,.F.,.F.,.F.,(4,4),(4,4),(-1.,0.),(0.0561886136553288,9.94381138634481),
 .UNSPECIFIED.);
#163=B_SPLINE_SURFACE_WITH_KNOTS('',3,3,((#3291,#3292,#3293,#3294),(#3295,
#3296,#3297,#3298),(#3299,#3300,#3301,#3302),(#3303,#3304,#3305,#3306)),
 .UNSPECIFIED.,.F.,.F.,.F.,(4,4),(4,4),(-1.,0.),(0.0561886136553324,9.94381138634481),
 .UNSPECIFIED.);
#164=B_SPLINE_SURFACE_WITH_KNOTS('',3,3,((#3324,#3325,#3326,#3327),(#3328,
#3329,#3330,#3331),(#3332,#3333,#3334,#3335),(#3336,#3337,#3338,#3339)),
 .UNSPECIFIED.,.F.,.F.,.F.,(4,4),(4,4),(-1.,0.),(0.0561886136553324,9.94381138634481),
 .UNSPECIFIED.);
#165=B_SPLINE_SURFACE_WITH_KNOTS('',3,3,((#3357,#3358,#3359,#3360),(#3361,
#3362,#3363,#3364),(#3365,#3366,#3367,#3368),(#3369,#3370,#3371,#3372)),
 .UNSPECIFIED.,.F.,.F.,.F.,(4,4),(4,4),(-1.,0.),(0.0561886136553288,9.94381138634481),
 .UNSPECIFIED.);
#166=B_SPLINE_SURFACE_WITH_KNOTS('',3,3,((#3390,#3391,#3392,#3393),(#3394,
#3395,#3396,#3397),(#3398,#3399,#3400,#3401),(#3402,#3403,#3404,#3405)),
 .UNSPECIFIED.,.F.,.F.,.F.,(4,4),(4,4),(-1.,0.),(0.0561886136553288,9.94381138634481),
 .UNSPECIFIED.);
#167=B_SPLINE_SURFACE_WITH_KNOTS('',3,3,((#3423,#3424,#3425,#3426),(#3427,
#3428,#3429,#3430),(#3431,#3432,#3433,#3434),(#3435,#3436,#3437,#3438)),
 .UNSPECIFIED.,.F.,.F.,.F.,(4,4),(4,4),(-1.,0.),(0.0561886136553314,9.9438113863448),
 .UNSPECIFIED.);
#168=B_SPLINE_SURFACE_WITH_KNOTS('',3,3,((#3456,#3457,#3458,#3459),(#3460,
#3461,#3462,#3463),(#3464,#3465,#3466,#3467),(#3468,#3469,#3470,#3471)),
 .UNSPECIFIED.,.F.,.F.,.F.,(4,4),(4,4),(-1.,0.),(0.0561886136553308,9.9438113863448),
 .UNSPECIFIED.);
#169=B_SPLINE_SURFACE_WITH_KNOTS('',3,3,((#3489,#3490,#3491,#3492),(#3493,
#3494,#3495,#3496),(#3497,#3498,#3499,#3500),(#3501,#3502,#3503,#3504)),
 .UNSPECIFIED.,.F.,.F.,.F.,(4,4),(4,4),(-1.,0.),(0.0561886136553255,9.9438113863448),
 .UNSPECIFIED.);
#170=B_SPLINE_SURFACE_WITH_KNOTS('',3,3,((#3522,#3523,#3524,#3525),(#3526,
#3527,#3528,#3529),(#3530,#3531,#3532,#3533),(#3534,#3535,#3536,#3537)),
 .UNSPECIFIED.,.F.,.F.,.F.,(4,4),(4,4),(-1.,0.),(0.0561886136553255,9.9438113863448),
 .UNSPECIFIED.);
#171=FACE_OUTER_BOUND('',#265,.T.);
#172=FACE_OUTER_BOUND('',#266,.T.);
#173=FACE_OUTER_BOUND('',#267,.T.);
#174=FACE_OUTER_BOUND('',#268,.T.);
#175=FACE_OUTER_BOUND('',#269,.T.);
#176=FACE_OUTER_BOUND('',#270,.T.);
#177=FACE_OUTER_BOUND('',#271,.T.);
#178=FACE_OUTER_BOUND('',#272,.T.);
#179=FACE_OUTER_BOUND('',#273,.T.);
#180=FACE_OUTER_BOUND('',#274,.T.);
#181=FACE_OUTER_BOUND('',#275,.T.);
#182=FACE_OUTER_BOUND('',#276,.T.);
#183=FACE_OUTER_BOUND('',#277,.T.);
#184=FACE_OUTER_BOUND('',#278,.T.);
#185=FACE_OUTER_BOUND('',#279,.T.);
#186=FACE_OUTER_BOUND('',#280,.T.);
#187=FACE_OUTER_BOUND('',#281,.T.);
#188=FACE_OUTER_BOUND('',#282,.T.);
#189=FACE_OUTER_BOUND('',#283,.T.);
#190=FACE_OUTER_BOUND('',#284,.T.);
#191=FACE_OUTER_BOUND('',#285,.T.);
#192=FACE_OUTER_BOUND('',#286,.T.);
#193=FACE_OUTER_BOUND('',#287,.T.);
#194=FACE_OUTER_BOUND('',#288,.T.);
#195=FACE_OUTER_BOUND('',#289,.T.);
#196=FACE_OUTER_BOUND('',#290,.T.);
#197=FACE_OUTER_BOUND('',#291,.T.);
#198=FACE_OUTER_BOUND('',#292,.T.);
#199=FACE_OUTER_BOUND('',#293,.T.);
#200=FACE_OUTER_BOUND('',#294,.T.);
#201=FACE_OUTER_BOUND('',#295,.T.);
#202=FACE_OUTER_BOUND('',#296,.T.);
#203=FACE_OUTER_BOUND('',#297,.T.);
#204=FACE_OUTER_BOUND('',#298,.T.);
#205=FACE_OUTER_BOUND('',#299,.T.);
#206=FACE_OUTER_BOUND('',#300,.T.);
#207=FACE_OUTER_BOUND('',#301,.T.);
#208=FACE_OUTER_BOUND('',#302,.T.);
#209=FACE_OUTER_BOUND('',#303,.T.);
#210=FACE_OUTER_BOUND('',#304,.T.);
#211=FACE_OUTER_BOUND('',#305,.T.);
#212=FACE_OUTER_BOUND('',#306,.T.);
#213=FACE_OUTER_BOUND('',#307,.T.);
#214=FACE_OUTER_BOUND('',#308,.T.);
#215=FACE_OUTER_BOUND('',#309,.T.);
#216=FACE_OUTER_BOUND('',#310,.T.);
#217=FACE_OUTER_BOUND('',#311,.T.);
#218=FACE_OUTER_BOUND('',#312,.T.);
#219=FACE_OUTER_BOUND('',#313,.T.);
#220=FACE_OUTER_BOUND('',#314,.T.);
#221=FACE_OUTER_BOUND('',#315,.T.);
#222=FACE_OUTER_BOUND('',#316,.T.);
#223=FACE_OUTER_BOUND('',#317,.T.);
#224=FACE_OUTER_BOUND('',#318,.T.);
#225=FACE_OUTER_BOUND('',#319,.T.);
#226=FACE_OUTER_BOUND('',#320,.T.);
#227=FACE_OUTER_BOUND('',#321,.T.);
#228=FACE_OUTER_BOUND('',#322,.T.);
#229=FACE_OUTER_BOUND('',#323,.T.);
#230=FACE_OUTER_BOUND('',#324,.T.);
#231=FACE_OUTER_BOUND('',#325,.T.);
#232=FACE_OUTER_BOUND('',#326,.T.);
#233=FACE_OUTER_BOUND('',#327,.T.);
#234=FACE_OUTER_BOUND('',#328,.T.);
#235=FACE_OUTER_BOUND('',#329,.T.);
#236=FACE_OUTER_BOUND('',#330,.T.);
#237=FACE_OUTER_BOUND('',#331,.T.);
#238=FACE_OUTER_BOUND('',#332,.T.);
#239=FACE_OUTER_BOUND('',#333,.T.);
#240=FACE_OUTER_BOUND('',#334,.T.);
#241=FACE_OUTER_BOUND('',#335,.T.);
#242=FACE_OUTER_BOUND('',#336,.T.);
#243=FACE_OUTER_BOUND('',#337,.T.);
#244=FACE_OUTER_BOUND('',#338,.T.);
#245=FACE_OUTER_BOUND('',#339,.T.);
#246=FACE_OUTER_BOUND('',#340,.T.);
#247=FACE_OUTER_BOUND('',#341,.T.);
#248=FACE_OUTER_BOUND('',#342,.T.);
#249=FACE_OUTER_BOUND('',#343,.T.);
#250=FACE_OUTER_BOUND('',#344,.T.);
#251=FACE_OUTER_BOUND('',#345,.T.);
#252=FACE_OUTER_BOUND('',#346,.T.);
#253=FACE_OUTER_BOUND('',#347,.T.);
#254=FACE_OUTER_BOUND('',#348,.T.);
#255=FACE_OUTER_BOUND('',#349,.T.);
#256=FACE_OUTER_BOUND('',#350,.T.);
#257=FACE_OUTER_BOUND('',#351,.T.);
#258=FACE_OUTER_BOUND('',#352,.T.);
#259=FACE_OUTER_BOUND('',#353,.T.);
#260=FACE_OUTER_BOUND('',#354,.T.);
#261=FACE_OUTER_BOUND('',#355,.T.);
#262=FACE_OUTER_BOUND('',#366,.T.);
#263=FACE_OUTER_BOUND('',#367,.T.);
#264=FACE_OUTER_BOUND('',#382,.T.);
#265=EDGE_LOOP('',(#1175,#1176,#1177,#1178));
#266=EDGE_LOOP('',(#1179,#1180,#1181,#1182));
#267=EDGE_LOOP('',(#1183,#1184,#1185,#1186));
#268=EDGE_LOOP('',(#1187,#1188,#1189,#1190));
#269=EDGE_LOOP('',(#1191,#1192,#1193,#1194));
#270=EDGE_LOOP('',(#1195,#1196,#1197,#1198));
#271=EDGE_LOOP('',(#1199,#1200,#1201,#1202));
#272=EDGE_LOOP('',(#1203,#1204,#1205,#1206));
#273=EDGE_LOOP('',(#1207,#1208,#1209,#1210));
#274=EDGE_LOOP('',(#1211,#1212,#1213,#1214));
#275=EDGE_LOOP('',(#1215,#1216,#1217,#1218));
#276=EDGE_LOOP('',(#1219,#1220,#1221,#1222));
#277=EDGE_LOOP('',(#1223,#1224,#1225,#1226));
#278=EDGE_LOOP('',(#1227,#1228,#1229,#1230));
#279=EDGE_LOOP('',(#1231,#1232,#1233,#1234));
#280=EDGE_LOOP('',(#1235,#1236,#1237,#1238));
#281=EDGE_LOOP('',(#1239,#1240,#1241,#1242));
#282=EDGE_LOOP('',(#1243,#1244,#1245,#1246));
#283=EDGE_LOOP('',(#1247,#1248,#1249,#1250));
#284=EDGE_LOOP('',(#1251,#1252,#1253,#1254));
#285=EDGE_LOOP('',(#1255,#1256,#1257,#1258));
#286=EDGE_LOOP('',(#1259,#1260,#1261,#1262));
#287=EDGE_LOOP('',(#1263,#1264,#1265,#1266));
#288=EDGE_LOOP('',(#1267,#1268,#1269,#1270));
#289=EDGE_LOOP('',(#1271,#1272,#1273,#1274));
#290=EDGE_LOOP('',(#1275,#1276,#1277,#1278));
#291=EDGE_LOOP('',(#1279,#1280,#1281,#1282));
#292=EDGE_LOOP('',(#1283,#1284,#1285,#1286));
#293=EDGE_LOOP('',(#1287,#1288,#1289,#1290));
#294=EDGE_LOOP('',(#1291,#1292,#1293,#1294));
#295=EDGE_LOOP('',(#1295,#1296,#1297,#1298));
#296=EDGE_LOOP('',(#1299,#1300,#1301,#1302));
#297=EDGE_LOOP('',(#1303,#1304,#1305,#1306));
#298=EDGE_LOOP('',(#1307,#1308,#1309,#1310));
#299=EDGE_LOOP('',(#1311,#1312,#1313,#1314));
#300=EDGE_LOOP('',(#1315,#1316,#1317,#1318));
#301=EDGE_LOOP('',(#1319,#1320,#1321,#1322));
#302=EDGE_LOOP('',(#1323,#1324,#1325,#1326));
#303=EDGE_LOOP('',(#1327,#1328,#1329,#1330));
#304=EDGE_LOOP('',(#1331,#1332,#1333,#1334));
#305=EDGE_LOOP('',(#1335,#1336,#1337,#1338));
#306=EDGE_LOOP('',(#1339,#1340,#1341,#1342));
#307=EDGE_LOOP('',(#1343,#1344,#1345,#1346));
#308=EDGE_LOOP('',(#1347,#1348,#1349,#1350));
#309=EDGE_LOOP('',(#1351,#1352,#1353,#1354));
#310=EDGE_LOOP('',(#1355,#1356,#1357,#1358));
#311=EDGE_LOOP('',(#1359,#1360,#1361,#1362));
#312=EDGE_LOOP('',(#1363,#1364,#1365,#1366));
#313=EDGE_LOOP('',(#1367,#1368,#1369,#1370));
#314=EDGE_LOOP('',(#1371,#1372,#1373,#1374));
#315=EDGE_LOOP('',(#1375,#1376,#1377,#1378));
#316=EDGE_LOOP('',(#1379,#1380,#1381,#1382));
#317=EDGE_LOOP('',(#1383,#1384,#1385,#1386));
#318=EDGE_LOOP('',(#1387,#1388,#1389,#1390));
#319=EDGE_LOOP('',(#1391,#1392,#1393,#1394));
#320=EDGE_LOOP('',(#1395,#1396,#1397,#1398));
#321=EDGE_LOOP('',(#1399,#1400,#1401,#1402));
#322=EDGE_LOOP('',(#1403,#1404,#1405,#1406));
#323=EDGE_LOOP('',(#1407,#1408,#1409,#1410));
#324=EDGE_LOOP('',(#1411,#1412,#1413,#1414));
#325=EDGE_LOOP('',(#1415,#1416,#1417,#1418));
#326=EDGE_LOOP('',(#1419,#1420,#1421,#1422));
#327=EDGE_LOOP('',(#1423,#1424,#1425,#1426));
#328=EDGE_LOOP('',(#1427,#1428,#1429,#1430));
#329=EDGE_LOOP('',(#1431,#1432,#1433,#1434));
#330=EDGE_LOOP('',(#1435,#1436,#1437,#1438));
#331=EDGE_LOOP('',(#1439,#1440,#1441,#1442));
#332=EDGE_LOOP('',(#1443,#1444,#1445,#1446));
#333=EDGE_LOOP('',(#1447,#1448,#1449,#1450));
#334=EDGE_LOOP('',(#1451,#1452,#1453,#1454));
#335=EDGE_LOOP('',(#1455,#1456,#1457,#1458));
#336=EDGE_LOOP('',(#1459,#1460,#1461,#1462));
#337=EDGE_LOOP('',(#1463,#1464,#1465,#1466));
#338=EDGE_LOOP('',(#1467,#1468,#1469,#1470));
#339=EDGE_LOOP('',(#1471,#1472,#1473,#1474));
#340=EDGE_LOOP('',(#1475,#1476,#1477,#1478));
#341=EDGE_LOOP('',(#1479,#1480,#1481,#1482));
#342=EDGE_LOOP('',(#1483,#1484,#1485,#1486));
#343=EDGE_LOOP('',(#1487,#1488,#1489,#1490));
#344=EDGE_LOOP('',(#1491,#1492,#1493,#1494));
#345=EDGE_LOOP('',(#1495,#1496,#1497,#1498));
#346=EDGE_LOOP('',(#1499));
#347=EDGE_LOOP('',(#1500,#1501,#1502,#1503));
#348=EDGE_LOOP('',(#1504));
#349=EDGE_LOOP('',(#1505,#1506,#1507,#1508));
#350=EDGE_LOOP('',(#1509));
#351=EDGE_LOOP('',(#1510,#1511,#1512,#1513));
#352=EDGE_LOOP('',(#1514));
#353=EDGE_LOOP('',(#1515,#1516,#1517,#1518));
#354=EDGE_LOOP('',(#1519,#1520,#1521,#1522));
#355=EDGE_LOOP('',(#1523,#1524,#1525,#1526));
#356=EDGE_LOOP('',(#1527,#1528,#1529,#1530,#1531,#1532,#1533,#1534));
#357=EDGE_LOOP('',(#1535,#1536,#1537,#1538,#1539,#1540,#1541,#1542));
#358=EDGE_LOOP('',(#1543,#1544,#1545,#1546,#1547,#1548,#1549,#1550));
#359=EDGE_LOOP('',(#1551,#1552,#1553,#1554,#1555,#1556,#1557,#1558));
#360=EDGE_LOOP('',(#1559,#1560,#1561,#1562,#1563,#1564,#1565,#1566));
#361=EDGE_LOOP('',(#1567,#1568,#1569,#1570,#1571,#1572,#1573,#1574));
#362=EDGE_LOOP('',(#1575,#1576,#1577,#1578,#1579,#1580,#1581,#1582));
#363=EDGE_LOOP('',(#1583,#1584,#1585,#1586,#1587,#1588,#1589,#1590));
#364=EDGE_LOOP('',(#1591,#1592,#1593,#1594,#1595,#1596,#1597,#1598));
#365=EDGE_LOOP('',(#1599,#1600,#1601,#1602,#1603,#1604,#1605,#1606));
#366=EDGE_LOOP('',(#1607,#1608,#1609,#1610));
#367=EDGE_LOOP('',(#1611,#1612,#1613,#1614));
#368=EDGE_LOOP('',(#1615,#1616,#1617,#1618,#1619,#1620,#1621,#1622));
#369=EDGE_LOOP('',(#1623,#1624,#1625,#1626,#1627,#1628,#1629,#1630));
#370=EDGE_LOOP('',(#1631,#1632,#1633,#1634,#1635,#1636,#1637,#1638));
#371=EDGE_LOOP('',(#1639,#1640,#1641,#1642,#1643,#1644,#1645,#1646));
#372=EDGE_LOOP('',(#1647,#1648,#1649,#1650,#1651,#1652,#1653,#1654));
#373=EDGE_LOOP('',(#1655,#1656,#1657,#1658,#1659,#1660,#1661,#1662));
#374=EDGE_LOOP('',(#1663,#1664,#1665,#1666,#1667,#1668,#1669,#1670));
#375=EDGE_LOOP('',(#1671,#1672,#1673,#1674,#1675,#1676,#1677,#1678));
#376=EDGE_LOOP('',(#1679,#1680,#1681,#1682,#1683,#1684,#1685,#1686));
#377=EDGE_LOOP('',(#1687,#1688,#1689,#1690,#1691,#1692,#1693,#1694));
#378=EDGE_LOOP('',(#1695));
#379=EDGE_LOOP('',(#1696));
#380=EDGE_LOOP('',(#1697));
#381=EDGE_LOOP('',(#1698));
#382=EDGE_LOOP('',(#1699,#1700,#1701,#1702));
#383=LINE('',#2229,#559);
#384=LINE('',#2231,#560);
#385=LINE('',#2233,#561);
#386=LINE('',#2234,#562);
#387=LINE('',#2261,#563);
#388=LINE('',#2264,#564);
#389=LINE('',#2266,#565);
#390=LINE('',#2267,#566);
#391=LINE('',#2294,#567);
#392=LINE('',#2297,#568);
#393=LINE('',#2299,#569);
#394=LINE('',#2300,#570);
#395=LINE('',#2327,#571);
#396=LINE('',#2330,#572);
#397=LINE('',#2332,#573);
#398=LINE('',#2333,#574);
#399=LINE('',#2381,#575);
#400=LINE('',#2387,#576);
#401=LINE('',#2390,#577);
#402=LINE('',#2392,#578);
#403=LINE('',#2393,#579);
#404=LINE('',#2420,#580);
#405=LINE('',#2423,#581);
#406=LINE('',#2425,#582);
#407=LINE('',#2426,#583);
#408=LINE('',#2453,#584);
#409=LINE('',#2456,#585);
#410=LINE('',#2458,#586);
#411=LINE('',#2459,#587);
#412=LINE('',#2486,#588);
#413=LINE('',#2488,#589);
#414=LINE('',#2489,#590);
#415=LINE('',#2513,#591);
#416=LINE('',#2519,#592);
#417=LINE('',#2522,#593);
#418=LINE('',#2524,#594);
#419=LINE('',#2525,#595);
#420=LINE('',#2552,#596);
#421=LINE('',#2555,#597);
#422=LINE('',#2557,#598);
#423=LINE('',#2558,#599);
#424=LINE('',#2585,#600);
#425=LINE('',#2588,#601);
#426=LINE('',#2590,#602);
#427=LINE('',#2591,#603);
#428=LINE('',#2618,#604);
#429=LINE('',#2620,#605);
#430=LINE('',#2621,#606);
#431=LINE('',#2645,#607);
#432=LINE('',#2651,#608);
#433=LINE('',#2654,#609);
#434=LINE('',#2656,#610);
#435=LINE('',#2657,#611);
#436=LINE('',#2684,#612);
#437=LINE('',#2687,#613);
#438=LINE('',#2689,#614);
#439=LINE('',#2690,#615);
#440=LINE('',#2717,#616);
#441=LINE('',#2720,#617);
#442=LINE('',#2722,#618);
#443=LINE('',#2723,#619);
#444=LINE('',#2750,#620);
#445=LINE('',#2752,#621);
#446=LINE('',#2753,#622);
#447=LINE('',#2777,#623);
#448=LINE('',#2783,#624);
#449=LINE('',#2786,#625);
#450=LINE('',#2788,#626);
#451=LINE('',#2789,#627);
#452=LINE('',#2816,#628);
#453=LINE('',#2819,#629);
#454=LINE('',#2821,#630);
#455=LINE('',#2822,#631);
#456=LINE('',#2849,#632);
#457=LINE('',#2852,#633);
#458=LINE('',#2854,#634);
#459=LINE('',#2855,#635);
#460=LINE('',#2882,#636);
#461=LINE('',#2884,#637);
#462=LINE('',#2885,#638);
#463=LINE('',#2889,#639);
#464=LINE('',#2891,#640);
#465=LINE('',#2893,#641);
#466=LINE('',#2894,#642);
#467=LINE('',#2921,#643);
#468=LINE('',#2924,#644);
#469=LINE('',#2926,#645);
#470=LINE('',#2927,#646);
#471=LINE('',#2954,#647);
#472=LINE('',#2957,#648);
#473=LINE('',#2959,#649);
#474=LINE('',#2960,#650);
#475=LINE('',#2987,#651);
#476=LINE('',#2990,#652);
#477=LINE('',#2992,#653);
#478=LINE('',#2993,#654);
#479=LINE('',#3021,#655);
#480=LINE('',#3023,#656);
#481=LINE('',#3025,#657);
#482=LINE('',#3026,#658);
#483=LINE('',#3053,#659);
#484=LINE('',#3056,#660);
#485=LINE('',#3058,#661);
#486=LINE('',#3059,#662);
#487=LINE('',#3086,#663);
#488=LINE('',#3089,#664);
#489=LINE('',#3091,#665);
#490=LINE('',#3092,#666);
#491=LINE('',#3119,#667);
#492=LINE('',#3122,#668);
#493=LINE('',#3124,#669);
#494=LINE('',#3125,#670);
#495=LINE('',#3153,#671);
#496=LINE('',#3155,#672);
#497=LINE('',#3157,#673);
#498=LINE('',#3158,#674);
#499=LINE('',#3185,#675);
#500=LINE('',#3188,#676);
#501=LINE('',#3190,#677);
#502=LINE('',#3191,#678);
#503=LINE('',#3218,#679);
#504=LINE('',#3221,#680);
#505=LINE('',#3223,#681);
#506=LINE('',#3224,#682);
#507=LINE('',#3251,#683);
#508=LINE('',#3254,#684);
#509=LINE('',#3256,#685);
#510=LINE('',#3257,#686);
#511=LINE('',#3285,#687);
#512=LINE('',#3287,#688);
#513=LINE('',#3289,#689);
#514=LINE('',#3290,#690);
#515=LINE('',#3317,#691);
#516=LINE('',#3320,#692);
#517=LINE('',#3322,#693);
#518=LINE('',#3323,#694);
#519=LINE('',#3350,#695);
#520=LINE('',#3353,#696);
#521=LINE('',#3355,#697);
#522=LINE('',#3356,#698);
#523=LINE('',#3383,#699);
#524=LINE('',#3386,#700);
#525=LINE('',#3388,#701);
#526=LINE('',#3389,#702);
#527=LINE('',#3417,#703);
#528=LINE('',#3419,#704);
#529=LINE('',#3421,#705);
#530=LINE('',#3422,#706);
#531=LINE('',#3449,#707);
#532=LINE('',#3452,#708);
#533=LINE('',#3454,#709);
#534=LINE('',#3455,#710);
#535=LINE('',#3482,#711);
#536=LINE('',#3485,#712);
#537=LINE('',#3487,#713);
#538=LINE('',#3488,#714);
#539=LINE('',#3515,#715);
#540=LINE('',#3518,#716);
#541=LINE('',#3520,#717);
#542=LINE('',#3521,#718);
#543=LINE('',#3550,#719);
#544=LINE('',#3557,#720);
#545=LINE('',#3564,#721);
#546=LINE('',#3571,#722);
#547=LINE('',#3577,#723);
#548=LINE('',#3579,#724);
#549=LINE('',#3581,#725);
#550=LINE('',#3582,#726);
#551=LINE('',#3586,#727);
#552=LINE('',#3588,#728);
#553=LINE('',#3590,#729);
#554=LINE('',#3591,#730);
#555=LINE('',#3593,#731);
#556=LINE('',#3594,#732);
#557=LINE('',#3596,#733);
#558=LINE('',#3598,#734);
#559=VECTOR('',#1927,1.);
#560=VECTOR('',#1928,0.303409633333333);
#561=VECTOR('',#1929,1.);
#562=VECTOR('',#1930,0.303409633333333);
#563=VECTOR('',#1931,0.303409633333333);
#564=VECTOR('',#1934,1.);
#565=VECTOR('',#1935,1.);
#566=VECTOR('',#1936,0.303409633333333);
#567=VECTOR('',#1937,0.303409633333333);
#568=VECTOR('',#1940,1.);
#569=VECTOR('',#1941,1.);
#570=VECTOR('',#1942,0.303409633333333);
#571=VECTOR('',#1943,0.303409633333333);
#572=VECTOR('',#1946,1.);
#573=VECTOR('',#1947,1.);
#574=VECTOR('',#1948,0.303409633333333);
#575=VECTOR('',#1949,0.303409633333333);
#576=VECTOR('',#1950,0.303409633333333);
#577=VECTOR('',#1953,1.);
#578=VECTOR('',#1954,1.);
#579=VECTOR('',#1955,0.303409633333333);
#580=VECTOR('',#1956,0.303409633333333);
#581=VECTOR('',#1959,1.);
#582=VECTOR('',#1960,1.);
#583=VECTOR('',#1961,0.303409633333333);
#584=VECTOR('',#1962,0.303409633333333);
#585=VECTOR('',#1965,1.);
#586=VECTOR('',#1966,1.);
#587=VECTOR('',#1967,0.303409633333333);
#588=VECTOR('',#1968,0.303409633333333);
#589=VECTOR('',#1971,1.);
#590=VECTOR('',#1972,1.);
#591=VECTOR('',#1973,0.303409633333333);
#592=VECTOR('',#1974,0.303409633333333);
#593=VECTOR('',#1977,1.);
#594=VECTOR('',#1978,1.);
#595=VECTOR('',#1979,0.303409633333333);
#596=VECTOR('',#1980,0.303409633333333);
#597=VECTOR('',#1983,1.);
#598=VECTOR('',#1984,1.);
#599=VECTOR('',#1985,0.303409633333333);
#600=VECTOR('',#1986,0.303409633333333);
#601=VECTOR('',#1989,1.);
#602=VECTOR('',#1990,1.);
#603=VECTOR('',#1991,0.303409633333333);
#604=VECTOR('',#1992,0.303409633333333);
#605=VECTOR('',#1995,1.);
#606=VECTOR('',#1996,1.);
#607=VECTOR('',#1997,0.303409633333333);
#608=VECTOR('',#1998,0.303409633333333);
#609=VECTOR('',#2001,1.);
#610=VECTOR('',#2002,1.);
#611=VECTOR('',#2003,0.303409633333333);
#612=VECTOR('',#2004,0.303409633333333);
#613=VECTOR('',#2007,1.);
#614=VECTOR('',#2008,1.);
#615=VECTOR('',#2009,0.303409633333333);
#616=VECTOR('',#2010,0.303409633333333);
#617=VECTOR('',#2013,1.);
#618=VECTOR('',#2014,1.);
#619=VECTOR('',#2015,0.303409633333333);
#620=VECTOR('',#2016,0.303409633333333);
#621=VECTOR('',#2019,1.);
#622=VECTOR('',#2020,1.);
#623=VECTOR('',#2021,0.303409633333333);
#624=VECTOR('',#2022,0.303409633333333);
#625=VECTOR('',#2025,1.);
#626=VECTOR('',#2026,1.);
#627=VECTOR('',#2027,0.303409633333333);
#628=VECTOR('',#2028,0.303409633333333);
#629=VECTOR('',#2031,1.);
#630=VECTOR('',#2032,1.);
#631=VECTOR('',#2033,0.303409633333333);
#632=VECTOR('',#2034,0.303409633333333);
#633=VECTOR('',#2037,1.);
#634=VECTOR('',#2038,1.);
#635=VECTOR('',#2039,0.303409633333333);
#636=VECTOR('',#2040,0.303409633333333);
#637=VECTOR('',#2043,1.);
#638=VECTOR('',#2044,1.);
#639=VECTOR('',#2047,1.);
#640=VECTOR('',#2048,0.303409633333333);
#641=VECTOR('',#2049,1.);
#642=VECTOR('',#2050,0.303409633333333);
#643=VECTOR('',#2051,0.303409633333333);
#644=VECTOR('',#2054,1.);
#645=VECTOR('',#2055,1.);
#646=VECTOR('',#2056,0.303409633333333);
#647=VECTOR('',#2057,0.303409633333333);
#648=VECTOR('',#2060,1.);
#649=VECTOR('',#2061,1.);
#650=VECTOR('',#2062,0.303409633333333);
#651=VECTOR('',#2063,0.303409633333333);
#652=VECTOR('',#2066,1.);
#653=VECTOR('',#2067,1.);
#654=VECTOR('',#2068,0.303409633333333);
#655=VECTOR('',#2071,1.);
#656=VECTOR('',#2072,0.303409633333333);
#657=VECTOR('',#2073,1.);
#658=VECTOR('',#2074,0.303409633333333);
#659=VECTOR('',#2075,0.303409633333333);
#660=VECTOR('',#2078,1.);
#661=VECTOR('',#2079,1.);
#662=VECTOR('',#2080,0.303409633333333);
#663=VECTOR('',#2081,0.303409633333333);
#664=VECTOR('',#2084,1.);
#665=VECTOR('',#2085,1.);
#666=VECTOR('',#2086,0.303409633333333);
#667=VECTOR('',#2087,0.303409633333333);
#668=VECTOR('',#2090,1.);
#669=VECTOR('',#2091,1.);
#670=VECTOR('',#2092,0.303409633333333);
#671=VECTOR('',#2095,1.);
#672=VECTOR('',#2096,0.303409633333333);
#673=VECTOR('',#2097,1.);
#674=VECTOR('',#2098,0.303409633333333);
#675=VECTOR('',#2099,0.303409633333333);
#676=VECTOR('',#2102,1.);
#677=VECTOR('',#2103,1.);
#678=VECTOR('',#2104,0.303409633333333);
#679=VECTOR('',#2105,0.303409633333333);
#680=VECTOR('',#2108,1.);
#681=VECTOR('',#2109,1.);
#682=VECTOR('',#2110,0.303409633333333);
#683=VECTOR('',#2111,0.303409633333333);
#684=VECTOR('',#2114,1.);
#685=VECTOR('',#2115,1.);
#686=VECTOR('',#2116,0.303409633333333);
#687=VECTOR('',#2119,1.);
#688=VECTOR('',#2120,0.303409633333333);
#689=VECTOR('',#2121,1.);
#690=VECTOR('',#2122,0.303409633333333);
#691=VECTOR('',#2123,0.303409633333333);
#692=VECTOR('',#2126,1.);
#693=VECTOR('',#2127,1.);
#694=VECTOR('',#2128,0.303409633333333);
#695=VECTOR('',#2129,0.303409633333333);
#696=VECTOR('',#2132,1.);
#697=VECTOR('',#2133,1.);
#698=VECTOR('',#2134,0.303409633333333);
#699=VECTOR('',#2135,0.303409633333333);
#700=VECTOR('',#2138,1.);
#701=VECTOR('',#2139,1.);
#702=VECTOR('',#2140,0.303409633333333);
#703=VECTOR('',#2143,1.);
#704=VECTOR('',#2144,0.303409633333333);
#705=VECTOR('',#2145,1.);
#706=VECTOR('',#2146,0.303409633333333);
#707=VECTOR('',#2147,0.303409633333333);
#708=VECTOR('',#2150,1.);
#709=VECTOR('',#2151,1.);
#710=VECTOR('',#2152,0.303409633333333);
#711=VECTOR('',#2153,0.303409633333333);
#712=VECTOR('',#2156,1.);
#713=VECTOR('',#2157,1.);
#714=VECTOR('',#2158,0.303409633333333);
#715=VECTOR('',#2159,0.303409633333333);
#716=VECTOR('',#2162,1.);
#717=VECTOR('',#2163,1.);
#718=VECTOR('',#2164,0.303409633333333);
#719=VECTOR('',#2169,1.4585);
#720=VECTOR('',#2178,1.4585);
#721=VECTOR('',#2187,1.4585);
#722=VECTOR('',#2196,1.4585);
#723=VECTOR('',#2203,0.150000000000001);
#724=VECTOR('',#2204,5.96249999999998);
#725=VECTOR('',#2205,0.150000000000001);
#726=VECTOR('',#2206,5.96249999999998);
#727=VECTOR('',#2209,0.150000000000001);
#728=VECTOR('',#2210,5.96249999999998);
#729=VECTOR('',#2211,0.150000000000001);
#730=VECTOR('',#2212,5.96249999999998);
#731=VECTOR('',#2215,4.01949999999999);
#732=VECTOR('',#2216,4.01949999999999);
#733=VECTOR('',#2219,4.01949999999999);
#734=VECTOR('',#2222,4.01949999999999);
#735=VERTEX_POINT('',#2227);
#736=VERTEX_POINT('',#2228);
#737=VERTEX_POINT('',#2230);
#738=VERTEX_POINT('',#2232);
#739=VERTEX_POINT('',#2251);
#740=VERTEX_POINT('',#2256);
#741=VERTEX_POINT('',#2263);
#742=VERTEX_POINT('',#2265);
#743=VERTEX_POINT('',#2284);
#744=VERTEX_POINT('',#2289);
#745=VERTEX_POINT('',#2296);
#746=VERTEX_POINT('',#2298);
#747=VERTEX_POINT('',#2317);
#748=VERTEX_POINT('',#2322);
#749=VERTEX_POINT('',#2329);
#750=VERTEX_POINT('',#2331);
#751=VERTEX_POINT('',#2374);
#752=VERTEX_POINT('',#2375);
#753=VERTEX_POINT('',#2380);
#754=VERTEX_POINT('',#2382);
#755=VERTEX_POINT('',#2389);
#756=VERTEX_POINT('',#2391);
#757=VERTEX_POINT('',#2410);
#758=VERTEX_POINT('',#2415);
#759=VERTEX_POINT('',#2422);
#760=VERTEX_POINT('',#2424);
#761=VERTEX_POINT('',#2443);
#762=VERTEX_POINT('',#2448);
#763=VERTEX_POINT('',#2455);
#764=VERTEX_POINT('',#2457);
#765=VERTEX_POINT('',#2476);
#766=VERTEX_POINT('',#2481);
#767=VERTEX_POINT('',#2506);
#768=VERTEX_POINT('',#2507);
#769=VERTEX_POINT('',#2512);
#770=VERTEX_POINT('',#2514);
#771=VERTEX_POINT('',#2521);
#772=VERTEX_POINT('',#2523);
#773=VERTEX_POINT('',#2542);
#774=VERTEX_POINT('',#2547);
#775=VERTEX_POINT('',#2554);
#776=VERTEX_POINT('',#2556);
#777=VERTEX_POINT('',#2575);
#778=VERTEX_POINT('',#2580);
#779=VERTEX_POINT('',#2587);
#780=VERTEX_POINT('',#2589);
#781=VERTEX_POINT('',#2608);
#782=VERTEX_POINT('',#2613);
#783=VERTEX_POINT('',#2638);
#784=VERTEX_POINT('',#2639);
#785=VERTEX_POINT('',#2644);
#786=VERTEX_POINT('',#2646);
#787=VERTEX_POINT('',#2653);
#788=VERTEX_POINT('',#2655);
#789=VERTEX_POINT('',#2674);
#790=VERTEX_POINT('',#2679);
#791=VERTEX_POINT('',#2686);
#792=VERTEX_POINT('',#2688);
#793=VERTEX_POINT('',#2707);
#794=VERTEX_POINT('',#2712);
#795=VERTEX_POINT('',#2719);
#796=VERTEX_POINT('',#2721);
#797=VERTEX_POINT('',#2740);
#798=VERTEX_POINT('',#2745);
#799=VERTEX_POINT('',#2770);
#800=VERTEX_POINT('',#2771);
#801=VERTEX_POINT('',#2776);
#802=VERTEX_POINT('',#2778);
#803=VERTEX_POINT('',#2785);
#804=VERTEX_POINT('',#2787);
#805=VERTEX_POINT('',#2806);
#806=VERTEX_POINT('',#2811);
#807=VERTEX_POINT('',#2818);
#808=VERTEX_POINT('',#2820);
#809=VERTEX_POINT('',#2839);
#810=VERTEX_POINT('',#2844);
#811=VERTEX_POINT('',#2851);
#812=VERTEX_POINT('',#2853);
#813=VERTEX_POINT('',#2872);
#814=VERTEX_POINT('',#2877);
#815=VERTEX_POINT('',#2887);
#816=VERTEX_POINT('',#2888);
#817=VERTEX_POINT('',#2890);
#818=VERTEX_POINT('',#2892);
#819=VERTEX_POINT('',#2911);
#820=VERTEX_POINT('',#2916);
#821=VERTEX_POINT('',#2923);
#822=VERTEX_POINT('',#2925);
#823=VERTEX_POINT('',#2944);
#824=VERTEX_POINT('',#2949);
#825=VERTEX_POINT('',#2956);
#826=VERTEX_POINT('',#2958);
#827=VERTEX_POINT('',#2977);
#828=VERTEX_POINT('',#2982);
#829=VERTEX_POINT('',#2989);
#830=VERTEX_POINT('',#2991);
#831=VERTEX_POINT('',#3019);
#832=VERTEX_POINT('',#3020);
#833=VERTEX_POINT('',#3022);
#834=VERTEX_POINT('',#3024);
#835=VERTEX_POINT('',#3043);
#836=VERTEX_POINT('',#3048);
#837=VERTEX_POINT('',#3055);
#838=VERTEX_POINT('',#3057);
#839=VERTEX_POINT('',#3076);
#840=VERTEX_POINT('',#3081);
#841=VERTEX_POINT('',#3088);
#842=VERTEX_POINT('',#3090);
#843=VERTEX_POINT('',#3109);
#844=VERTEX_POINT('',#3114);
#845=VERTEX_POINT('',#3121);
#846=VERTEX_POINT('',#3123);
#847=VERTEX_POINT('',#3151);
#848=VERTEX_POINT('',#3152);
#849=VERTEX_POINT('',#3154);
#850=VERTEX_POINT('',#3156);
#851=VERTEX_POINT('',#3175);
#852=VERTEX_POINT('',#3180);
#853=VERTEX_POINT('',#3187);
#854=VERTEX_POINT('',#3189);
#855=VERTEX_POINT('',#3208);
#856=VERTEX_POINT('',#3213);
#857=VERTEX_POINT('',#3220);
#858=VERTEX_POINT('',#3222);
#859=VERTEX_POINT('',#3241);
#860=VERTEX_POINT('',#3246);
#861=VERTEX_POINT('',#3253);
#862=VERTEX_POINT('',#3255);
#863=VERTEX_POINT('',#3283);
#864=VERTEX_POINT('',#3284);
#865=VERTEX_POINT('',#3286);
#866=VERTEX_POINT('',#3288);
#867=VERTEX_POINT('',#3307);
#868=VERTEX_POINT('',#3312);
#869=VERTEX_POINT('',#3319);
#870=VERTEX_POINT('',#3321);
#871=VERTEX_POINT('',#3340);
#872=VERTEX_POINT('',#3345);
#873=VERTEX_POINT('',#3352);
#874=VERTEX_POINT('',#3354);
#875=VERTEX_POINT('',#3373);
#876=VERTEX_POINT('',#3378);
#877=VERTEX_POINT('',#3385);
#878=VERTEX_POINT('',#3387);
#879=VERTEX_POINT('',#3415);
#880=VERTEX_POINT('',#3416);
#881=VERTEX_POINT('',#3418);
#882=VERTEX_POINT('',#3420);
#883=VERTEX_POINT('',#3439);
#884=VERTEX_POINT('',#3444);
#885=VERTEX_POINT('',#3451);
#886=VERTEX_POINT('',#3453);
#887=VERTEX_POINT('',#3472);
#888=VERTEX_POINT('',#3477);
#889=VERTEX_POINT('',#3484);
#890=VERTEX_POINT('',#3486);
#891=VERTEX_POINT('',#3505);
#892=VERTEX_POINT('',#3510);
#893=VERTEX_POINT('',#3517);
#894=VERTEX_POINT('',#3519);
#895=VERTEX_POINT('',#3547);
#896=VERTEX_POINT('',#3549);
#897=VERTEX_POINT('',#3554);
#898=VERTEX_POINT('',#3556);
#899=VERTEX_POINT('',#3561);
#900=VERTEX_POINT('',#3563);
#901=VERTEX_POINT('',#3568);
#902=VERTEX_POINT('',#3570);
#903=VERTEX_POINT('',#3575);
#904=VERTEX_POINT('',#3576);
#905=VERTEX_POINT('',#3578);
#906=VERTEX_POINT('',#3580);
#907=VERTEX_POINT('',#3584);
#908=VERTEX_POINT('',#3585);
#909=VERTEX_POINT('',#3587);
#910=VERTEX_POINT('',#3589);
#911=EDGE_CURVE('',#735,#736,#383,.T.);
#912=EDGE_CURVE('',#735,#737,#384,.T.);
#913=EDGE_CURVE('',#738,#737,#385,.T.);
#914=EDGE_CURVE('',#736,#738,#386,.T.);
#915=EDGE_CURVE('',#736,#739,#51,.T.);
#916=EDGE_CURVE('',#740,#738,#52,.T.);
#917=EDGE_CURVE('',#739,#740,#387,.T.);
#918=EDGE_CURVE('',#739,#741,#388,.T.);
#919=EDGE_CURVE('',#742,#740,#389,.T.);
#920=EDGE_CURVE('',#741,#742,#390,.T.);
#921=EDGE_CURVE('',#741,#743,#53,.T.);
#922=EDGE_CURVE('',#744,#742,#54,.T.);
#923=EDGE_CURVE('',#743,#744,#391,.T.);
#924=EDGE_CURVE('',#743,#745,#392,.T.);
#925=EDGE_CURVE('',#746,#744,#393,.T.);
#926=EDGE_CURVE('',#745,#746,#394,.T.);
#927=EDGE_CURVE('',#745,#747,#55,.T.);
#928=EDGE_CURVE('',#748,#746,#56,.T.);
#929=EDGE_CURVE('',#747,#748,#395,.T.);
#930=EDGE_CURVE('',#747,#749,#396,.T.);
#931=EDGE_CURVE('',#750,#748,#397,.T.);
#932=EDGE_CURVE('',#749,#750,#398,.T.);
#933=EDGE_CURVE('',#749,#735,#57,.T.);
#934=EDGE_CURVE('',#737,#750,#58,.T.);
#935=EDGE_CURVE('',#751,#752,#59,.T.);
#936=EDGE_CURVE('',#751,#753,#399,.T.);
#937=EDGE_CURVE('',#754,#753,#60,.T.);
#938=EDGE_CURVE('',#752,#754,#400,.T.);
#939=EDGE_CURVE('',#752,#755,#401,.T.);
#940=EDGE_CURVE('',#756,#754,#402,.T.);
#941=EDGE_CURVE('',#755,#756,#403,.T.);
#942=EDGE_CURVE('',#755,#757,#61,.T.);
#943=EDGE_CURVE('',#758,#756,#62,.T.);
#944=EDGE_CURVE('',#757,#758,#404,.T.);
#945=EDGE_CURVE('',#757,#759,#405,.T.);
#946=EDGE_CURVE('',#760,#758,#406,.T.);
#947=EDGE_CURVE('',#759,#760,#407,.T.);
#948=EDGE_CURVE('',#759,#761,#63,.T.);
#949=EDGE_CURVE('',#762,#760,#64,.T.);
#950=EDGE_CURVE('',#761,#762,#408,.T.);
#951=EDGE_CURVE('',#761,#763,#409,.T.);
#952=EDGE_CURVE('',#764,#762,#410,.T.);
#953=EDGE_CURVE('',#763,#764,#411,.T.);
#954=EDGE_CURVE('',#763,#765,#65,.T.);
#955=EDGE_CURVE('',#766,#764,#66,.T.);
#956=EDGE_CURVE('',#765,#766,#412,.T.);
#957=EDGE_CURVE('',#765,#751,#413,.T.);
#958=EDGE_CURVE('',#753,#766,#414,.T.);
#959=EDGE_CURVE('',#767,#768,#67,.T.);
#960=EDGE_CURVE('',#767,#769,#415,.T.);
#961=EDGE_CURVE('',#770,#769,#68,.T.);
#962=EDGE_CURVE('',#768,#770,#416,.T.);
#963=EDGE_CURVE('',#768,#771,#417,.T.);
#964=EDGE_CURVE('',#772,#770,#418,.T.);
#965=EDGE_CURVE('',#771,#772,#419,.T.);
#966=EDGE_CURVE('',#771,#773,#69,.T.);
#967=EDGE_CURVE('',#774,#772,#70,.T.);
#968=EDGE_CURVE('',#773,#774,#420,.T.);
#969=EDGE_CURVE('',#773,#775,#421,.T.);
#970=EDGE_CURVE('',#776,#774,#422,.T.);
#971=EDGE_CURVE('',#775,#776,#423,.T.);
#972=EDGE_CURVE('',#775,#777,#71,.T.);
#973=EDGE_CURVE('',#778,#776,#72,.T.);
#974=EDGE_CURVE('',#777,#778,#424,.T.);
#975=EDGE_CURVE('',#777,#779,#425,.T.);
#976=EDGE_CURVE('',#780,#778,#426,.T.);
#977=EDGE_CURVE('',#779,#780,#427,.T.);
#978=EDGE_CURVE('',#779,#781,#73,.T.);
#979=EDGE_CURVE('',#782,#780,#74,.T.);
#980=EDGE_CURVE('',#781,#782,#428,.T.);
#981=EDGE_CURVE('',#781,#767,#429,.T.);
#982=EDGE_CURVE('',#769,#782,#430,.T.);
#983=EDGE_CURVE('',#783,#784,#75,.T.);
#984=EDGE_CURVE('',#783,#785,#431,.T.);
#985=EDGE_CURVE('',#786,#785,#76,.T.);
#986=EDGE_CURVE('',#784,#786,#432,.T.);
#987=EDGE_CURVE('',#784,#787,#433,.T.);
#988=EDGE_CURVE('',#788,#786,#434,.T.);
#989=EDGE_CURVE('',#787,#788,#435,.T.);
#990=EDGE_CURVE('',#787,#789,#77,.T.);
#991=EDGE_CURVE('',#790,#788,#78,.T.);
#992=EDGE_CURVE('',#789,#790,#436,.T.);
#993=EDGE_CURVE('',#789,#791,#437,.T.);
#994=EDGE_CURVE('',#792,#790,#438,.T.);
#995=EDGE_CURVE('',#791,#792,#439,.T.);
#996=EDGE_CURVE('',#791,#793,#79,.T.);
#997=EDGE_CURVE('',#794,#792,#80,.T.);
#998=EDGE_CURVE('',#793,#794,#440,.T.);
#999=EDGE_CURVE('',#793,#795,#441,.T.);
#1000=EDGE_CURVE('',#796,#794,#442,.T.);
#1001=EDGE_CURVE('',#795,#796,#443,.T.);
#1002=EDGE_CURVE('',#795,#797,#81,.T.);
#1003=EDGE_CURVE('',#798,#796,#82,.T.);
#1004=EDGE_CURVE('',#797,#798,#444,.T.);
#1005=EDGE_CURVE('',#797,#783,#445,.T.);
#1006=EDGE_CURVE('',#785,#798,#446,.T.);
#1007=EDGE_CURVE('',#799,#800,#83,.T.);
#1008=EDGE_CURVE('',#799,#801,#447,.T.);
#1009=EDGE_CURVE('',#802,#801,#84,.T.);
#1010=EDGE_CURVE('',#800,#802,#448,.T.);
#1011=EDGE_CURVE('',#800,#803,#449,.T.);
#1012=EDGE_CURVE('',#804,#802,#450,.T.);
#1013=EDGE_CURVE('',#803,#804,#451,.T.);
#1014=EDGE_CURVE('',#803,#805,#85,.T.);
#1015=EDGE_CURVE('',#806,#804,#86,.T.);
#1016=EDGE_CURVE('',#805,#806,#452,.T.);
#1017=EDGE_CURVE('',#805,#807,#453,.T.);
#1018=EDGE_CURVE('',#808,#806,#454,.T.);
#1019=EDGE_CURVE('',#807,#808,#455,.T.);
#1020=EDGE_CURVE('',#807,#809,#87,.T.);
#1021=EDGE_CURVE('',#810,#808,#88,.T.);
#1022=EDGE_CURVE('',#809,#810,#456,.T.);
#1023=EDGE_CURVE('',#809,#811,#457,.T.);
#1024=EDGE_CURVE('',#812,#810,#458,.T.);
#1025=EDGE_CURVE('',#811,#812,#459,.T.);
#1026=EDGE_CURVE('',#811,#813,#89,.T.);
#1027=EDGE_CURVE('',#814,#812,#90,.T.);
#1028=EDGE_CURVE('',#813,#814,#460,.T.);
#1029=EDGE_CURVE('',#813,#799,#461,.T.);
#1030=EDGE_CURVE('',#801,#814,#462,.T.);
#1031=EDGE_CURVE('',#815,#816,#463,.T.);
#1032=EDGE_CURVE('',#815,#817,#464,.T.);
#1033=EDGE_CURVE('',#818,#817,#465,.T.);
#1034=EDGE_CURVE('',#816,#818,#466,.T.);
#1035=EDGE_CURVE('',#816,#819,#91,.T.);
#1036=EDGE_CURVE('',#820,#818,#92,.T.);
#1037=EDGE_CURVE('',#819,#820,#467,.T.);
#1038=EDGE_CURVE('',#819,#821,#468,.T.);
#1039=EDGE_CURVE('',#822,#820,#469,.T.);
#1040=EDGE_CURVE('',#821,#822,#470,.T.);
#1041=EDGE_CURVE('',#821,#823,#93,.T.);
#1042=EDGE_CURVE('',#824,#822,#94,.T.);
#1043=EDGE_CURVE('',#823,#824,#471,.T.);
#1044=EDGE_CURVE('',#823,#825,#472,.T.);
#1045=EDGE_CURVE('',#826,#824,#473,.T.);
#1046=EDGE_CURVE('',#825,#826,#474,.T.);
#1047=EDGE_CURVE('',#825,#827,#95,.T.);
#1048=EDGE_CURVE('',#828,#826,#96,.T.);
#1049=EDGE_CURVE('',#827,#828,#475,.T.);
#1050=EDGE_CURVE('',#827,#829,#476,.T.);
#1051=EDGE_CURVE('',#830,#828,#477,.T.);
#1052=EDGE_CURVE('',#829,#830,#478,.T.);
#1053=EDGE_CURVE('',#829,#815,#97,.T.);
#1054=EDGE_CURVE('',#817,#830,#98,.T.);
#1055=EDGE_CURVE('',#831,#832,#479,.T.);
#1056=EDGE_CURVE('',#831,#833,#480,.T.);
#1057=EDGE_CURVE('',#834,#833,#481,.T.);
#1058=EDGE_CURVE('',#832,#834,#482,.T.);
#1059=EDGE_CURVE('',#832,#835,#99,.T.);
#1060=EDGE_CURVE('',#836,#834,#100,.T.);
#1061=EDGE_CURVE('',#835,#836,#483,.T.);
#1062=EDGE_CURVE('',#835,#837,#484,.T.);
#1063=EDGE_CURVE('',#838,#836,#485,.T.);
#1064=EDGE_CURVE('',#837,#838,#486,.T.);
#1065=EDGE_CURVE('',#837,#839,#101,.T.);
#1066=EDGE_CURVE('',#840,#838,#102,.T.);
#1067=EDGE_CURVE('',#839,#840,#487,.T.);
#1068=EDGE_CURVE('',#839,#841,#488,.T.);
#1069=EDGE_CURVE('',#842,#840,#489,.T.);
#1070=EDGE_CURVE('',#841,#842,#490,.T.);
#1071=EDGE_CURVE('',#841,#843,#103,.T.);
#1072=EDGE_CURVE('',#844,#842,#104,.T.);
#1073=EDGE_CURVE('',#843,#844,#491,.T.);
#1074=EDGE_CURVE('',#843,#845,#492,.T.);
#1075=EDGE_CURVE('',#846,#844,#493,.T.);
#1076=EDGE_CURVE('',#845,#846,#494,.T.);
#1077=EDGE_CURVE('',#845,#831,#105,.T.);
#1078=EDGE_CURVE('',#833,#846,#106,.T.);
#1079=EDGE_CURVE('',#847,#848,#495,.T.);
#1080=EDGE_CURVE('',#847,#849,#496,.T.);
#1081=EDGE_CURVE('',#850,#849,#497,.T.);
#1082=EDGE_CURVE('',#848,#850,#498,.T.);
#1083=EDGE_CURVE('',#848,#851,#107,.T.);
#1084=EDGE_CURVE('',#852,#850,#108,.T.);
#1085=EDGE_CURVE('',#851,#852,#499,.T.);
#1086=EDGE_CURVE('',#851,#853,#500,.T.);
#1087=EDGE_CURVE('',#854,#852,#501,.T.);
#1088=EDGE_CURVE('',#853,#854,#502,.T.);
#1089=EDGE_CURVE('',#853,#855,#109,.T.);
#1090=EDGE_CURVE('',#856,#854,#110,.T.);
#1091=EDGE_CURVE('',#855,#856,#503,.T.);
#1092=EDGE_CURVE('',#855,#857,#504,.T.);
#1093=EDGE_CURVE('',#858,#856,#505,.T.);
#1094=EDGE_CURVE('',#857,#858,#506,.T.);
#1095=EDGE_CURVE('',#857,#859,#111,.T.);
#1096=EDGE_CURVE('',#860,#858,#112,.T.);
#1097=EDGE_CURVE('',#859,#860,#507,.T.);
#1098=EDGE_CURVE('',#859,#861,#508,.T.);
#1099=EDGE_CURVE('',#862,#860,#509,.T.);
#1100=EDGE_CURVE('',#861,#862,#510,.T.);
#1101=EDGE_CURVE('',#861,#847,#113,.T.);
#1102=EDGE_CURVE('',#849,#862,#114,.T.);
#1103=EDGE_CURVE('',#863,#864,#511,.T.);
#1104=EDGE_CURVE('',#863,#865,#512,.T.);
#1105=EDGE_CURVE('',#866,#865,#513,.T.);
#1106=EDGE_CURVE('',#864,#866,#514,.T.);
#1107=EDGE_CURVE('',#864,#867,#115,.T.);
#1108=EDGE_CURVE('',#868,#866,#116,.T.);
#1109=EDGE_CURVE('',#867,#868,#515,.T.);
#1110=EDGE_CURVE('',#867,#869,#516,.T.);
#1111=EDGE_CURVE('',#870,#868,#517,.T.);
#1112=EDGE_CURVE('',#869,#870,#518,.T.);
#1113=EDGE_CURVE('',#869,#871,#117,.T.);
#1114=EDGE_CURVE('',#872,#870,#118,.T.);
#1115=EDGE_CURVE('',#871,#872,#519,.T.);
#1116=EDGE_CURVE('',#871,#873,#520,.T.);
#1117=EDGE_CURVE('',#874,#872,#521,.T.);
#1118=EDGE_CURVE('',#873,#874,#522,.T.);
#1119=EDGE_CURVE('',#873,#875,#119,.T.);
#1120=EDGE_CURVE('',#876,#874,#120,.T.);
#1121=EDGE_CURVE('',#875,#876,#523,.T.);
#1122=EDGE_CURVE('',#875,#877,#524,.T.);
#1123=EDGE_CURVE('',#878,#876,#525,.T.);
#1124=EDGE_CURVE('',#877,#878,#526,.T.);
#1125=EDGE_CURVE('',#877,#863,#121,.T.);
#1126=EDGE_CURVE('',#865,#878,#122,.T.);
#1127=EDGE_CURVE('',#879,#880,#527,.T.);
#1128=EDGE_CURVE('',#879,#881,#528,.T.);
#1129=EDGE_CURVE('',#882,#881,#529,.T.);
#1130=EDGE_CURVE('',#880,#882,#530,.T.);
#1131=EDGE_CURVE('',#880,#883,#123,.T.);
#1132=EDGE_CURVE('',#884,#882,#124,.T.);
#1133=EDGE_CURVE('',#883,#884,#531,.T.);
#1134=EDGE_CURVE('',#883,#885,#532,.T.);
#1135=EDGE_CURVE('',#886,#884,#533,.T.);
#1136=EDGE_CURVE('',#885,#886,#534,.T.);
#1137=EDGE_CURVE('',#885,#887,#125,.T.);
#1138=EDGE_CURVE('',#888,#886,#126,.T.);
#1139=EDGE_CURVE('',#887,#888,#535,.T.);
#1140=EDGE_CURVE('',#887,#889,#536,.T.);
#1141=EDGE_CURVE('',#890,#888,#537,.T.);
#1142=EDGE_CURVE('',#889,#890,#538,.T.);
#1143=EDGE_CURVE('',#889,#891,#127,.T.);
#1144=EDGE_CURVE('',#892,#890,#128,.T.);
#1145=EDGE_CURVE('',#891,#892,#539,.T.);
#1146=EDGE_CURVE('',#891,#893,#540,.T.);
#1147=EDGE_CURVE('',#894,#892,#541,.T.);
#1148=EDGE_CURVE('',#893,#894,#542,.T.);
#1149=EDGE_CURVE('',#893,#879,#129,.T.);
#1150=EDGE_CURVE('',#881,#894,#130,.T.);
#1151=EDGE_CURVE('',#895,#895,#39,.T.);
#1152=EDGE_CURVE('',#895,#896,#543,.T.);
#1153=EDGE_CURVE('',#896,#896,#40,.T.);
#1154=EDGE_CURVE('',#897,#897,#41,.T.);
#1155=EDGE_CURVE('',#897,#898,#544,.T.);
#1156=EDGE_CURVE('',#898,#898,#42,.T.);
#1157=EDGE_CURVE('',#899,#899,#43,.T.);
#1158=EDGE_CURVE('',#899,#900,#545,.T.);
#1159=EDGE_CURVE('',#900,#900,#44,.T.);
#1160=EDGE_CURVE('',#901,#901,#45,.T.);
#1161=EDGE_CURVE('',#901,#902,#546,.T.);
#1162=EDGE_CURVE('',#902,#902,#46,.T.);
#1163=EDGE_CURVE('',#903,#904,#547,.T.);
#1164=EDGE_CURVE('',#904,#905,#548,.T.);
#1165=EDGE_CURVE('',#905,#906,#549,.T.);
#1166=EDGE_CURVE('',#906,#903,#550,.T.);
#1167=EDGE_CURVE('',#907,#908,#551,.T.);
#1168=EDGE_CURVE('',#908,#909,#552,.T.);
#1169=EDGE_CURVE('',#909,#910,#553,.T.);
#1170=EDGE_CURVE('',#910,#907,#554,.T.);
#1171=EDGE_CURVE('',#906,#909,#555,.T.);
#1172=EDGE_CURVE('',#903,#908,#556,.T.);
#1173=EDGE_CURVE('',#905,#910,#557,.T.);
#1174=EDGE_CURVE('',#904,#907,#558,.T.);
#1175=ORIENTED_EDGE('',*,*,#911,.F.);
#1176=ORIENTED_EDGE('',*,*,#912,.T.);
#1177=ORIENTED_EDGE('',*,*,#913,.F.);
#1178=ORIENTED_EDGE('',*,*,#914,.F.);
#1179=ORIENTED_EDGE('',*,*,#915,.F.);
#1180=ORIENTED_EDGE('',*,*,#914,.T.);
#1181=ORIENTED_EDGE('',*,*,#916,.F.);
#1182=ORIENTED_EDGE('',*,*,#917,.F.);
#1183=ORIENTED_EDGE('',*,*,#918,.F.);
#1184=ORIENTED_EDGE('',*,*,#917,.T.);
#1185=ORIENTED_EDGE('',*,*,#919,.F.);
#1186=ORIENTED_EDGE('',*,*,#920,.F.);
#1187=ORIENTED_EDGE('',*,*,#921,.F.);
#1188=ORIENTED_EDGE('',*,*,#920,.T.);
#1189=ORIENTED_EDGE('',*,*,#922,.F.);
#1190=ORIENTED_EDGE('',*,*,#923,.F.);
#1191=ORIENTED_EDGE('',*,*,#924,.F.);
#1192=ORIENTED_EDGE('',*,*,#923,.T.);
#1193=ORIENTED_EDGE('',*,*,#925,.F.);
#1194=ORIENTED_EDGE('',*,*,#926,.F.);
#1195=ORIENTED_EDGE('',*,*,#927,.F.);
#1196=ORIENTED_EDGE('',*,*,#926,.T.);
#1197=ORIENTED_EDGE('',*,*,#928,.F.);
#1198=ORIENTED_EDGE('',*,*,#929,.F.);
#1199=ORIENTED_EDGE('',*,*,#930,.F.);
#1200=ORIENTED_EDGE('',*,*,#929,.T.);
#1201=ORIENTED_EDGE('',*,*,#931,.F.);
#1202=ORIENTED_EDGE('',*,*,#932,.F.);
#1203=ORIENTED_EDGE('',*,*,#933,.F.);
#1204=ORIENTED_EDGE('',*,*,#932,.T.);
#1205=ORIENTED_EDGE('',*,*,#934,.F.);
#1206=ORIENTED_EDGE('',*,*,#912,.F.);
#1207=ORIENTED_EDGE('',*,*,#935,.F.);
#1208=ORIENTED_EDGE('',*,*,#936,.T.);
#1209=ORIENTED_EDGE('',*,*,#937,.F.);
#1210=ORIENTED_EDGE('',*,*,#938,.F.);
#1211=ORIENTED_EDGE('',*,*,#939,.F.);
#1212=ORIENTED_EDGE('',*,*,#938,.T.);
#1213=ORIENTED_EDGE('',*,*,#940,.F.);
#1214=ORIENTED_EDGE('',*,*,#941,.F.);
#1215=ORIENTED_EDGE('',*,*,#942,.F.);
#1216=ORIENTED_EDGE('',*,*,#941,.T.);
#1217=ORIENTED_EDGE('',*,*,#943,.F.);
#1218=ORIENTED_EDGE('',*,*,#944,.F.);
#1219=ORIENTED_EDGE('',*,*,#945,.F.);
#1220=ORIENTED_EDGE('',*,*,#944,.T.);
#1221=ORIENTED_EDGE('',*,*,#946,.F.);
#1222=ORIENTED_EDGE('',*,*,#947,.F.);
#1223=ORIENTED_EDGE('',*,*,#948,.F.);
#1224=ORIENTED_EDGE('',*,*,#947,.T.);
#1225=ORIENTED_EDGE('',*,*,#949,.F.);
#1226=ORIENTED_EDGE('',*,*,#950,.F.);
#1227=ORIENTED_EDGE('',*,*,#951,.F.);
#1228=ORIENTED_EDGE('',*,*,#950,.T.);
#1229=ORIENTED_EDGE('',*,*,#952,.F.);
#1230=ORIENTED_EDGE('',*,*,#953,.F.);
#1231=ORIENTED_EDGE('',*,*,#954,.F.);
#1232=ORIENTED_EDGE('',*,*,#953,.T.);
#1233=ORIENTED_EDGE('',*,*,#955,.F.);
#1234=ORIENTED_EDGE('',*,*,#956,.F.);
#1235=ORIENTED_EDGE('',*,*,#957,.F.);
#1236=ORIENTED_EDGE('',*,*,#956,.T.);
#1237=ORIENTED_EDGE('',*,*,#958,.F.);
#1238=ORIENTED_EDGE('',*,*,#936,.F.);
#1239=ORIENTED_EDGE('',*,*,#959,.F.);
#1240=ORIENTED_EDGE('',*,*,#960,.T.);
#1241=ORIENTED_EDGE('',*,*,#961,.F.);
#1242=ORIENTED_EDGE('',*,*,#962,.F.);
#1243=ORIENTED_EDGE('',*,*,#963,.F.);
#1244=ORIENTED_EDGE('',*,*,#962,.T.);
#1245=ORIENTED_EDGE('',*,*,#964,.F.);
#1246=ORIENTED_EDGE('',*,*,#965,.F.);
#1247=ORIENTED_EDGE('',*,*,#966,.F.);
#1248=ORIENTED_EDGE('',*,*,#965,.T.);
#1249=ORIENTED_EDGE('',*,*,#967,.F.);
#1250=ORIENTED_EDGE('',*,*,#968,.F.);
#1251=ORIENTED_EDGE('',*,*,#969,.F.);
#1252=ORIENTED_EDGE('',*,*,#968,.T.);
#1253=ORIENTED_EDGE('',*,*,#970,.F.);
#1254=ORIENTED_EDGE('',*,*,#971,.F.);
#1255=ORIENTED_EDGE('',*,*,#972,.F.);
#1256=ORIENTED_EDGE('',*,*,#971,.T.);
#1257=ORIENTED_EDGE('',*,*,#973,.F.);
#1258=ORIENTED_EDGE('',*,*,#974,.F.);
#1259=ORIENTED_EDGE('',*,*,#975,.F.);
#1260=ORIENTED_EDGE('',*,*,#974,.T.);
#1261=ORIENTED_EDGE('',*,*,#976,.F.);
#1262=ORIENTED_EDGE('',*,*,#977,.F.);
#1263=ORIENTED_EDGE('',*,*,#978,.F.);
#1264=ORIENTED_EDGE('',*,*,#977,.T.);
#1265=ORIENTED_EDGE('',*,*,#979,.F.);
#1266=ORIENTED_EDGE('',*,*,#980,.F.);
#1267=ORIENTED_EDGE('',*,*,#981,.F.);
#1268=ORIENTED_EDGE('',*,*,#980,.T.);
#1269=ORIENTED_EDGE('',*,*,#982,.F.);
#1270=ORIENTED_EDGE('',*,*,#960,.F.);
#1271=ORIENTED_EDGE('',*,*,#983,.F.);
#1272=ORIENTED_EDGE('',*,*,#984,.T.);
#1273=ORIENTED_EDGE('',*,*,#985,.F.);
#1274=ORIENTED_EDGE('',*,*,#986,.F.);
#1275=ORIENTED_EDGE('',*,*,#987,.F.);
#1276=ORIENTED_EDGE('',*,*,#986,.T.);
#1277=ORIENTED_EDGE('',*,*,#988,.F.);
#1278=ORIENTED_EDGE('',*,*,#989,.F.);
#1279=ORIENTED_EDGE('',*,*,#990,.F.);
#1280=ORIENTED_EDGE('',*,*,#989,.T.);
#1281=ORIENTED_EDGE('',*,*,#991,.F.);
#1282=ORIENTED_EDGE('',*,*,#992,.F.);
#1283=ORIENTED_EDGE('',*,*,#993,.F.);
#1284=ORIENTED_EDGE('',*,*,#992,.T.);
#1285=ORIENTED_EDGE('',*,*,#994,.F.);
#1286=ORIENTED_EDGE('',*,*,#995,.F.);
#1287=ORIENTED_EDGE('',*,*,#996,.F.);
#1288=ORIENTED_EDGE('',*,*,#995,.T.);
#1289=ORIENTED_EDGE('',*,*,#997,.F.);
#1290=ORIENTED_EDGE('',*,*,#998,.F.);
#1291=ORIENTED_EDGE('',*,*,#999,.F.);
#1292=ORIENTED_EDGE('',*,*,#998,.T.);
#1293=ORIENTED_EDGE('',*,*,#1000,.F.);
#1294=ORIENTED_EDGE('',*,*,#1001,.F.);
#1295=ORIENTED_EDGE('',*,*,#1002,.F.);
#1296=ORIENTED_EDGE('',*,*,#1001,.T.);
#1297=ORIENTED_EDGE('',*,*,#1003,.F.);
#1298=ORIENTED_EDGE('',*,*,#1004,.F.);
#1299=ORIENTED_EDGE('',*,*,#1005,.F.);
#1300=ORIENTED_EDGE('',*,*,#1004,.T.);
#1301=ORIENTED_EDGE('',*,*,#1006,.F.);
#1302=ORIENTED_EDGE('',*,*,#984,.F.);
#1303=ORIENTED_EDGE('',*,*,#1007,.F.);
#1304=ORIENTED_EDGE('',*,*,#1008,.T.);
#1305=ORIENTED_EDGE('',*,*,#1009,.F.);
#1306=ORIENTED_EDGE('',*,*,#1010,.F.);
#1307=ORIENTED_EDGE('',*,*,#1011,.F.);
#1308=ORIENTED_EDGE('',*,*,#1010,.T.);
#1309=ORIENTED_EDGE('',*,*,#1012,.F.);
#1310=ORIENTED_EDGE('',*,*,#1013,.F.);
#1311=ORIENTED_EDGE('',*,*,#1014,.F.);
#1312=ORIENTED_EDGE('',*,*,#1013,.T.);
#1313=ORIENTED_EDGE('',*,*,#1015,.F.);
#1314=ORIENTED_EDGE('',*,*,#1016,.F.);
#1315=ORIENTED_EDGE('',*,*,#1017,.F.);
#1316=ORIENTED_EDGE('',*,*,#1016,.T.);
#1317=ORIENTED_EDGE('',*,*,#1018,.F.);
#1318=ORIENTED_EDGE('',*,*,#1019,.F.);
#1319=ORIENTED_EDGE('',*,*,#1020,.F.);
#1320=ORIENTED_EDGE('',*,*,#1019,.T.);
#1321=ORIENTED_EDGE('',*,*,#1021,.F.);
#1322=ORIENTED_EDGE('',*,*,#1022,.F.);
#1323=ORIENTED_EDGE('',*,*,#1023,.F.);
#1324=ORIENTED_EDGE('',*,*,#1022,.T.);
#1325=ORIENTED_EDGE('',*,*,#1024,.F.);
#1326=ORIENTED_EDGE('',*,*,#1025,.F.);
#1327=ORIENTED_EDGE('',*,*,#1026,.F.);
#1328=ORIENTED_EDGE('',*,*,#1025,.T.);
#1329=ORIENTED_EDGE('',*,*,#1027,.F.);
#1330=ORIENTED_EDGE('',*,*,#1028,.F.);
#1331=ORIENTED_EDGE('',*,*,#1029,.F.);
#1332=ORIENTED_EDGE('',*,*,#1028,.T.);
#1333=ORIENTED_EDGE('',*,*,#1030,.F.);
#1334=ORIENTED_EDGE('',*,*,#1008,.F.);
#1335=ORIENTED_EDGE('',*,*,#1031,.F.);
#1336=ORIENTED_EDGE('',*,*,#1032,.T.);
#1337=ORIENTED_EDGE('',*,*,#1033,.F.);
#1338=ORIENTED_EDGE('',*,*,#1034,.F.);
#1339=ORIENTED_EDGE('',*,*,#1035,.F.);
#1340=ORIENTED_EDGE('',*,*,#1034,.T.);
#1341=ORIENTED_EDGE('',*,*,#1036,.F.);
#1342=ORIENTED_EDGE('',*,*,#1037,.F.);
#1343=ORIENTED_EDGE('',*,*,#1038,.F.);
#1344=ORIENTED_EDGE('',*,*,#1037,.T.);
#1345=ORIENTED_EDGE('',*,*,#1039,.F.);
#1346=ORIENTED_EDGE('',*,*,#1040,.F.);
#1347=ORIENTED_EDGE('',*,*,#1041,.F.);
#1348=ORIENTED_EDGE('',*,*,#1040,.T.);
#1349=ORIENTED_EDGE('',*,*,#1042,.F.);
#1350=ORIENTED_EDGE('',*,*,#1043,.F.);
#1351=ORIENTED_EDGE('',*,*,#1044,.F.);
#1352=ORIENTED_EDGE('',*,*,#1043,.T.);
#1353=ORIENTED_EDGE('',*,*,#1045,.F.);
#1354=ORIENTED_EDGE('',*,*,#1046,.F.);
#1355=ORIENTED_EDGE('',*,*,#1047,.F.);
#1356=ORIENTED_EDGE('',*,*,#1046,.T.);
#1357=ORIENTED_EDGE('',*,*,#1048,.F.);
#1358=ORIENTED_EDGE('',*,*,#1049,.F.);
#1359=ORIENTED_EDGE('',*,*,#1050,.F.);
#1360=ORIENTED_EDGE('',*,*,#1049,.T.);
#1361=ORIENTED_EDGE('',*,*,#1051,.F.);
#1362=ORIENTED_EDGE('',*,*,#1052,.F.);
#1363=ORIENTED_EDGE('',*,*,#1053,.F.);
#1364=ORIENTED_EDGE('',*,*,#1052,.T.);
#1365=ORIENTED_EDGE('',*,*,#1054,.F.);
#1366=ORIENTED_EDGE('',*,*,#1032,.F.);
#1367=ORIENTED_EDGE('',*,*,#1055,.F.);
#1368=ORIENTED_EDGE('',*,*,#1056,.T.);
#1369=ORIENTED_EDGE('',*,*,#1057,.F.);
#1370=ORIENTED_EDGE('',*,*,#1058,.F.);
#1371=ORIENTED_EDGE('',*,*,#1059,.F.);
#1372=ORIENTED_EDGE('',*,*,#1058,.T.);
#1373=ORIENTED_EDGE('',*,*,#1060,.F.);
#1374=ORIENTED_EDGE('',*,*,#1061,.F.);
#1375=ORIENTED_EDGE('',*,*,#1062,.F.);
#1376=ORIENTED_EDGE('',*,*,#1061,.T.);
#1377=ORIENTED_EDGE('',*,*,#1063,.F.);
#1378=ORIENTED_EDGE('',*,*,#1064,.F.);
#1379=ORIENTED_EDGE('',*,*,#1065,.F.);
#1380=ORIENTED_EDGE('',*,*,#1064,.T.);
#1381=ORIENTED_EDGE('',*,*,#1066,.F.);
#1382=ORIENTED_EDGE('',*,*,#1067,.F.);
#1383=ORIENTED_EDGE('',*,*,#1068,.F.);
#1384=ORIENTED_EDGE('',*,*,#1067,.T.);
#1385=ORIENTED_EDGE('',*,*,#1069,.F.);
#1386=ORIENTED_EDGE('',*,*,#1070,.F.);
#1387=ORIENTED_EDGE('',*,*,#1071,.F.);
#1388=ORIENTED_EDGE('',*,*,#1070,.T.);
#1389=ORIENTED_EDGE('',*,*,#1072,.F.);
#1390=ORIENTED_EDGE('',*,*,#1073,.F.);
#1391=ORIENTED_EDGE('',*,*,#1074,.F.);
#1392=ORIENTED_EDGE('',*,*,#1073,.T.);
#1393=ORIENTED_EDGE('',*,*,#1075,.F.);
#1394=ORIENTED_EDGE('',*,*,#1076,.F.);
#1395=ORIENTED_EDGE('',*,*,#1077,.F.);
#1396=ORIENTED_EDGE('',*,*,#1076,.T.);
#1397=ORIENTED_EDGE('',*,*,#1078,.F.);
#1398=ORIENTED_EDGE('',*,*,#1056,.F.);
#1399=ORIENTED_EDGE('',*,*,#1079,.F.);
#1400=ORIENTED_EDGE('',*,*,#1080,.T.);
#1401=ORIENTED_EDGE('',*,*,#1081,.F.);
#1402=ORIENTED_EDGE('',*,*,#1082,.F.);
#1403=ORIENTED_EDGE('',*,*,#1083,.F.);
#1404=ORIENTED_EDGE('',*,*,#1082,.T.);
#1405=ORIENTED_EDGE('',*,*,#1084,.F.);
#1406=ORIENTED_EDGE('',*,*,#1085,.F.);
#1407=ORIENTED_EDGE('',*,*,#1086,.F.);
#1408=ORIENTED_EDGE('',*,*,#1085,.T.);
#1409=ORIENTED_EDGE('',*,*,#1087,.F.);
#1410=ORIENTED_EDGE('',*,*,#1088,.F.);
#1411=ORIENTED_EDGE('',*,*,#1089,.F.);
#1412=ORIENTED_EDGE('',*,*,#1088,.T.);
#1413=ORIENTED_EDGE('',*,*,#1090,.F.);
#1414=ORIENTED_EDGE('',*,*,#1091,.F.);
#1415=ORIENTED_EDGE('',*,*,#1092,.F.);
#1416=ORIENTED_EDGE('',*,*,#1091,.T.);
#1417=ORIENTED_EDGE('',*,*,#1093,.F.);
#1418=ORIENTED_EDGE('',*,*,#1094,.F.);
#1419=ORIENTED_EDGE('',*,*,#1095,.F.);
#1420=ORIENTED_EDGE('',*,*,#1094,.T.);
#1421=ORIENTED_EDGE('',*,*,#1096,.F.);
#1422=ORIENTED_EDGE('',*,*,#1097,.F.);
#1423=ORIENTED_EDGE('',*,*,#1098,.F.);
#1424=ORIENTED_EDGE('',*,*,#1097,.T.);
#1425=ORIENTED_EDGE('',*,*,#1099,.F.);
#1426=ORIENTED_EDGE('',*,*,#1100,.F.);
#1427=ORIENTED_EDGE('',*,*,#1101,.F.);
#1428=ORIENTED_EDGE('',*,*,#1100,.T.);
#1429=ORIENTED_EDGE('',*,*,#1102,.F.);
#1430=ORIENTED_EDGE('',*,*,#1080,.F.);
#1431=ORIENTED_EDGE('',*,*,#1103,.F.);
#1432=ORIENTED_EDGE('',*,*,#1104,.T.);
#1433=ORIENTED_EDGE('',*,*,#1105,.F.);
#1434=ORIENTED_EDGE('',*,*,#1106,.F.);
#1435=ORIENTED_EDGE('',*,*,#1107,.F.);
#1436=ORIENTED_EDGE('',*,*,#1106,.T.);
#1437=ORIENTED_EDGE('',*,*,#1108,.F.);
#1438=ORIENTED_EDGE('',*,*,#1109,.F.);
#1439=ORIENTED_EDGE('',*,*,#1110,.F.);
#1440=ORIENTED_EDGE('',*,*,#1109,.T.);
#1441=ORIENTED_EDGE('',*,*,#1111,.F.);
#1442=ORIENTED_EDGE('',*,*,#1112,.F.);
#1443=ORIENTED_EDGE('',*,*,#1113,.F.);
#1444=ORIENTED_EDGE('',*,*,#1112,.T.);
#1445=ORIENTED_EDGE('',*,*,#1114,.F.);
#1446=ORIENTED_EDGE('',*,*,#1115,.F.);
#1447=ORIENTED_EDGE('',*,*,#1116,.F.);
#1448=ORIENTED_EDGE('',*,*,#1115,.T.);
#1449=ORIENTED_EDGE('',*,*,#1117,.F.);
#1450=ORIENTED_EDGE('',*,*,#1118,.F.);
#1451=ORIENTED_EDGE('',*,*,#1119,.F.);
#1452=ORIENTED_EDGE('',*,*,#1118,.T.);
#1453=ORIENTED_EDGE('',*,*,#1120,.F.);
#1454=ORIENTED_EDGE('',*,*,#1121,.F.);
#1455=ORIENTED_EDGE('',*,*,#1122,.F.);
#1456=ORIENTED_EDGE('',*,*,#1121,.T.);
#1457=ORIENTED_EDGE('',*,*,#1123,.F.);
#1458=ORIENTED_EDGE('',*,*,#1124,.F.);
#1459=ORIENTED_EDGE('',*,*,#1125,.F.);
#1460=ORIENTED_EDGE('',*,*,#1124,.T.);
#1461=ORIENTED_EDGE('',*,*,#1126,.F.);
#1462=ORIENTED_EDGE('',*,*,#1104,.F.);
#1463=ORIENTED_EDGE('',*,*,#1127,.F.);
#1464=ORIENTED_EDGE('',*,*,#1128,.T.);
#1465=ORIENTED_EDGE('',*,*,#1129,.F.);
#1466=ORIENTED_EDGE('',*,*,#1130,.F.);
#1467=ORIENTED_EDGE('',*,*,#1131,.F.);
#1468=ORIENTED_EDGE('',*,*,#1130,.T.);
#1469=ORIENTED_EDGE('',*,*,#1132,.F.);
#1470=ORIENTED_EDGE('',*,*,#1133,.F.);
#1471=ORIENTED_EDGE('',*,*,#1134,.F.);
#1472=ORIENTED_EDGE('',*,*,#1133,.T.);
#1473=ORIENTED_EDGE('',*,*,#1135,.F.);
#1474=ORIENTED_EDGE('',*,*,#1136,.F.);
#1475=ORIENTED_EDGE('',*,*,#1137,.F.);
#1476=ORIENTED_EDGE('',*,*,#1136,.T.);
#1477=ORIENTED_EDGE('',*,*,#1138,.F.);
#1478=ORIENTED_EDGE('',*,*,#1139,.F.);
#1479=ORIENTED_EDGE('',*,*,#1140,.F.);
#1480=ORIENTED_EDGE('',*,*,#1139,.T.);
#1481=ORIENTED_EDGE('',*,*,#1141,.F.);
#1482=ORIENTED_EDGE('',*,*,#1142,.F.);
#1483=ORIENTED_EDGE('',*,*,#1143,.F.);
#1484=ORIENTED_EDGE('',*,*,#1142,.T.);
#1485=ORIENTED_EDGE('',*,*,#1144,.F.);
#1486=ORIENTED_EDGE('',*,*,#1145,.F.);
#1487=ORIENTED_EDGE('',*,*,#1146,.F.);
#1488=ORIENTED_EDGE('',*,*,#1145,.T.);
#1489=ORIENTED_EDGE('',*,*,#1147,.F.);
#1490=ORIENTED_EDGE('',*,*,#1148,.F.);
#1491=ORIENTED_EDGE('',*,*,#1149,.F.);
#1492=ORIENTED_EDGE('',*,*,#1148,.T.);
#1493=ORIENTED_EDGE('',*,*,#1150,.F.);
#1494=ORIENTED_EDGE('',*,*,#1128,.F.);
#1495=ORIENTED_EDGE('',*,*,#1151,.F.);
#1496=ORIENTED_EDGE('',*,*,#1152,.T.);
#1497=ORIENTED_EDGE('',*,*,#1153,.F.);
#1498=ORIENTED_EDGE('',*,*,#1152,.F.);
#1499=ORIENTED_EDGE('',*,*,#1151,.T.);
#1500=ORIENTED_EDGE('',*,*,#1154,.F.);
#1501=ORIENTED_EDGE('',*,*,#1155,.T.);
#1502=ORIENTED_EDGE('',*,*,#1156,.F.);
#1503=ORIENTED_EDGE('',*,*,#1155,.F.);
#1504=ORIENTED_EDGE('',*,*,#1154,.T.);
#1505=ORIENTED_EDGE('',*,*,#1157,.F.);
#1506=ORIENTED_EDGE('',*,*,#1158,.T.);
#1507=ORIENTED_EDGE('',*,*,#1159,.F.);
#1508=ORIENTED_EDGE('',*,*,#1158,.F.);
#1509=ORIENTED_EDGE('',*,*,#1157,.T.);
#1510=ORIENTED_EDGE('',*,*,#1160,.F.);
#1511=ORIENTED_EDGE('',*,*,#1161,.T.);
#1512=ORIENTED_EDGE('',*,*,#1162,.F.);
#1513=ORIENTED_EDGE('',*,*,#1161,.F.);
#1514=ORIENTED_EDGE('',*,*,#1160,.T.);
#1515=ORIENTED_EDGE('',*,*,#1163,.T.);
#1516=ORIENTED_EDGE('',*,*,#1164,.T.);
#1517=ORIENTED_EDGE('',*,*,#1165,.T.);
#1518=ORIENTED_EDGE('',*,*,#1166,.T.);
#1519=ORIENTED_EDGE('',*,*,#1167,.T.);
#1520=ORIENTED_EDGE('',*,*,#1168,.T.);
#1521=ORIENTED_EDGE('',*,*,#1169,.T.);
#1522=ORIENTED_EDGE('',*,*,#1170,.T.);
#1523=ORIENTED_EDGE('',*,*,#1171,.T.);
#1524=ORIENTED_EDGE('',*,*,#1168,.F.);
#1525=ORIENTED_EDGE('',*,*,#1172,.F.);
#1526=ORIENTED_EDGE('',*,*,#1166,.F.);
#1527=ORIENTED_EDGE('',*,*,#924,.T.);
#1528=ORIENTED_EDGE('',*,*,#927,.T.);
#1529=ORIENTED_EDGE('',*,*,#930,.T.);
#1530=ORIENTED_EDGE('',*,*,#933,.T.);
#1531=ORIENTED_EDGE('',*,*,#911,.T.);
#1532=ORIENTED_EDGE('',*,*,#915,.T.);
#1533=ORIENTED_EDGE('',*,*,#918,.T.);
#1534=ORIENTED_EDGE('',*,*,#921,.T.);
#1535=ORIENTED_EDGE('',*,*,#948,.T.);
#1536=ORIENTED_EDGE('',*,*,#951,.T.);
#1537=ORIENTED_EDGE('',*,*,#954,.T.);
#1538=ORIENTED_EDGE('',*,*,#957,.T.);
#1539=ORIENTED_EDGE('',*,*,#935,.T.);
#1540=ORIENTED_EDGE('',*,*,#939,.T.);
#1541=ORIENTED_EDGE('',*,*,#942,.T.);
#1542=ORIENTED_EDGE('',*,*,#945,.T.);
#1543=ORIENTED_EDGE('',*,*,#972,.T.);
#1544=ORIENTED_EDGE('',*,*,#975,.T.);
#1545=ORIENTED_EDGE('',*,*,#978,.T.);
#1546=ORIENTED_EDGE('',*,*,#981,.T.);
#1547=ORIENTED_EDGE('',*,*,#959,.T.);
#1548=ORIENTED_EDGE('',*,*,#963,.T.);
#1549=ORIENTED_EDGE('',*,*,#966,.T.);
#1550=ORIENTED_EDGE('',*,*,#969,.T.);
#1551=ORIENTED_EDGE('',*,*,#996,.T.);
#1552=ORIENTED_EDGE('',*,*,#999,.T.);
#1553=ORIENTED_EDGE('',*,*,#1002,.T.);
#1554=ORIENTED_EDGE('',*,*,#1005,.T.);
#1555=ORIENTED_EDGE('',*,*,#983,.T.);
#1556=ORIENTED_EDGE('',*,*,#987,.T.);
#1557=ORIENTED_EDGE('',*,*,#990,.T.);
#1558=ORIENTED_EDGE('',*,*,#993,.T.);
#1559=ORIENTED_EDGE('',*,*,#1020,.T.);
#1560=ORIENTED_EDGE('',*,*,#1023,.T.);
#1561=ORIENTED_EDGE('',*,*,#1026,.T.);
#1562=ORIENTED_EDGE('',*,*,#1029,.T.);
#1563=ORIENTED_EDGE('',*,*,#1007,.T.);
#1564=ORIENTED_EDGE('',*,*,#1011,.T.);
#1565=ORIENTED_EDGE('',*,*,#1014,.T.);
#1566=ORIENTED_EDGE('',*,*,#1017,.T.);
#1567=ORIENTED_EDGE('',*,*,#1044,.T.);
#1568=ORIENTED_EDGE('',*,*,#1047,.T.);
#1569=ORIENTED_EDGE('',*,*,#1050,.T.);
#1570=ORIENTED_EDGE('',*,*,#1053,.T.);
#1571=ORIENTED_EDGE('',*,*,#1031,.T.);
#1572=ORIENTED_EDGE('',*,*,#1035,.T.);
#1573=ORIENTED_EDGE('',*,*,#1038,.T.);
#1574=ORIENTED_EDGE('',*,*,#1041,.T.);
#1575=ORIENTED_EDGE('',*,*,#1068,.T.);
#1576=ORIENTED_EDGE('',*,*,#1071,.T.);
#1577=ORIENTED_EDGE('',*,*,#1074,.T.);
#1578=ORIENTED_EDGE('',*,*,#1077,.T.);
#1579=ORIENTED_EDGE('',*,*,#1055,.T.);
#1580=ORIENTED_EDGE('',*,*,#1059,.T.);
#1581=ORIENTED_EDGE('',*,*,#1062,.T.);
#1582=ORIENTED_EDGE('',*,*,#1065,.T.);
#1583=ORIENTED_EDGE('',*,*,#1092,.T.);
#1584=ORIENTED_EDGE('',*,*,#1095,.T.);
#1585=ORIENTED_EDGE('',*,*,#1098,.T.);
#1586=ORIENTED_EDGE('',*,*,#1101,.T.);
#1587=ORIENTED_EDGE('',*,*,#1079,.T.);
#1588=ORIENTED_EDGE('',*,*,#1083,.T.);
#1589=ORIENTED_EDGE('',*,*,#1086,.T.);
#1590=ORIENTED_EDGE('',*,*,#1089,.T.);
#1591=ORIENTED_EDGE('',*,*,#1116,.T.);
#1592=ORIENTED_EDGE('',*,*,#1119,.T.);
#1593=ORIENTED_EDGE('',*,*,#1122,.T.);
#1594=ORIENTED_EDGE('',*,*,#1125,.T.);
#1595=ORIENTED_EDGE('',*,*,#1103,.T.);
#1596=ORIENTED_EDGE('',*,*,#1107,.T.);
#1597=ORIENTED_EDGE('',*,*,#1110,.T.);
#1598=ORIENTED_EDGE('',*,*,#1113,.T.);
#1599=ORIENTED_EDGE('',*,*,#1140,.T.);
#1600=ORIENTED_EDGE('',*,*,#1143,.T.);
#1601=ORIENTED_EDGE('',*,*,#1146,.T.);
#1602=ORIENTED_EDGE('',*,*,#1149,.T.);
#1603=ORIENTED_EDGE('',*,*,#1127,.T.);
#1604=ORIENTED_EDGE('',*,*,#1131,.T.);
#1605=ORIENTED_EDGE('',*,*,#1134,.T.);
#1606=ORIENTED_EDGE('',*,*,#1137,.T.);
#1607=ORIENTED_EDGE('',*,*,#1173,.T.);
#1608=ORIENTED_EDGE('',*,*,#1169,.F.);
#1609=ORIENTED_EDGE('',*,*,#1171,.F.);
#1610=ORIENTED_EDGE('',*,*,#1165,.F.);
#1611=ORIENTED_EDGE('',*,*,#1174,.T.);
#1612=ORIENTED_EDGE('',*,*,#1170,.F.);
#1613=ORIENTED_EDGE('',*,*,#1173,.F.);
#1614=ORIENTED_EDGE('',*,*,#1164,.F.);
#1615=ORIENTED_EDGE('',*,*,#925,.T.);
#1616=ORIENTED_EDGE('',*,*,#922,.T.);
#1617=ORIENTED_EDGE('',*,*,#919,.T.);
#1618=ORIENTED_EDGE('',*,*,#916,.T.);
#1619=ORIENTED_EDGE('',*,*,#913,.T.);
#1620=ORIENTED_EDGE('',*,*,#934,.T.);
#1621=ORIENTED_EDGE('',*,*,#931,.T.);
#1622=ORIENTED_EDGE('',*,*,#928,.T.);
#1623=ORIENTED_EDGE('',*,*,#949,.T.);
#1624=ORIENTED_EDGE('',*,*,#946,.T.);
#1625=ORIENTED_EDGE('',*,*,#943,.T.);
#1626=ORIENTED_EDGE('',*,*,#940,.T.);
#1627=ORIENTED_EDGE('',*,*,#937,.T.);
#1628=ORIENTED_EDGE('',*,*,#958,.T.);
#1629=ORIENTED_EDGE('',*,*,#955,.T.);
#1630=ORIENTED_EDGE('',*,*,#952,.T.);
#1631=ORIENTED_EDGE('',*,*,#973,.T.);
#1632=ORIENTED_EDGE('',*,*,#970,.T.);
#1633=ORIENTED_EDGE('',*,*,#967,.T.);
#1634=ORIENTED_EDGE('',*,*,#964,.T.);
#1635=ORIENTED_EDGE('',*,*,#961,.T.);
#1636=ORIENTED_EDGE('',*,*,#982,.T.);
#1637=ORIENTED_EDGE('',*,*,#979,.T.);
#1638=ORIENTED_EDGE('',*,*,#976,.T.);
#1639=ORIENTED_EDGE('',*,*,#997,.T.);
#1640=ORIENTED_EDGE('',*,*,#994,.T.);
#1641=ORIENTED_EDGE('',*,*,#991,.T.);
#1642=ORIENTED_EDGE('',*,*,#988,.T.);
#1643=ORIENTED_EDGE('',*,*,#985,.T.);
#1644=ORIENTED_EDGE('',*,*,#1006,.T.);
#1645=ORIENTED_EDGE('',*,*,#1003,.T.);
#1646=ORIENTED_EDGE('',*,*,#1000,.T.);
#1647=ORIENTED_EDGE('',*,*,#1021,.T.);
#1648=ORIENTED_EDGE('',*,*,#1018,.T.);
#1649=ORIENTED_EDGE('',*,*,#1015,.T.);
#1650=ORIENTED_EDGE('',*,*,#1012,.T.);
#1651=ORIENTED_EDGE('',*,*,#1009,.T.);
#1652=ORIENTED_EDGE('',*,*,#1030,.T.);
#1653=ORIENTED_EDGE('',*,*,#1027,.T.);
#1654=ORIENTED_EDGE('',*,*,#1024,.T.);
#1655=ORIENTED_EDGE('',*,*,#1045,.T.);
#1656=ORIENTED_EDGE('',*,*,#1042,.T.);
#1657=ORIENTED_EDGE('',*,*,#1039,.T.);
#1658=ORIENTED_EDGE('',*,*,#1036,.T.);
#1659=ORIENTED_EDGE('',*,*,#1033,.T.);
#1660=ORIENTED_EDGE('',*,*,#1054,.T.);
#1661=ORIENTED_EDGE('',*,*,#1051,.T.);
#1662=ORIENTED_EDGE('',*,*,#1048,.T.);
#1663=ORIENTED_EDGE('',*,*,#1069,.T.);
#1664=ORIENTED_EDGE('',*,*,#1066,.T.);
#1665=ORIENTED_EDGE('',*,*,#1063,.T.);
#1666=ORIENTED_EDGE('',*,*,#1060,.T.);
#1667=ORIENTED_EDGE('',*,*,#1057,.T.);
#1668=ORIENTED_EDGE('',*,*,#1078,.T.);
#1669=ORIENTED_EDGE('',*,*,#1075,.T.);
#1670=ORIENTED_EDGE('',*,*,#1072,.T.);
#1671=ORIENTED_EDGE('',*,*,#1093,.T.);
#1672=ORIENTED_EDGE('',*,*,#1090,.T.);
#1673=ORIENTED_EDGE('',*,*,#1087,.T.);
#1674=ORIENTED_EDGE('',*,*,#1084,.T.);
#1675=ORIENTED_EDGE('',*,*,#1081,.T.);
#1676=ORIENTED_EDGE('',*,*,#1102,.T.);
#1677=ORIENTED_EDGE('',*,*,#1099,.T.);
#1678=ORIENTED_EDGE('',*,*,#1096,.T.);
#1679=ORIENTED_EDGE('',*,*,#1117,.T.);
#1680=ORIENTED_EDGE('',*,*,#1114,.T.);
#1681=ORIENTED_EDGE('',*,*,#1111,.T.);
#1682=ORIENTED_EDGE('',*,*,#1108,.T.);
#1683=ORIENTED_EDGE('',*,*,#1105,.T.);
#1684=ORIENTED_EDGE('',*,*,#1126,.T.);
#1685=ORIENTED_EDGE('',*,*,#1123,.T.);
#1686=ORIENTED_EDGE('',*,*,#1120,.T.);
#1687=ORIENTED_EDGE('',*,*,#1141,.T.);
#1688=ORIENTED_EDGE('',*,*,#1138,.T.);
#1689=ORIENTED_EDGE('',*,*,#1135,.T.);
#1690=ORIENTED_EDGE('',*,*,#1132,.T.);
#1691=ORIENTED_EDGE('',*,*,#1129,.T.);
#1692=ORIENTED_EDGE('',*,*,#1150,.T.);
#1693=ORIENTED_EDGE('',*,*,#1147,.T.);
#1694=ORIENTED_EDGE('',*,*,#1144,.T.);
#1695=ORIENTED_EDGE('',*,*,#1153,.T.);
#1696=ORIENTED_EDGE('',*,*,#1156,.T.);
#1697=ORIENTED_EDGE('',*,*,#1159,.T.);
#1698=ORIENTED_EDGE('',*,*,#1162,.T.);
#1699=ORIENTED_EDGE('',*,*,#1172,.T.);
#1700=ORIENTED_EDGE('',*,*,#1167,.F.);
#1701=ORIENTED_EDGE('',*,*,#1174,.F.);
#1702=ORIENTED_EDGE('',*,*,#1163,.F.);
#1703=PLANE('',#1861);
#1704=PLANE('',#1862);
#1705=PLANE('',#1863);
#1706=PLANE('',#1864);
#1707=PLANE('',#1865);
#1708=PLANE('',#1866);
#1709=PLANE('',#1867);
#1710=PLANE('',#1868);
#1711=PLANE('',#1869);
#1712=PLANE('',#1870);
#1713=PLANE('',#1871);
#1714=PLANE('',#1872);
#1715=PLANE('',#1873);
#1716=PLANE('',#1874);
#1717=PLANE('',#1875);
#1718=PLANE('',#1876);
#1719=PLANE('',#1877);
#1720=PLANE('',#1878);
#1721=PLANE('',#1879);
#1722=PLANE('',#1880);
#1723=PLANE('',#1881);
#1724=PLANE('',#1882);
#1725=PLANE('',#1883);
#1726=PLANE('',#1884);
#1727=PLANE('',#1885);
#1728=PLANE('',#1886);
#1729=PLANE('',#1887);
#1730=PLANE('',#1888);
#1731=PLANE('',#1889);
#1732=PLANE('',#1890);
#1733=PLANE('',#1891);
#1734=PLANE('',#1892);
#1735=PLANE('',#1893);
#1736=PLANE('',#1894);
#1737=PLANE('',#1895);
#1738=PLANE('',#1896);
#1739=PLANE('',#1897);
#1740=PLANE('',#1898);
#1741=PLANE('',#1899);
#1742=PLANE('',#1900);
#1743=PLANE('',#1904);
#1744=PLANE('',#1908);
#1745=PLANE('',#1912);
#1746=PLANE('',#1916);
#1747=PLANE('',#1917);
#1748=PLANE('',#1918);
#1749=PLANE('',#1919);
#1750=PLANE('',#1920);
#1751=PLANE('',#1921);
#1752=PLANE('',#1922);
#1753=ADVANCED_FACE('',(#171),#1703,.T.);
#1754=ADVANCED_FACE('',(#172),#131,.T.);
#1755=ADVANCED_FACE('',(#173),#1704,.T.);
#1756=ADVANCED_FACE('',(#174),#132,.T.);
#1757=ADVANCED_FACE('',(#175),#1705,.T.);
#1758=ADVANCED_FACE('',(#176),#133,.T.);
#1759=ADVANCED_FACE('',(#177),#1706,.T.);
#1760=ADVANCED_FACE('',(#178),#134,.T.);
#1761=ADVANCED_FACE('',(#179),#135,.T.);
#1762=ADVANCED_FACE('',(#180),#1707,.T.);
#1763=ADVANCED_FACE('',(#181),#136,.T.);
#1764=ADVANCED_FACE('',(#182),#1708,.T.);
#1765=ADVANCED_FACE('',(#183),#137,.T.);
#1766=ADVANCED_FACE('',(#184),#1709,.T.);
#1767=ADVANCED_FACE('',(#185),#138,.T.);
#1768=ADVANCED_FACE('',(#186),#1710,.T.);
#1769=ADVANCED_FACE('',(#187),#139,.T.);
#1770=ADVANCED_FACE('',(#188),#1711,.T.);
#1771=ADVANCED_FACE('',(#189),#140,.T.);
#1772=ADVANCED_FACE('',(#190),#1712,.T.);
#1773=ADVANCED_FACE('',(#191),#141,.T.);
#1774=ADVANCED_FACE('',(#192),#1713,.T.);
#1775=ADVANCED_FACE('',(#193),#142,.T.);
#1776=ADVANCED_FACE('',(#194),#1714,.T.);
#1777=ADVANCED_FACE('',(#195),#143,.T.);
#1778=ADVANCED_FACE('',(#196),#1715,.T.);
#1779=ADVANCED_FACE('',(#197),#144,.T.);
#1780=ADVANCED_FACE('',(#198),#1716,.T.);
#1781=ADVANCED_FACE('',(#199),#145,.T.);
#1782=ADVANCED_FACE('',(#200),#1717,.T.);
#1783=ADVANCED_FACE('',(#201),#146,.T.);
#1784=ADVANCED_FACE('',(#202),#1718,.T.);
#1785=ADVANCED_FACE('',(#203),#147,.T.);
#1786=ADVANCED_FACE('',(#204),#1719,.T.);
#1787=ADVANCED_FACE('',(#205),#148,.T.);
#1788=ADVANCED_FACE('',(#206),#1720,.T.);
#1789=ADVANCED_FACE('',(#207),#149,.T.);
#1790=ADVANCED_FACE('',(#208),#1721,.T.);
#1791=ADVANCED_FACE('',(#209),#150,.T.);
#1792=ADVANCED_FACE('',(#210),#1722,.T.);
#1793=ADVANCED_FACE('',(#211),#1723,.T.);
#1794=ADVANCED_FACE('',(#212),#151,.T.);
#1795=ADVANCED_FACE('',(#213),#1724,.T.);
#1796=ADVANCED_FACE('',(#214),#152,.T.);
#1797=ADVANCED_FACE('',(#215),#1725,.T.);
#1798=ADVANCED_FACE('',(#216),#153,.T.);
#1799=ADVANCED_FACE('',(#217),#1726,.T.);
#1800=ADVANCED_FACE('',(#218),#154,.T.);
#1801=ADVANCED_FACE('',(#219),#1727,.T.);
#1802=ADVANCED_FACE('',(#220),#155,.T.);
#1803=ADVANCED_FACE('',(#221),#1728,.T.);
#1804=ADVANCED_FACE('',(#222),#156,.T.);
#1805=ADVANCED_FACE('',(#223),#1729,.T.);
#1806=ADVANCED_FACE('',(#224),#157,.T.);
#1807=ADVANCED_FACE('',(#225),#1730,.T.);
#1808=ADVANCED_FACE('',(#226),#158,.T.);
#1809=ADVANCED_FACE('',(#227),#1731,.T.);
#1810=ADVANCED_FACE('',(#228),#159,.T.);
#1811=ADVANCED_FACE('',(#229),#1732,.T.);
#1812=ADVANCED_FACE('',(#230),#160,.T.);
#1813=ADVANCED_FACE('',(#231),#1733,.T.);
#1814=ADVANCED_FACE('',(#232),#161,.T.);
#1815=ADVANCED_FACE('',(#233),#1734,.T.);
#1816=ADVANCED_FACE('',(#234),#162,.T.);
#1817=ADVANCED_FACE('',(#235),#1735,.T.);
#1818=ADVANCED_FACE('',(#236),#163,.T.);
#1819=ADVANCED_FACE('',(#237),#1736,.T.);
#1820=ADVANCED_FACE('',(#238),#164,.T.);
#1821=ADVANCED_FACE('',(#239),#1737,.T.);
#1822=ADVANCED_FACE('',(#240),#165,.T.);
#1823=ADVANCED_FACE('',(#241),#1738,.T.);
#1824=ADVANCED_FACE('',(#242),#166,.T.);
#1825=ADVANCED_FACE('',(#243),#1739,.T.);
#1826=ADVANCED_FACE('',(#244),#167,.T.);
#1827=ADVANCED_FACE('',(#245),#1740,.T.);
#1828=ADVANCED_FACE('',(#246),#168,.T.);
#1829=ADVANCED_FACE('',(#247),#1741,.T.);
#1830=ADVANCED_FACE('',(#248),#169,.T.);
#1831=ADVANCED_FACE('',(#249),#1742,.T.);
#1832=ADVANCED_FACE('',(#250),#170,.T.);
#1833=ADVANCED_FACE('',(#251),#47,.F.);
#1834=ADVANCED_FACE('',(#252),#1743,.T.);
#1835=ADVANCED_FACE('',(#253),#48,.F.);
#1836=ADVANCED_FACE('',(#254),#1744,.T.);
#1837=ADVANCED_FACE('',(#255),#49,.F.);
#1838=ADVANCED_FACE('',(#256),#1745,.T.);
#1839=ADVANCED_FACE('',(#257),#50,.F.);
#1840=ADVANCED_FACE('',(#258),#1746,.T.);
#1841=ADVANCED_FACE('',(#259),#1747,.T.);
#1842=ADVANCED_FACE('',(#260),#1748,.F.);
#1843=ADVANCED_FACE('',(#261,#15,#16,#17,#18,#19,#20,#21,#22,#23,#24),#1749,
 .F.);
#1844=ADVANCED_FACE('',(#262),#1750,.F.);
#1845=ADVANCED_FACE('',(#263,#25,#26,#27,#28,#29,#30,#31,#32,#33,#34,#35,
#36,#37,#38),#1751,.F.);
#1846=ADVANCED_FACE('',(#264),#1752,.F.);
#1847=CLOSED_SHELL('',(#1753,#1754,#1755,#1756,#1757,#1758,#1759,#1760,
#1761,#1762,#1763,#1764,#1765,#1766,#1767,#1768,#1769,#1770,#1771,#1772,
#1773,#1774,#1775,#1776,#1777,#1778,#1779,#1780,#1781,#1782,#1783,#1784,
#1785,#1786,#1787,#1788,#1789,#1790,#1791,#1792,#1793,#1794,#1795,#1796,
#1797,#1798,#1799,#1800,#1801,#1802,#1803,#1804,#1805,#1806,#1807,#1808,
#1809,#1810,#1811,#1812,#1813,#1814,#1815,#1816,#1817,#1818,#1819,#1820,
#1821,#1822,#1823,#1824,#1825,#1826,#1827,#1828,#1829,#1830,#1831,#1832,
#1833,#1834,#1835,#1836,#1837,#1838,#1839,#1840,#1841,#1842,#1843,#1844,
#1845,#1846));
#1848=DERIVED_UNIT_ELEMENT(#1850,1.);
#1849=DERIVED_UNIT_ELEMENT(#3605,-3.);
#1850=(
MASS_UNIT()
NAMED_UNIT(*)
SI_UNIT(.KILO.,.GRAM.)
);
#1851=DERIVED_UNIT((#1848,#1849));
#1852=MEASURE_REPRESENTATION_ITEM('density measure',
POSITIVE_RATIO_MEASURE(7850.),#1851);
#1853=PROPERTY_DEFINITION_REPRESENTATION(#1858,#1855);
#1854=PROPERTY_DEFINITION_REPRESENTATION(#1859,#1856);
#1855=REPRESENTATION('material name',(#1857),#3602);
#1856=REPRESENTATION('density',(#1852),#3602);
#1857=DESCRIPTIVE_REPRESENTATION_ITEM('Steel','Steel');
#1858=PROPERTY_DEFINITION('material property','material name',#3612);
#1859=PROPERTY_DEFINITION('material property','density of part',#3612);
#1860=AXIS2_PLACEMENT_3D('',#2225,#1923,#1924);
#1861=AXIS2_PLACEMENT_3D('',#2226,#1925,#1926);
#1862=AXIS2_PLACEMENT_3D('',#2262,#1932,#1933);
#1863=AXIS2_PLACEMENT_3D('',#2295,#1938,#1939);
#1864=AXIS2_PLACEMENT_3D('',#2328,#1944,#1945);
#1865=AXIS2_PLACEMENT_3D('',#2388,#1951,#1952);
#1866=AXIS2_PLACEMENT_3D('',#2421,#1957,#1958);
#1867=AXIS2_PLACEMENT_3D('',#2454,#1963,#1964);
#1868=AXIS2_PLACEMENT_3D('',#2487,#1969,#1970);
#1869=AXIS2_PLACEMENT_3D('',#2520,#1975,#1976);
#1870=AXIS2_PLACEMENT_3D('',#2553,#1981,#1982);
#1871=AXIS2_PLACEMENT_3D('',#2586,#1987,#1988);
#1872=AXIS2_PLACEMENT_3D('',#2619,#1993,#1994);
#1873=AXIS2_PLACEMENT_3D('',#2652,#1999,#2000);
#1874=AXIS2_PLACEMENT_3D('',#2685,#2005,#2006);
#1875=AXIS2_PLACEMENT_3D('',#2718,#2011,#2012);
#1876=AXIS2_PLACEMENT_3D('',#2751,#2017,#2018);
#1877=AXIS2_PLACEMENT_3D('',#2784,#2023,#2024);
#1878=AXIS2_PLACEMENT_3D('',#2817,#2029,#2030);
#1879=AXIS2_PLACEMENT_3D('',#2850,#2035,#2036);
#1880=AXIS2_PLACEMENT_3D('',#2883,#2041,#2042);
#1881=AXIS2_PLACEMENT_3D('',#2886,#2045,#2046);
#1882=AXIS2_PLACEMENT_3D('',#2922,#2052,#2053);
#1883=AXIS2_PLACEMENT_3D('',#2955,#2058,#2059);
#1884=AXIS2_PLACEMENT_3D('',#2988,#2064,#2065);
#1885=AXIS2_PLACEMENT_3D('',#3018,#2069,#2070);
#1886=AXIS2_PLACEMENT_3D('',#3054,#2076,#2077);
#1887=AXIS2_PLACEMENT_3D('',#3087,#2082,#2083);
#1888=AXIS2_PLACEMENT_3D('',#3120,#2088,#2089);
#1889=AXIS2_PLACEMENT_3D('',#3150,#2093,#2094);
#1890=AXIS2_PLACEMENT_3D('',#3186,#2100,#2101);
#1891=AXIS2_PLACEMENT_3D('',#3219,#2106,#2107);
#1892=AXIS2_PLACEMENT_3D('',#3252,#2112,#2113);
#1893=AXIS2_PLACEMENT_3D('',#3282,#2117,#2118);
#1894=AXIS2_PLACEMENT_3D('',#3318,#2124,#2125);
#1895=AXIS2_PLACEMENT_3D('',#3351,#2130,#2131);
#1896=AXIS2_PLACEMENT_3D('',#3384,#2136,#2137);
#1897=AXIS2_PLACEMENT_3D('',#3414,#2141,#2142);
#1898=AXIS2_PLACEMENT_3D('',#3450,#2148,#2149);
#1899=AXIS2_PLACEMENT_3D('',#3483,#2154,#2155);
#1900=AXIS2_PLACEMENT_3D('',#3516,#2160,#2161);
#1901=AXIS2_PLACEMENT_3D('',#3546,#2165,#2166);
#1902=AXIS2_PLACEMENT_3D('',#3548,#2167,#2168);
#1903=AXIS2_PLACEMENT_3D('',#3551,#2170,#2171);
#1904=AXIS2_PLACEMENT_3D('',#3552,#2172,#2173);
#1905=AXIS2_PLACEMENT_3D('',#3553,#2174,#2175);
#1906=AXIS2_PLACEMENT_3D('',#3555,#2176,#2177);
#1907=AXIS2_PLACEMENT_3D('',#3558,#2179,#2180);
#1908=AXIS2_PLACEMENT_3D('',#3559,#2181,#2182);
#1909=AXIS2_PLACEMENT_3D('',#3560,#2183,#2184);
#1910=AXIS2_PLACEMENT_3D('',#3562,#2185,#2186);
#1911=AXIS2_PLACEMENT_3D('',#3565,#2188,#2189);
#1912=AXIS2_PLACEMENT_3D('',#3566,#2190,#2191);
#1913=AXIS2_PLACEMENT_3D('',#3567,#2192,#2193);
#1914=AXIS2_PLACEMENT_3D('',#3569,#2194,#2195);
#1915=AXIS2_PLACEMENT_3D('',#3572,#2197,#2198);
#1916=AXIS2_PLACEMENT_3D('',#3573,#2199,#2200);
#1917=AXIS2_PLACEMENT_3D('',#3574,#2201,#2202);
#1918=AXIS2_PLACEMENT_3D('',#3583,#2207,#2208);
#1919=AXIS2_PLACEMENT_3D('',#3592,#2213,#2214);
#1920=AXIS2_PLACEMENT_3D('',#3595,#2217,#2218);
#1921=AXIS2_PLACEMENT_3D('',#3597,#2220,#2221);
#1922=AXIS2_PLACEMENT_3D('',#3599,#2223,#2224);
#1923=DIRECTION('axis',(0.,0.,1.));
#1924=DIRECTION('refdir',(1.,0.,0.));
#1925=DIRECTION('center_axis',(1.,0.,0.));
#1926=DIRECTION('ref_axis',(0.,0.,-1.));
#1927=DIRECTION('',(0.,-1.,2.24329677942473E-16));
#1928=DIRECTION('',(0.,-5.12618725444557E-16,1.));
#1929=DIRECTION('',(0.,1.,-2.24329677942473E-16));
#1930=DIRECTION('',(0.,-5.12618725444557E-16,1.));
#1931=DIRECTION('',(0.,-5.12618725444557E-16,1.));
#1932=DIRECTION('center_axis',(0.,1.,5.12618725444557E-16));
#1933=DIRECTION('ref_axis',(0.,-5.12618725444557E-16,1.));
#1934=DIRECTION('',(1.,0.,0.));
#1935=DIRECTION('',(-1.,0.,0.));
#1936=DIRECTION('',(0.,-5.12618725444557E-16,1.));
#1937=DIRECTION('',(0.,-5.12618725444557E-16,1.));
#1938=DIRECTION('center_axis',(-1.,0.,0.));
#1939=DIRECTION('ref_axis',(0.,0.,1.));
#1940=DIRECTION('',(0.,1.,-2.24329677942473E-16));
#1941=DIRECTION('',(0.,-1.,2.24329677942473E-16));
#1942=DIRECTION('',(0.,-5.12618725444557E-16,1.));
#1943=DIRECTION('',(0.,-5.12618725444557E-16,1.));
#1944=DIRECTION('center_axis',(0.,-1.,-5.12618725444557E-16));
#1945=DIRECTION('ref_axis',(0.,5.12618725444557E-16,-1.));
#1946=DIRECTION('',(-1.,0.,0.));
#1947=DIRECTION('',(1.,0.,0.));
#1948=DIRECTION('',(0.,-5.12618725444557E-16,1.));
#1949=DIRECTION('',(0.,-5.12618725444557E-16,1.));
#1950=DIRECTION('',(0.,-5.12618725444557E-16,1.));
#1951=DIRECTION('center_axis',(-1.,0.,0.));
#1952=DIRECTION('ref_axis',(0.,0.,1.));
#1953=DIRECTION('',(0.,1.,-2.24329677942473E-16));
#1954=DIRECTION('',(0.,-1.,2.24329677942473E-16));
#1955=DIRECTION('',(0.,-5.12618725444557E-16,1.));
#1956=DIRECTION('',(0.,-5.12618725444557E-16,1.));
#1957=DIRECTION('center_axis',(0.,-1.,-5.12618725444557E-16));
#1958=DIRECTION('ref_axis',(0.,5.12618725444557E-16,-1.));
#1959=DIRECTION('',(-1.,0.,0.));
#1960=DIRECTION('',(1.,0.,0.));
#1961=DIRECTION('',(0.,-5.12618725444557E-16,1.));
#1962=DIRECTION('',(0.,-5.12618725444557E-16,1.));
#1963=DIRECTION('center_axis',(1.,0.,0.));
#1964=DIRECTION('ref_axis',(0.,0.,-1.));
#1965=DIRECTION('',(0.,-1.,2.24329677942473E-16));
#1966=DIRECTION('',(0.,1.,-2.24329677942473E-16));
#1967=DIRECTION('',(0.,-5.12618725444557E-16,1.));
#1968=DIRECTION('',(0.,-5.12618725444557E-16,1.));
#1969=DIRECTION('center_axis',(0.,1.,5.12618725444557E-16));
#1970=DIRECTION('ref_axis',(0.,-5.12618725444557E-16,1.));
#1971=DIRECTION('',(1.,0.,0.));
#1972=DIRECTION('',(-1.,0.,0.));
#1973=DIRECTION('',(0.,-5.12618725444557E-16,1.));
#1974=DIRECTION('',(0.,-5.12618725444557E-16,1.));
#1975=DIRECTION('center_axis',(-1.,0.,0.));
#1976=DIRECTION('ref_axis',(0.,0.,1.));
#1977=DIRECTION('',(0.,1.,-2.24329677942473E-16));
#1978=DIRECTION('',(0.,-1.,2.24329677942473E-16));
#1979=DIRECTION('',(0.,-5.12618725444557E-16,1.));
#1980=DIRECTION('',(0.,-5.12618725444557E-16,1.));
#1981=DIRECTION('center_axis',(0.,-1.,-5.12618725444557E-16));
#1982=DIRECTION('ref_axis',(0.,5.12618725444557E-16,-1.));
#1983=DIRECTION('',(-1.,0.,0.));
#1984=DIRECTION('',(1.,0.,0.));
#1985=DIRECTION('',(0.,-5.12618725444557E-16,1.));
#1986=DIRECTION('',(0.,-5.12618725444557E-16,1.));
#1987=DIRECTION('center_axis',(1.,0.,0.));
#1988=DIRECTION('ref_axis',(0.,0.,-1.));
#1989=DIRECTION('',(0.,-1.,2.24329677942473E-16));
#1990=DIRECTION('',(0.,1.,-2.24329677942473E-16));
#1991=DIRECTION('',(0.,-5.12618725444557E-16,1.));
#1992=DIRECTION('',(0.,-5.12618725444557E-16,1.));
#1993=DIRECTION('center_axis',(0.,1.,5.12618725444557E-16));
#1994=DIRECTION('ref_axis',(0.,-5.12618725444557E-16,1.));
#1995=DIRECTION('',(1.,0.,0.));
#1996=DIRECTION('',(-1.,0.,0.));
#1997=DIRECTION('',(0.,-5.12618725444557E-16,1.));
#1998=DIRECTION('',(0.,-5.12618725444557E-16,1.));
#1999=DIRECTION('center_axis',(-1.,0.,0.));
#2000=DIRECTION('ref_axis',(0.,0.,1.));
#2001=DIRECTION('',(0.,1.,-2.24329677942473E-16));
#2002=DIRECTION('',(0.,-1.,2.24329677942473E-16));
#2003=DIRECTION('',(0.,-5.12618725444557E-16,1.));
#2004=DIRECTION('',(0.,-5.12618725444557E-16,1.));
#2005=DIRECTION('center_axis',(0.,-1.,-5.12618725444557E-16));
#2006=DIRECTION('ref_axis',(0.,5.12618725444557E-16,-1.));
#2007=DIRECTION('',(-1.,0.,0.));
#2008=DIRECTION('',(1.,0.,0.));
#2009=DIRECTION('',(0.,-5.12618725444557E-16,1.));
#2010=DIRECTION('',(0.,-5.12618725444557E-16,1.));
#2011=DIRECTION('center_axis',(1.,0.,0.));
#2012=DIRECTION('ref_axis',(0.,0.,-1.));
#2013=DIRECTION('',(0.,-1.,2.24329677942473E-16));
#2014=DIRECTION('',(0.,1.,-2.24329677942473E-16));
#2015=DIRECTION('',(0.,-5.12618725444557E-16,1.));
#2016=DIRECTION('',(0.,-5.12618725444557E-16,1.));
#2017=DIRECTION('center_axis',(0.,1.,5.12618725444557E-16));
#2018=DIRECTION('ref_axis',(0.,-5.12618725444557E-16,1.));
#2019=DIRECTION('',(1.,0.,0.));
#2020=DIRECTION('',(-1.,0.,0.));
#2021=DIRECTION('',(0.,-5.12618725444557E-16,1.));
#2022=DIRECTION('',(0.,-5.12618725444557E-16,1.));
#2023=DIRECTION('center_axis',(-1.,0.,0.));
#2024=DIRECTION('ref_axis',(0.,0.,1.));
#2025=DIRECTION('',(0.,1.,-2.24329677942473E-16));
#2026=DIRECTION('',(0.,-1.,2.24329677942473E-16));
#2027=DIRECTION('',(0.,-5.12618725444557E-16,1.));
#2028=DIRECTION('',(0.,-5.12618725444557E-16,1.));
#2029=DIRECTION('center_axis',(0.,-1.,-5.12618725444557E-16));
#2030=DIRECTION('ref_axis',(0.,5.12618725444557E-16,-1.));
#2031=DIRECTION('',(-1.,0.,0.));
#2032=DIRECTION('',(1.,0.,0.));
#2033=DIRECTION('',(0.,-5.12618725444557E-16,1.));
#2034=DIRECTION('',(0.,-5.12618725444557E-16,1.));
#2035=DIRECTION('center_axis',(1.,0.,0.));
#2036=DIRECTION('ref_axis',(0.,0.,-1.));
#2037=DIRECTION('',(0.,-1.,2.24329677942473E-16));
#2038=DIRECTION('',(0.,1.,-2.24329677942473E-16));
#2039=DIRECTION('',(0.,-5.12618725444557E-16,1.));
#2040=DIRECTION('',(0.,-5.12618725444557E-16,1.));
#2041=DIRECTION('center_axis',(0.,1.,5.12618725444557E-16));
#2042=DIRECTION('ref_axis',(0.,-5.12618725444557E-16,1.));
#2043=DIRECTION('',(1.,0.,0.));
#2044=DIRECTION('',(-1.,0.,0.));
#2045=DIRECTION('center_axis',(1.,0.,0.));
#2046=DIRECTION('ref_axis',(0.,0.,-1.));
#2047=DIRECTION('',(0.,-1.,2.24329677942473E-16));
#2048=DIRECTION('',(0.,-5.12618725444557E-16,1.));
#2049=DIRECTION('',(0.,1.,-2.24329677942473E-16));
#2050=DIRECTION('',(0.,-5.12618725444557E-16,1.));
#2051=DIRECTION('',(0.,-5.12618725444557E-16,1.));
#2052=DIRECTION('center_axis',(0.,1.,5.12618725444557E-16));
#2053=DIRECTION('ref_axis',(0.,-5.12618725444557E-16,1.));
#2054=DIRECTION('',(1.,0.,0.));
#2055=DIRECTION('',(-1.,0.,0.));
#2056=DIRECTION('',(0.,-5.12618725444557E-16,1.));
#2057=DIRECTION('',(0.,-5.12618725444557E-16,1.));
#2058=DIRECTION('center_axis',(-1.,0.,0.));
#2059=DIRECTION('ref_axis',(0.,0.,1.));
#2060=DIRECTION('',(0.,1.,-2.24329677942473E-16));
#2061=DIRECTION('',(0.,-1.,2.24329677942473E-16));
#2062=DIRECTION('',(0.,-5.12618725444557E-16,1.));
#2063=DIRECTION('',(0.,-5.12618725444557E-16,1.));
#2064=DIRECTION('center_axis',(0.,-1.,-5.12618725444557E-16));
#2065=DIRECTION('ref_axis',(0.,5.12618725444557E-16,-1.));
#2066=DIRECTION('',(-1.,0.,0.));
#2067=DIRECTION('',(1.,0.,0.));
#2068=DIRECTION('',(0.,-5.12618725444557E-16,1.));
#2069=DIRECTION('center_axis',(1.,0.,0.));
#2070=DIRECTION('ref_axis',(0.,0.,-1.));
#2071=DIRECTION('',(0.,-1.,2.24329677942473E-16));
#2072=DIRECTION('',(0.,-5.12618725444557E-16,1.));
#2073=DIRECTION('',(0.,1.,-2.24329677942473E-16));
#2074=DIRECTION('',(0.,-5.12618725444557E-16,1.));
#2075=DIRECTION('',(0.,-5.12618725444557E-16,1.));
#2076=DIRECTION('center_axis',(0.,1.,5.12618725444557E-16));
#2077=DIRECTION('ref_axis',(0.,-5.12618725444557E-16,1.));
#2078=DIRECTION('',(1.,0.,0.));
#2079=DIRECTION('',(-1.,0.,0.));
#2080=DIRECTION('',(0.,-5.12618725444557E-16,1.));
#2081=DIRECTION('',(0.,-5.12618725444557E-16,1.));
#2082=DIRECTION('center_axis',(-1.,0.,0.));
#2083=DIRECTION('ref_axis',(0.,0.,1.));
#2084=DIRECTION('',(0.,1.,-2.24329677942473E-16));
#2085=DIRECTION('',(0.,-1.,2.24329677942473E-16));
#2086=DIRECTION('',(0.,-5.12618725444557E-16,1.));
#2087=DIRECTION('',(0.,-5.12618725444557E-16,1.));
#2088=DIRECTION('center_axis',(0.,-1.,-5.12618725444557E-16));
#2089=DIRECTION('ref_axis',(0.,5.12618725444557E-16,-1.));
#2090=DIRECTION('',(-1.,0.,0.));
#2091=DIRECTION('',(1.,0.,0.));
#2092=DIRECTION('',(0.,-5.12618725444557E-16,1.));
#2093=DIRECTION('center_axis',(1.,0.,0.));
#2094=DIRECTION('ref_axis',(0.,0.,-1.));
#2095=DIRECTION('',(0.,-1.,2.24329677942473E-16));
#2096=DIRECTION('',(0.,-5.12618725444557E-16,1.));
#2097=DIRECTION('',(0.,1.,-2.24329677942473E-16));
#2098=DIRECTION('',(0.,-5.12618725444557E-16,1.));
#2099=DIRECTION('',(0.,-5.12618725444557E-16,1.));
#2100=DIRECTION('center_axis',(0.,1.,5.12618725444557E-16));
#2101=DIRECTION('ref_axis',(0.,-5.12618725444557E-16,1.));
#2102=DIRECTION('',(1.,0.,0.));
#2103=DIRECTION('',(-1.,0.,0.));
#2104=DIRECTION('',(0.,-5.12618725444557E-16,1.));
#2105=DIRECTION('',(0.,-5.12618725444557E-16,1.));
#2106=DIRECTION('center_axis',(-1.,0.,0.));
#2107=DIRECTION('ref_axis',(0.,0.,1.));
#2108=DIRECTION('',(0.,1.,-2.24329677942473E-16));
#2109=DIRECTION('',(0.,-1.,2.24329677942473E-16));
#2110=DIRECTION('',(0.,-5.12618725444557E-16,1.));
#2111=DIRECTION('',(0.,-5.12618725444557E-16,1.));
#2112=DIRECTION('center_axis',(0.,-1.,-5.12618725444557E-16));
#2113=DIRECTION('ref_axis',(0.,5.12618725444557E-16,-1.));
#2114=DIRECTION('',(-1.,0.,0.));
#2115=DIRECTION('',(1.,0.,0.));
#2116=DIRECTION('',(0.,-5.12618725444557E-16,1.));
#2117=DIRECTION('center_axis',(1.,0.,0.));
#2118=DIRECTION('ref_axis',(0.,0.,-1.));
#2119=DIRECTION('',(0.,-1.,2.24329677942473E-16));
#2120=DIRECTION('',(0.,-5.12618725444557E-16,1.));
#2121=DIRECTION('',(0.,1.,-2.24329677942473E-16));
#2122=DIRECTION('',(0.,-5.12618725444557E-16,1.));
#2123=DIRECTION('',(0.,-5.12618725444557E-16,1.));
#2124=DIRECTION('center_axis',(0.,1.,5.12618725444557E-16));
#2125=DIRECTION('ref_axis',(0.,-5.12618725444557E-16,1.));
#2126=DIRECTION('',(1.,0.,0.));
#2127=DIRECTION('',(-1.,0.,0.));
#2128=DIRECTION('',(0.,-5.12618725444557E-16,1.));
#2129=DIRECTION('',(0.,-5.12618725444557E-16,1.));
#2130=DIRECTION('center_axis',(-1.,0.,0.));
#2131=DIRECTION('ref_axis',(0.,0.,1.));
#2132=DIRECTION('',(0.,1.,-2.24329677942473E-16));
#2133=DIRECTION('',(0.,-1.,2.24329677942473E-16));
#2134=DIRECTION('',(0.,-5.12618725444557E-16,1.));
#2135=DIRECTION('',(0.,-5.12618725444557E-16,1.));
#2136=DIRECTION('center_axis',(0.,-1.,-5.12618725444557E-16));
#2137=DIRECTION('ref_axis',(0.,5.12618725444557E-16,-1.));
#2138=DIRECTION('',(-1.,0.,0.));
#2139=DIRECTION('',(1.,0.,0.));
#2140=DIRECTION('',(0.,-5.12618725444557E-16,1.));
#2141=DIRECTION('center_axis',(1.,0.,0.));
#2142=DIRECTION('ref_axis',(0.,0.,-1.));
#2143=DIRECTION('',(0.,-1.,2.24329677942473E-16));
#2144=DIRECTION('',(0.,-5.12618725444557E-16,1.));
#2145=DIRECTION('',(0.,1.,-2.24329677942473E-16));
#2146=DIRECTION('',(0.,-5.12618725444557E-16,1.));
#2147=DIRECTION('',(0.,-5.12618725444557E-16,1.));
#2148=DIRECTION('center_axis',(0.,1.,5.12618725444557E-16));
#2149=DIRECTION('ref_axis',(0.,-5.12618725444557E-16,1.));
#2150=DIRECTION('',(1.,0.,0.));
#2151=DIRECTION('',(-1.,0.,0.));
#2152=DIRECTION('',(0.,-5.12618725444557E-16,1.));
#2153=DIRECTION('',(0.,-5.12618725444557E-16,1.));
#2154=DIRECTION('center_axis',(-1.,0.,0.));
#2155=DIRECTION('ref_axis',(0.,0.,1.));
#2156=DIRECTION('',(0.,1.,-2.24329677942473E-16));
#2157=DIRECTION('',(0.,-1.,2.24329677942473E-16));
#2158=DIRECTION('',(0.,-5.12618725444557E-16,1.));
#2159=DIRECTION('',(0.,-5.12618725444557E-16,1.));
#2160=DIRECTION('center_axis',(0.,-1.,-5.12618725444557E-16));
#2161=DIRECTION('ref_axis',(0.,5.12618725444557E-16,-1.));
#2162=DIRECTION('',(-1.,0.,0.));
#2163=DIRECTION('',(1.,0.,0.));
#2164=DIRECTION('',(0.,-5.12618725444557E-16,1.));
#2165=DIRECTION('center_axis',(0.,1.59456643441281E-16,1.));
#2166=DIRECTION('ref_axis',(1.,0.,0.));
#2167=DIRECTION('center_axis',(0.,-1.86787384676923E-16,1.));
#2168=DIRECTION('ref_axis',(1.,0.,0.));
#2169=DIRECTION('',(0.,1.59456643441281E-16,1.));
#2170=DIRECTION('center_axis',(0.,-2.24329677942473E-16,-1.));
#2171=DIRECTION('ref_axis',(1.,0.,0.));
#2172=DIRECTION('center_axis',(0.,-1.86787384676923E-16,1.));
#2173=DIRECTION('ref_axis',(1.,0.,0.));
#2174=DIRECTION('center_axis',(0.,1.59456643441281E-16,1.));
#2175=DIRECTION('ref_axis',(1.,0.,0.));
#2176=DIRECTION('center_axis',(0.,-1.86787384676923E-16,1.));
#2177=DIRECTION('ref_axis',(1.,0.,0.));
#2178=DIRECTION('',(0.,1.59456643441281E-16,1.));
#2179=DIRECTION('center_axis',(0.,-2.24329677942473E-16,-1.));
#2180=DIRECTION('ref_axis',(1.,0.,0.));
#2181=DIRECTION('center_axis',(0.,-1.86787384676923E-16,1.));
#2182=DIRECTION('ref_axis',(1.,0.,0.));
#2183=DIRECTION('center_axis',(0.,1.59456643441281E-16,1.));
#2184=DIRECTION('ref_axis',(1.,0.,0.));
#2185=DIRECTION('center_axis',(0.,-1.86787384676923E-16,1.));
#2186=DIRECTION('ref_axis',(1.,0.,0.));
#2187=DIRECTION('',(0.,1.59456643441281E-16,1.));
#2188=DIRECTION('center_axis',(0.,-2.24329677942473E-16,-1.));
#2189=DIRECTION('ref_axis',(1.,0.,0.));
#2190=DIRECTION('center_axis',(0.,-1.86787384676923E-16,1.));
#2191=DIRECTION('ref_axis',(1.,0.,0.));
#2192=DIRECTION('center_axis',(0.,1.59456643441281E-16,1.));
#2193=DIRECTION('ref_axis',(1.,0.,0.));
#2194=DIRECTION('center_axis',(0.,-1.86787384676923E-16,1.));
#2195=DIRECTION('ref_axis',(1.,0.,0.));
#2196=DIRECTION('',(0.,1.59456643441281E-16,1.));
#2197=DIRECTION('center_axis',(0.,-2.24329677942473E-16,-1.));
#2198=DIRECTION('ref_axis',(1.,0.,0.));
#2199=DIRECTION('center_axis',(0.,-1.86787384676923E-16,1.));
#2200=DIRECTION('ref_axis',(1.,0.,0.));
#2201=DIRECTION('center_axis',(0.,-1.,1.86286720798261E-15));
#2202=DIRECTION('ref_axis',(0.,-1.86286720798261E-15,-1.));
#2203=DIRECTION('',(0.,1.86286720798261E-15,1.));
#2204=DIRECTION('',(-1.,0.,0.));
#2205=DIRECTION('',(0.,-1.86286720798261E-15,-1.));
#2206=DIRECTION('',(1.,0.,0.));
#2207=DIRECTION('center_axis',(0.,-1.,1.86286720798261E-15));
#2208=DIRECTION('ref_axis',(0.,-1.86286720798261E-15,-1.));
#2209=DIRECTION('',(0.,-1.86286720798261E-15,-1.));
#2210=DIRECTION('',(-1.,0.,0.));
#2211=DIRECTION('',(0.,1.86286720798261E-15,1.));
#2212=DIRECTION('',(1.,0.,0.));
#2213=DIRECTION('center_axis',(0.,2.24329677942473E-16,1.));
#2214=DIRECTION('ref_axis',(1.,0.,0.));
#2215=DIRECTION('',(0.,1.,-2.24329677942473E-16));
#2216=DIRECTION('',(0.,1.,-2.24329677942473E-16));
#2217=DIRECTION('center_axis',(1.,0.,0.));
#2218=DIRECTION('ref_axis',(0.,0.,-1.));
#2219=DIRECTION('',(0.,1.,-2.24329677942473E-16));
#2220=DIRECTION('center_axis',(0.,-2.24329677942473E-16,-1.));
#2221=DIRECTION('ref_axis',(-1.,0.,0.));
#2222=DIRECTION('',(0.,1.,-2.24329677942473E-16));
#2223=DIRECTION('center_axis',(-1.,0.,0.));
#2224=DIRECTION('ref_axis',(0.,0.,1.));
#2225=CARTESIAN_POINT('',(0.,0.,0.));
#2226=CARTESIAN_POINT('Origin',(28.7348424327815,8.46915484430852,12.9829518333333));
#2227=CARTESIAN_POINT('',(28.7348424327815,21.4777056940212,13.));
#2228=CARTESIAN_POINT('',(28.7348424327815,8.46915484430852,13.));
#2229=CARTESIAN_POINT('',(28.7348424327815,2.63707742215429,13.));
#2230=CARTESIAN_POINT('',(28.7348424327815,21.4777056940212,16.));
#2231=CARTESIAN_POINT('',(28.7348424327815,21.4777056940212,12.9829518333333));
#2232=CARTESIAN_POINT('',(28.7348424327815,8.46915484430851,16.));
#2233=CARTESIAN_POINT('',(28.7348424327815,2.63707742215429,16.));
#2234=CARTESIAN_POINT('',(28.7348424327815,8.46915484430852,12.9829518333333));
#2235=CARTESIAN_POINT('Ctrl Pts',(29.2350029631742,7.96882596547341,13.));
#2236=CARTESIAN_POINT('Ctrl Pts',(29.2350029631742,7.96882596547341,14.));
#2237=CARTESIAN_POINT('Ctrl Pts',(29.2350029631742,7.96882596547341,15.));
#2238=CARTESIAN_POINT('Ctrl Pts',(29.2350029631742,7.96882596547341,16.));
#2239=CARTESIAN_POINT('Ctrl Pts',(28.9588143182913,7.96882596547341,13.));
#2240=CARTESIAN_POINT('Ctrl Pts',(28.9588143182913,7.96882596547341,14.));
#2241=CARTESIAN_POINT('Ctrl Pts',(28.9588143182913,7.96882596547341,15.));
#2242=CARTESIAN_POINT('Ctrl Pts',(28.9588143182913,7.96882596547341,16.));
#2243=CARTESIAN_POINT('Ctrl Pts',(28.7348424327814,8.19287323741577,13.));
#2244=CARTESIAN_POINT('Ctrl Pts',(28.7348424327814,8.19287323741577,14.));
#2245=CARTESIAN_POINT('Ctrl Pts',(28.7348424327814,8.19287323741577,15.));
#2246=CARTESIAN_POINT('Ctrl Pts',(28.7348424327814,8.19287323741577,16.));
#2247=CARTESIAN_POINT('Ctrl Pts',(28.7348424327814,8.46915484430852,13.));
#2248=CARTESIAN_POINT('Ctrl Pts',(28.7348424327814,8.46915484430852,14.));
#2249=CARTESIAN_POINT('Ctrl Pts',(28.7348424327814,8.46915484430851,15.));
#2250=CARTESIAN_POINT('Ctrl Pts',(28.7348424327814,8.46915484430851,16.));
#2251=CARTESIAN_POINT('',(29.2350029631742,7.96882596547341,13.));
#2252=CARTESIAN_POINT('Ctrl Pts',(28.7348424327814,8.46915484430852,13.));
#2253=CARTESIAN_POINT('Ctrl Pts',(28.7348424327814,8.19287323741577,13.));
#2254=CARTESIAN_POINT('Ctrl Pts',(28.9588143182913,7.96882596547341,13.));
#2255=CARTESIAN_POINT('Ctrl Pts',(29.2350029631742,7.96882596547341,13.));
#2256=CARTESIAN_POINT('',(29.2350029631742,7.96882596547341,16.));
#2257=CARTESIAN_POINT('Ctrl Pts',(29.2350029631742,7.96882596547341,16.));
#2258=CARTESIAN_POINT('Ctrl Pts',(28.9588143182913,7.96882596547341,16.));
#2259=CARTESIAN_POINT('Ctrl Pts',(28.7348424327814,8.19287323741577,16.));
#2260=CARTESIAN_POINT('Ctrl Pts',(28.7348424327814,8.46915484430851,16.));
#2261=CARTESIAN_POINT('',(29.2350029631742,7.96882596547341,12.9829518333333));
#2262=CARTESIAN_POINT('Origin',(42.2391767533876,7.96882596547341,12.9829518333333));
#2263=CARTESIAN_POINT('',(42.2391767533876,7.96882596547341,13.));
#2264=CARTESIAN_POINT('',(20.432088376694,7.96882596547341,13.));
#2265=CARTESIAN_POINT('',(42.2391767533876,7.96882596547341,16.));
#2266=CARTESIAN_POINT('',(20.432088376694,7.96882596547341,16.));
#2267=CARTESIAN_POINT('',(42.2391767533876,7.96882596547341,12.9829518333333));
#2268=CARTESIAN_POINT('Ctrl Pts',(42.7393372837804,8.46915484430852,13.));
#2269=CARTESIAN_POINT('Ctrl Pts',(42.7393372837804,8.46915484430852,14.));
#2270=CARTESIAN_POINT('Ctrl Pts',(42.7393372837804,8.46915484430851,15.));
#2271=CARTESIAN_POINT('Ctrl Pts',(42.7393372837804,8.46915484430851,16.));
#2272=CARTESIAN_POINT('Ctrl Pts',(42.7393372837804,8.19287323741577,13.));
#2273=CARTESIAN_POINT('Ctrl Pts',(42.7393372837804,8.19287323741577,14.));
#2274=CARTESIAN_POINT('Ctrl Pts',(42.7393372837804,8.19287323741577,15.));
#2275=CARTESIAN_POINT('Ctrl Pts',(42.7393372837804,8.19287323741577,16.));
#2276=CARTESIAN_POINT('Ctrl Pts',(42.5153653982705,7.96882596547341,13.));
#2277=CARTESIAN_POINT('Ctrl Pts',(42.5153653982705,7.96882596547341,14.));
#2278=CARTESIAN_POINT('Ctrl Pts',(42.5153653982705,7.96882596547341,15.));
#2279=CARTESIAN_POINT('Ctrl Pts',(42.5153653982705,7.96882596547341,16.));
#2280=CARTESIAN_POINT('Ctrl Pts',(42.2391767533876,7.96882596547341,13.));
#2281=CARTESIAN_POINT('Ctrl Pts',(42.2391767533876,7.96882596547341,14.));
#2282=CARTESIAN_POINT('Ctrl Pts',(42.2391767533876,7.96882596547341,15.));
#2283=CARTESIAN_POINT('Ctrl Pts',(42.2391767533876,7.96882596547341,16.));
#2284=CARTESIAN_POINT('',(42.7393372837804,8.46915484430852,13.));
#2285=CARTESIAN_POINT('Ctrl Pts',(42.2391767533876,7.96882596547341,13.));
#2286=CARTESIAN_POINT('Ctrl Pts',(42.5153653982705,7.96882596547341,13.));
#2287=CARTESIAN_POINT('Ctrl Pts',(42.7393372837804,8.19287323741577,13.));
#2288=CARTESIAN_POINT('Ctrl Pts',(42.7393372837804,8.46915484430852,13.));
#2289=CARTESIAN_POINT('',(42.7393372837804,8.46915484430851,16.));
#2290=CARTESIAN_POINT('Ctrl Pts',(42.7393372837804,8.46915484430851,16.));
#2291=CARTESIAN_POINT('Ctrl Pts',(42.7393372837804,8.19287323741577,16.));
#2292=CARTESIAN_POINT('Ctrl Pts',(42.5153653982705,7.96882596547341,16.));
#2293=CARTESIAN_POINT('Ctrl Pts',(42.2391767533876,7.96882596547341,16.));
#2294=CARTESIAN_POINT('',(42.7393372837804,8.46915484430852,12.9829518333333));
#2295=CARTESIAN_POINT('Origin',(42.7393372837803,21.4777056940212,12.9829518333333));
#2296=CARTESIAN_POINT('',(42.7393372837803,21.4777056940212,13.));
#2297=CARTESIAN_POINT('',(42.7393372837803,9.14135284701061,13.));
#2298=CARTESIAN_POINT('',(42.7393372837803,21.4777056940212,16.));
#2299=CARTESIAN_POINT('',(42.7393372837803,9.14135284701061,16.));
#2300=CARTESIAN_POINT('',(42.7393372837803,21.4777056940212,12.9829518333333));
#2301=CARTESIAN_POINT('Ctrl Pts',(42.2391767533876,21.9780345728563,13.));
#2302=CARTESIAN_POINT('Ctrl Pts',(42.2391767533876,21.9780345728563,14.));
#2303=CARTESIAN_POINT('Ctrl Pts',(42.2391767533876,21.9780345728563,15.));
#2304=CARTESIAN_POINT('Ctrl Pts',(42.2391767533876,21.9780345728563,16.));
#2305=CARTESIAN_POINT('Ctrl Pts',(42.5153653982705,21.9780345728563,13.));
#2306=CARTESIAN_POINT('Ctrl Pts',(42.5153653982705,21.9780345728563,14.));
#2307=CARTESIAN_POINT('Ctrl Pts',(42.5153653982705,21.9780345728563,15.));
#2308=CARTESIAN_POINT('Ctrl Pts',(42.5153653982705,21.9780345728563,16.));
#2309=CARTESIAN_POINT('Ctrl Pts',(42.7393372837804,21.7539873009139,13.));
#2310=CARTESIAN_POINT('Ctrl Pts',(42.7393372837804,21.7539873009139,14.));
#2311=CARTESIAN_POINT('Ctrl Pts',(42.7393372837804,21.7539873009139,15.));
#2312=CARTESIAN_POINT('Ctrl Pts',(42.7393372837804,21.7539873009139,16.));
#2313=CARTESIAN_POINT('Ctrl Pts',(42.7393372837804,21.4777056940212,13.));
#2314=CARTESIAN_POINT('Ctrl Pts',(42.7393372837804,21.4777056940212,14.));
#2315=CARTESIAN_POINT('Ctrl Pts',(42.7393372837804,21.4777056940212,15.));
#2316=CARTESIAN_POINT('Ctrl Pts',(42.7393372837804,21.4777056940212,16.));
#2317=CARTESIAN_POINT('',(42.2391767533876,21.9780345728563,13.));
#2318=CARTESIAN_POINT('Ctrl Pts',(42.7393372837804,21.4777056940212,13.));
#2319=CARTESIAN_POINT('Ctrl Pts',(42.7393372837804,21.7539873009139,13.));
#2320=CARTESIAN_POINT('Ctrl Pts',(42.5153653982705,21.9780345728563,13.));
#2321=CARTESIAN_POINT('Ctrl Pts',(42.2391767533876,21.9780345728563,13.));
#2322=CARTESIAN_POINT('',(42.2391767533876,21.9780345728563,16.));
#2323=CARTESIAN_POINT('Ctrl Pts',(42.2391767533876,21.9780345728563,16.));
#2324=CARTESIAN_POINT('Ctrl Pts',(42.5153653982705,21.9780345728563,16.));
#2325=CARTESIAN_POINT('Ctrl Pts',(42.7393372837804,21.7539873009139,16.));
#2326=CARTESIAN_POINT('Ctrl Pts',(42.7393372837804,21.4777056940212,16.));
#2327=CARTESIAN_POINT('',(42.2391767533876,21.9780345728563,12.9829518333333));
#2328=CARTESIAN_POINT('Origin',(29.2350029631742,21.9780345728563,12.9829518333333));
#2329=CARTESIAN_POINT('',(29.2350029631742,21.9780345728563,13.));
#2330=CARTESIAN_POINT('',(13.9300014815873,21.9780345728563,13.));
#2331=CARTESIAN_POINT('',(29.2350029631742,21.9780345728563,16.));
#2332=CARTESIAN_POINT('',(13.9300014815873,21.9780345728563,16.));
#2333=CARTESIAN_POINT('',(29.2350029631742,21.9780345728563,12.9829518333333));
#2334=CARTESIAN_POINT('Ctrl Pts',(28.7348424327814,21.4777056940212,13.));
#2335=CARTESIAN_POINT('Ctrl Pts',(28.7348424327814,21.4777056940212,14.));
#2336=CARTESIAN_POINT('Ctrl Pts',(28.7348424327814,21.4777056940212,15.));
#2337=CARTESIAN_POINT('Ctrl Pts',(28.7348424327814,21.4777056940212,16.));
#2338=CARTESIAN_POINT('Ctrl Pts',(28.7348424327814,21.7539873009139,13.));
#2339=CARTESIAN_POINT('Ctrl Pts',(28.7348424327814,21.7539873009139,14.));
#2340=CARTESIAN_POINT('Ctrl Pts',(28.7348424327814,21.7539873009139,15.));
#2341=CARTESIAN_POINT('Ctrl Pts',(28.7348424327814,21.7539873009139,16.));
#2342=CARTESIAN_POINT('Ctrl Pts',(28.9588143182913,21.9780345728563,13.));
#2343=CARTESIAN_POINT('Ctrl Pts',(28.9588143182913,21.9780345728563,14.));
#2344=CARTESIAN_POINT('Ctrl Pts',(28.9588143182913,21.9780345728563,15.));
#2345=CARTESIAN_POINT('Ctrl Pts',(28.9588143182913,21.9780345728563,16.));
#2346=CARTESIAN_POINT('Ctrl Pts',(29.2350029631742,21.9780345728563,13.));
#2347=CARTESIAN_POINT('Ctrl Pts',(29.2350029631742,21.9780345728563,14.));
#2348=CARTESIAN_POINT('Ctrl Pts',(29.2350029631742,21.9780345728563,15.));
#2349=CARTESIAN_POINT('Ctrl Pts',(29.2350029631742,21.9780345728563,16.));
#2350=CARTESIAN_POINT('Ctrl Pts',(29.2350029631742,21.9780345728563,13.));
#2351=CARTESIAN_POINT('Ctrl Pts',(28.9588143182913,21.9780345728563,13.));
#2352=CARTESIAN_POINT('Ctrl Pts',(28.7348424327814,21.7539873009139,13.));
#2353=CARTESIAN_POINT('Ctrl Pts',(28.7348424327814,21.4777056940212,13.));
#2354=CARTESIAN_POINT('Ctrl Pts',(28.7348424327814,21.4777056940212,16.));
#2355=CARTESIAN_POINT('Ctrl Pts',(28.7348424327814,21.7539873009139,16.));
#2356=CARTESIAN_POINT('Ctrl Pts',(28.9588143182913,21.9780345728563,16.));
#2357=CARTESIAN_POINT('Ctrl Pts',(29.2350029631742,21.9780345728563,16.));
#2358=CARTESIAN_POINT('Ctrl Pts',(-33.4851275480854,-10.5933754393089,13.));
#2359=CARTESIAN_POINT('Ctrl Pts',(-33.4851275480854,-10.5933754393089,14.));
#2360=CARTESIAN_POINT('Ctrl Pts',(-33.4851275480854,-10.5933754393089,15.));
#2361=CARTESIAN_POINT('Ctrl Pts',(-33.4851275480854,-10.5933754393089,16.0000000000001));
#2362=CARTESIAN_POINT('Ctrl Pts',(-33.4851275480854,-10.8696570462016,13.));
#2363=CARTESIAN_POINT('Ctrl Pts',(-33.4851275480854,-10.8696570462016,14.));
#2364=CARTESIAN_POINT('Ctrl Pts',(-33.4851275480854,-10.8696570462016,15.));
#2365=CARTESIAN_POINT('Ctrl Pts',(-33.4851275480854,-10.8696570462016,16.0000000000001));
#2366=CARTESIAN_POINT('Ctrl Pts',(-33.7090994335953,-11.093704318144,13.));
#2367=CARTESIAN_POINT('Ctrl Pts',(-33.7090994335953,-11.093704318144,14.));
#2368=CARTESIAN_POINT('Ctrl Pts',(-33.7090994335953,-11.093704318144,15.));
#2369=CARTESIAN_POINT('Ctrl Pts',(-33.7090994335953,-11.093704318144,16.0000000000001));
#2370=CARTESIAN_POINT('Ctrl Pts',(-33.9852880784782,-11.093704318144,13.));
#2371=CARTESIAN_POINT('Ctrl Pts',(-33.9852880784782,-11.093704318144,14.));
#2372=CARTESIAN_POINT('Ctrl Pts',(-33.9852880784782,-11.093704318144,15.));
#2373=CARTESIAN_POINT('Ctrl Pts',(-33.9852880784782,-11.093704318144,16.0000000000001));
#2374=CARTESIAN_POINT('',(-33.9852880784782,-11.0937043181439,13.));
#2375=CARTESIAN_POINT('',(-33.4851275480854,-10.5933754393089,13.));
#2376=CARTESIAN_POINT('Ctrl Pts',(-33.9852880784782,-11.093704318144,13.));
#2377=CARTESIAN_POINT('Ctrl Pts',(-33.7090994335953,-11.093704318144,13.));
#2378=CARTESIAN_POINT('Ctrl Pts',(-33.4851275480854,-10.8696570462016,13.));
#2379=CARTESIAN_POINT('Ctrl Pts',(-33.4851275480854,-10.5933754393089,13.));
#2380=CARTESIAN_POINT('',(-33.9852880784782,-11.0937043181439,16.));
#2381=CARTESIAN_POINT('',(-33.9852880784782,-11.0937043181439,12.9829518333333));
#2382=CARTESIAN_POINT('',(-33.4851275480854,-10.5933754393089,16.));
#2383=CARTESIAN_POINT('Ctrl Pts',(-33.4851275480854,-10.5933754393089,16.));
#2384=CARTESIAN_POINT('Ctrl Pts',(-33.4851275480854,-10.8696570462016,16.));
#2385=CARTESIAN_POINT('Ctrl Pts',(-33.7090994335953,-11.093704318144,16.));
#2386=CARTESIAN_POINT('Ctrl Pts',(-33.9852880784782,-11.093704318144,16.));
#2387=CARTESIAN_POINT('',(-33.4851275480854,-10.5933754393089,12.9829518333333));
#2388=CARTESIAN_POINT('Origin',(-33.4851275480854,2.41517541040379,12.9829518333333));
#2389=CARTESIAN_POINT('',(-33.4851275480854,2.41517541040379,13.));
#2390=CARTESIAN_POINT('',(-33.4851275480854,-0.389912294798077,13.));
#2391=CARTESIAN_POINT('',(-33.4851275480854,2.41517541040379,16.));
#2392=CARTESIAN_POINT('',(-33.4851275480854,-0.389912294798073,16.));
#2393=CARTESIAN_POINT('',(-33.4851275480854,2.41517541040379,12.9829518333333));
#2394=CARTESIAN_POINT('Ctrl Pts',(-33.9852880784782,2.91550428923889,13.));
#2395=CARTESIAN_POINT('Ctrl Pts',(-33.9852880784782,2.91550428923889,14.));
#2396=CARTESIAN_POINT('Ctrl Pts',(-33.9852880784782,2.91550428923889,15.));
#2397=CARTESIAN_POINT('Ctrl Pts',(-33.9852880784782,2.91550428923889,16.));
#2398=CARTESIAN_POINT('Ctrl Pts',(-33.7090994335953,2.91550428923889,13.));
#2399=CARTESIAN_POINT('Ctrl Pts',(-33.7090994335953,2.91550428923889,14.));
#2400=CARTESIAN_POINT('Ctrl Pts',(-33.7090994335953,2.91550428923889,15.));
#2401=CARTESIAN_POINT('Ctrl Pts',(-33.7090994335953,2.91550428923889,16.));
#2402=CARTESIAN_POINT('Ctrl Pts',(-33.4851275480854,2.69145701729653,13.));
#2403=CARTESIAN_POINT('Ctrl Pts',(-33.4851275480854,2.69145701729653,14.));
#2404=CARTESIAN_POINT('Ctrl Pts',(-33.4851275480854,2.69145701729653,15.));
#2405=CARTESIAN_POINT('Ctrl Pts',(-33.4851275480854,2.69145701729653,16.));
#2406=CARTESIAN_POINT('Ctrl Pts',(-33.4851275480854,2.41517541040379,13.));
#2407=CARTESIAN_POINT('Ctrl Pts',(-33.4851275480854,2.41517541040379,14.));
#2408=CARTESIAN_POINT('Ctrl Pts',(-33.4851275480854,2.41517541040378,15.));
#2409=CARTESIAN_POINT('Ctrl Pts',(-33.4851275480854,2.41517541040378,16.));
#2410=CARTESIAN_POINT('',(-33.9852880784782,2.91550428923889,13.));
#2411=CARTESIAN_POINT('Ctrl Pts',(-33.4851275480854,2.41517541040379,13.));
#2412=CARTESIAN_POINT('Ctrl Pts',(-33.4851275480854,2.69145701729653,13.));
#2413=CARTESIAN_POINT('Ctrl Pts',(-33.7090994335953,2.91550428923889,13.));
#2414=CARTESIAN_POINT('Ctrl Pts',(-33.9852880784782,2.91550428923889,13.));
#2415=CARTESIAN_POINT('',(-33.9852880784782,2.91550428923889,16.));
#2416=CARTESIAN_POINT('Ctrl Pts',(-33.9852880784782,2.91550428923889,16.));
#2417=CARTESIAN_POINT('Ctrl Pts',(-33.7090994335953,2.91550428923889,16.));
#2418=CARTESIAN_POINT('Ctrl Pts',(-33.4851275480854,2.69145701729653,16.));
#2419=CARTESIAN_POINT('Ctrl Pts',(-33.4851275480854,2.41517541040378,16.));
#2420=CARTESIAN_POINT('',(-33.9852880784782,2.91550428923889,12.9829518333333));
#2421=CARTESIAN_POINT('Origin',(-46.9894618686916,2.9155042892389,12.9829518333333));
#2422=CARTESIAN_POINT('',(-46.9894618686916,2.9155042892389,13.));
#2423=CARTESIAN_POINT('',(-24.1822309343456,2.9155042892389,13.));
#2424=CARTESIAN_POINT('',(-46.9894618686916,2.9155042892389,16.));
#2425=CARTESIAN_POINT('',(-24.1822309343456,2.9155042892389,16.));
#2426=CARTESIAN_POINT('',(-46.9894618686916,2.9155042892389,12.9829518333333));
#2427=CARTESIAN_POINT('Ctrl Pts',(-47.4896223990844,2.41517541040379,13.));
#2428=CARTESIAN_POINT('Ctrl Pts',(-47.4896223990844,2.41517541040379,14.));
#2429=CARTESIAN_POINT('Ctrl Pts',(-47.4896223990844,2.41517541040378,15.));
#2430=CARTESIAN_POINT('Ctrl Pts',(-47.4896223990844,2.41517541040378,16.));
#2431=CARTESIAN_POINT('Ctrl Pts',(-47.4896223990844,2.69145701729653,13.));
#2432=CARTESIAN_POINT('Ctrl Pts',(-47.4896223990844,2.69145701729653,14.));
#2433=CARTESIAN_POINT('Ctrl Pts',(-47.4896223990844,2.69145701729653,15.));
#2434=CARTESIAN_POINT('Ctrl Pts',(-47.4896223990844,2.69145701729653,16.));
#2435=CARTESIAN_POINT('Ctrl Pts',(-47.2656505135745,2.91550428923889,13.));
#2436=CARTESIAN_POINT('Ctrl Pts',(-47.2656505135745,2.91550428923889,14.));
#2437=CARTESIAN_POINT('Ctrl Pts',(-47.2656505135745,2.91550428923889,15.));
#2438=CARTESIAN_POINT('Ctrl Pts',(-47.2656505135745,2.91550428923889,16.));
#2439=CARTESIAN_POINT('Ctrl Pts',(-46.9894618686916,2.91550428923889,13.));
#2440=CARTESIAN_POINT('Ctrl Pts',(-46.9894618686916,2.91550428923889,14.));
#2441=CARTESIAN_POINT('Ctrl Pts',(-46.9894618686916,2.91550428923889,15.));
#2442=CARTESIAN_POINT('Ctrl Pts',(-46.9894618686916,2.91550428923889,16.));
#2443=CARTESIAN_POINT('',(-47.4896223990844,2.41517541040379,13.));
#2444=CARTESIAN_POINT('Ctrl Pts',(-46.9894618686916,2.91550428923889,13.));
#2445=CARTESIAN_POINT('Ctrl Pts',(-47.2656505135745,2.91550428923889,13.));
#2446=CARTESIAN_POINT('Ctrl Pts',(-47.4896223990844,2.69145701729653,13.));
#2447=CARTESIAN_POINT('Ctrl Pts',(-47.4896223990844,2.41517541040379,13.));
#2448=CARTESIAN_POINT('',(-47.4896223990844,2.41517541040379,16.));
#2449=CARTESIAN_POINT('Ctrl Pts',(-47.4896223990844,2.41517541040378,16.));
#2450=CARTESIAN_POINT('Ctrl Pts',(-47.4896223990844,2.69145701729653,16.));
#2451=CARTESIAN_POINT('Ctrl Pts',(-47.2656505135745,2.91550428923889,16.));
#2452=CARTESIAN_POINT('Ctrl Pts',(-46.9894618686916,2.91550428923889,16.));
#2453=CARTESIAN_POINT('',(-47.4896223990844,2.41517541040379,12.9829518333333));
#2454=CARTESIAN_POINT('Origin',(-47.4896223990844,-10.5933754393089,12.9829518333333));
#2455=CARTESIAN_POINT('',(-47.4896223990844,-10.5933754393089,13.));
#2456=CARTESIAN_POINT('',(-47.4896223990844,-6.8941877196544,13.));
#2457=CARTESIAN_POINT('',(-47.4896223990844,-10.5933754393089,16.));
#2458=CARTESIAN_POINT('',(-47.4896223990844,-6.8941877196544,16.));
#2459=CARTESIAN_POINT('',(-47.4896223990844,-10.5933754393089,12.9829518333333));
#2460=CARTESIAN_POINT('Ctrl Pts',(-46.9894618686916,-11.093704318144,13.));
#2461=CARTESIAN_POINT('Ctrl Pts',(-46.9894618686916,-11.093704318144,14.));
#2462=CARTESIAN_POINT('Ctrl Pts',(-46.9894618686916,-11.093704318144,15.));
#2463=CARTESIAN_POINT('Ctrl Pts',(-46.9894618686916,-11.093704318144,16.0000000000001));
#2464=CARTESIAN_POINT('Ctrl Pts',(-47.2656505135745,-11.093704318144,13.));
#2465=CARTESIAN_POINT('Ctrl Pts',(-47.2656505135745,-11.093704318144,14.));
#2466=CARTESIAN_POINT('Ctrl Pts',(-47.2656505135745,-11.093704318144,15.));
#2467=CARTESIAN_POINT('Ctrl Pts',(-47.2656505135745,-11.093704318144,16.0000000000001));
#2468=CARTESIAN_POINT('Ctrl Pts',(-47.4896223990844,-10.8696570462016,13.));
#2469=CARTESIAN_POINT('Ctrl Pts',(-47.4896223990844,-10.8696570462016,14.));
#2470=CARTESIAN_POINT('Ctrl Pts',(-47.4896223990844,-10.8696570462016,15.));
#2471=CARTESIAN_POINT('Ctrl Pts',(-47.4896223990844,-10.8696570462016,16.0000000000001));
#2472=CARTESIAN_POINT('Ctrl Pts',(-47.4896223990844,-10.5933754393089,13.));
#2473=CARTESIAN_POINT('Ctrl Pts',(-47.4896223990844,-10.5933754393089,14.));
#2474=CARTESIAN_POINT('Ctrl Pts',(-47.4896223990844,-10.5933754393089,15.));
#2475=CARTESIAN_POINT('Ctrl Pts',(-47.4896223990844,-10.5933754393089,16.0000000000001));
#2476=CARTESIAN_POINT('',(-46.9894618686916,-11.093704318144,13.));
#2477=CARTESIAN_POINT('Ctrl Pts',(-47.4896223990844,-10.5933754393089,13.));
#2478=CARTESIAN_POINT('Ctrl Pts',(-47.4896223990844,-10.8696570462016,13.));
#2479=CARTESIAN_POINT('Ctrl Pts',(-47.2656505135745,-11.093704318144,13.));
#2480=CARTESIAN_POINT('Ctrl Pts',(-46.9894618686916,-11.093704318144,13.));
#2481=CARTESIAN_POINT('',(-46.9894618686916,-11.093704318144,16.));
#2482=CARTESIAN_POINT('Ctrl Pts',(-46.9894618686916,-11.093704318144,16.));
#2483=CARTESIAN_POINT('Ctrl Pts',(-47.2656505135745,-11.093704318144,16.));
#2484=CARTESIAN_POINT('Ctrl Pts',(-47.4896223990844,-10.8696570462016,16.));
#2485=CARTESIAN_POINT('Ctrl Pts',(-47.4896223990844,-10.5933754393089,16.));
#2486=CARTESIAN_POINT('',(-46.9894618686916,-11.093704318144,12.9829518333333));
#2487=CARTESIAN_POINT('Origin',(-33.9852880784782,-11.0937043181439,12.9829518333333));
#2488=CARTESIAN_POINT('',(-17.680144039239,-11.0937043181439,13.));
#2489=CARTESIAN_POINT('',(-17.680144039239,-11.0937043181439,16.));
#2490=CARTESIAN_POINT('Ctrl Pts',(4.62710486784749,-10.5933754393089,13.));
#2491=CARTESIAN_POINT('Ctrl Pts',(4.62710486784749,-10.5933754393089,14.));
#2492=CARTESIAN_POINT('Ctrl Pts',(4.62710486784749,-10.5933754393089,15.));
#2493=CARTESIAN_POINT('Ctrl Pts',(4.62710486784749,-10.5933754393089,16.0000000000001));
#2494=CARTESIAN_POINT('Ctrl Pts',(4.62710486784749,-10.8696570462016,13.));
#2495=CARTESIAN_POINT('Ctrl Pts',(4.62710486784749,-10.8696570462016,14.));
#2496=CARTESIAN_POINT('Ctrl Pts',(4.62710486784749,-10.8696570462016,15.));
#2497=CARTESIAN_POINT('Ctrl Pts',(4.62710486784749,-10.8696570462016,16.0000000000001));
#2498=CARTESIAN_POINT('Ctrl Pts',(4.40313298233758,-11.093704318144,13.));
#2499=CARTESIAN_POINT('Ctrl Pts',(4.40313298233758,-11.093704318144,14.));
#2500=CARTESIAN_POINT('Ctrl Pts',(4.40313298233758,-11.093704318144,15.));
#2501=CARTESIAN_POINT('Ctrl Pts',(4.40313298233758,-11.093704318144,16.0000000000001));
#2502=CARTESIAN_POINT('Ctrl Pts',(4.12694433745467,-11.093704318144,13.));
#2503=CARTESIAN_POINT('Ctrl Pts',(4.12694433745467,-11.093704318144,14.));
#2504=CARTESIAN_POINT('Ctrl Pts',(4.12694433745467,-11.093704318144,15.));
#2505=CARTESIAN_POINT('Ctrl Pts',(4.12694433745467,-11.093704318144,16.0000000000001));
#2506=CARTESIAN_POINT('',(4.12694433745467,-11.0937043181439,13.));
#2507=CARTESIAN_POINT('',(4.62710486784749,-10.5933754393089,13.));
#2508=CARTESIAN_POINT('Ctrl Pts',(4.12694433745467,-11.093704318144,13.));
#2509=CARTESIAN_POINT('Ctrl Pts',(4.40313298233758,-11.093704318144,13.));
#2510=CARTESIAN_POINT('Ctrl Pts',(4.62710486784749,-10.8696570462016,13.));
#2511=CARTESIAN_POINT('Ctrl Pts',(4.62710486784749,-10.5933754393089,13.));
#2512=CARTESIAN_POINT('',(4.12694433745467,-11.0937043181439,16.));
#2513=CARTESIAN_POINT('',(4.12694433745467,-11.0937043181439,12.9829518333333));
#2514=CARTESIAN_POINT('',(4.62710486784749,-10.5933754393089,16.));
#2515=CARTESIAN_POINT('Ctrl Pts',(4.62710486784749,-10.5933754393089,16.));
#2516=CARTESIAN_POINT('Ctrl Pts',(4.62710486784749,-10.8696570462016,16.));
#2517=CARTESIAN_POINT('Ctrl Pts',(4.40313298233758,-11.093704318144,16.));
#2518=CARTESIAN_POINT('Ctrl Pts',(4.12694433745467,-11.093704318144,16.));
#2519=CARTESIAN_POINT('',(4.62710486784749,-10.5933754393089,12.9829518333333));
#2520=CARTESIAN_POINT('Origin',(4.62710486784749,2.41517541040379,12.9829518333333));
#2521=CARTESIAN_POINT('',(4.62710486784749,2.41517541040379,13.));
#2522=CARTESIAN_POINT('',(4.62710486784749,-0.389912294798077,13.));
#2523=CARTESIAN_POINT('',(4.62710486784749,2.41517541040379,16.));
#2524=CARTESIAN_POINT('',(4.62710486784749,-0.389912294798073,16.));
#2525=CARTESIAN_POINT('',(4.62710486784749,2.41517541040379,12.9829518333333));
#2526=CARTESIAN_POINT('Ctrl Pts',(4.12694433745467,2.91550428923889,13.));
#2527=CARTESIAN_POINT('Ctrl Pts',(4.12694433745467,2.91550428923889,14.));
#2528=CARTESIAN_POINT('Ctrl Pts',(4.12694433745467,2.91550428923889,15.));
#2529=CARTESIAN_POINT('Ctrl Pts',(4.12694433745467,2.91550428923889,16.));
#2530=CARTESIAN_POINT('Ctrl Pts',(4.40313298233758,2.91550428923889,13.));
#2531=CARTESIAN_POINT('Ctrl Pts',(4.40313298233758,2.91550428923889,14.));
#2532=CARTESIAN_POINT('Ctrl Pts',(4.40313298233758,2.91550428923889,15.));
#2533=CARTESIAN_POINT('Ctrl Pts',(4.40313298233758,2.91550428923889,16.));
#2534=CARTESIAN_POINT('Ctrl Pts',(4.62710486784749,2.69145701729653,13.));
#2535=CARTESIAN_POINT('Ctrl Pts',(4.62710486784749,2.69145701729653,14.));
#2536=CARTESIAN_POINT('Ctrl Pts',(4.62710486784749,2.69145701729653,15.));
#2537=CARTESIAN_POINT('Ctrl Pts',(4.62710486784749,2.69145701729653,16.));
#2538=CARTESIAN_POINT('Ctrl Pts',(4.62710486784749,2.41517541040379,13.));
#2539=CARTESIAN_POINT('Ctrl Pts',(4.62710486784749,2.41517541040379,14.));
#2540=CARTESIAN_POINT('Ctrl Pts',(4.62710486784749,2.41517541040378,15.));
#2541=CARTESIAN_POINT('Ctrl Pts',(4.62710486784749,2.41517541040378,16.));
#2542=CARTESIAN_POINT('',(4.12694433745467,2.91550428923889,13.));
#2543=CARTESIAN_POINT('Ctrl Pts',(4.62710486784749,2.41517541040379,13.));
#2544=CARTESIAN_POINT('Ctrl Pts',(4.62710486784749,2.69145701729653,13.));
#2545=CARTESIAN_POINT('Ctrl Pts',(4.40313298233758,2.91550428923889,13.));
#2546=CARTESIAN_POINT('Ctrl Pts',(4.12694433745467,2.91550428923889,13.));
#2547=CARTESIAN_POINT('',(4.12694433745467,2.91550428923889,16.));
#2548=CARTESIAN_POINT('Ctrl Pts',(4.12694433745467,2.91550428923889,16.));
#2549=CARTESIAN_POINT('Ctrl Pts',(4.40313298233758,2.91550428923889,16.));
#2550=CARTESIAN_POINT('Ctrl Pts',(4.62710486784749,2.69145701729653,16.));
#2551=CARTESIAN_POINT('Ctrl Pts',(4.62710486784749,2.41517541040378,16.));
#2552=CARTESIAN_POINT('',(4.12694433745467,2.91550428923889,12.9829518333333));
#2553=CARTESIAN_POINT('Origin',(-8.87722945275866,2.9155042892389,12.9829518333333));
#2554=CARTESIAN_POINT('',(-8.87722945275866,2.9155042892389,13.));
#2555=CARTESIAN_POINT('',(-5.12611472637916,2.9155042892389,13.));
#2556=CARTESIAN_POINT('',(-8.87722945275866,2.9155042892389,16.));
#2557=CARTESIAN_POINT('',(-5.12611472637916,2.9155042892389,16.));
#2558=CARTESIAN_POINT('',(-8.87722945275866,2.9155042892389,12.9829518333333));
#2559=CARTESIAN_POINT('Ctrl Pts',(-9.37738998315148,2.41517541040379,13.));
#2560=CARTESIAN_POINT('Ctrl Pts',(-9.37738998315148,2.41517541040379,14.));
#2561=CARTESIAN_POINT('Ctrl Pts',(-9.37738998315148,2.41517541040378,15.));
#2562=CARTESIAN_POINT('Ctrl Pts',(-9.37738998315148,2.41517541040378,16.));
#2563=CARTESIAN_POINT('Ctrl Pts',(-9.37738998315148,2.69145701729653,13.));
#2564=CARTESIAN_POINT('Ctrl Pts',(-9.37738998315148,2.69145701729653,14.));
#2565=CARTESIAN_POINT('Ctrl Pts',(-9.37738998315148,2.69145701729653,15.));
#2566=CARTESIAN_POINT('Ctrl Pts',(-9.37738998315148,2.69145701729653,16.));
#2567=CARTESIAN_POINT('Ctrl Pts',(-9.15341809764158,2.91550428923889,13.));
#2568=CARTESIAN_POINT('Ctrl Pts',(-9.15341809764158,2.91550428923889,14.));
#2569=CARTESIAN_POINT('Ctrl Pts',(-9.15341809764158,2.91550428923889,15.));
#2570=CARTESIAN_POINT('Ctrl Pts',(-9.15341809764158,2.91550428923889,16.));
#2571=CARTESIAN_POINT('Ctrl Pts',(-8.87722945275866,2.91550428923889,13.));
#2572=CARTESIAN_POINT('Ctrl Pts',(-8.87722945275866,2.91550428923889,14.));
#2573=CARTESIAN_POINT('Ctrl Pts',(-8.87722945275866,2.91550428923889,15.));
#2574=CARTESIAN_POINT('Ctrl Pts',(-8.87722945275866,2.91550428923889,16.));
#2575=CARTESIAN_POINT('',(-9.37738998315148,2.41517541040379,13.));
#2576=CARTESIAN_POINT('Ctrl Pts',(-8.87722945275866,2.91550428923889,13.));
#2577=CARTESIAN_POINT('Ctrl Pts',(-9.15341809764158,2.91550428923889,13.));
#2578=CARTESIAN_POINT('Ctrl Pts',(-9.37738998315148,2.69145701729653,13.));
#2579=CARTESIAN_POINT('Ctrl Pts',(-9.37738998315148,2.41517541040379,13.));
#2580=CARTESIAN_POINT('',(-9.37738998315148,2.41517541040379,16.));
#2581=CARTESIAN_POINT('Ctrl Pts',(-9.37738998315148,2.41517541040378,16.));
#2582=CARTESIAN_POINT('Ctrl Pts',(-9.37738998315148,2.69145701729653,16.));
#2583=CARTESIAN_POINT('Ctrl Pts',(-9.15341809764158,2.91550428923889,16.));
#2584=CARTESIAN_POINT('Ctrl Pts',(-8.87722945275866,2.91550428923889,16.));
#2585=CARTESIAN_POINT('',(-9.37738998315148,2.41517541040379,12.9829518333333));
#2586=CARTESIAN_POINT('Origin',(-9.37738998315148,-10.5933754393089,12.9829518333333));
#2587=CARTESIAN_POINT('',(-9.37738998315148,-10.5933754393089,13.));
#2588=CARTESIAN_POINT('',(-9.37738998315148,-6.8941877196544,13.));
#2589=CARTESIAN_POINT('',(-9.37738998315148,-10.5933754393089,16.));
#2590=CARTESIAN_POINT('',(-9.37738998315148,-6.8941877196544,16.));
#2591=CARTESIAN_POINT('',(-9.37738998315148,-10.5933754393089,12.9829518333333));
#2592=CARTESIAN_POINT('Ctrl Pts',(-8.87722945275866,-11.093704318144,13.));
#2593=CARTESIAN_POINT('Ctrl Pts',(-8.87722945275866,-11.093704318144,14.));
#2594=CARTESIAN_POINT('Ctrl Pts',(-8.87722945275866,-11.093704318144,15.));
#2595=CARTESIAN_POINT('Ctrl Pts',(-8.87722945275866,-11.093704318144,16.0000000000001));
#2596=CARTESIAN_POINT('Ctrl Pts',(-9.15341809764158,-11.093704318144,13.));
#2597=CARTESIAN_POINT('Ctrl Pts',(-9.15341809764158,-11.093704318144,14.));
#2598=CARTESIAN_POINT('Ctrl Pts',(-9.15341809764158,-11.093704318144,15.));
#2599=CARTESIAN_POINT('Ctrl Pts',(-9.15341809764158,-11.093704318144,16.0000000000001));
#2600=CARTESIAN_POINT('Ctrl Pts',(-9.37738998315148,-10.8696570462016,13.));
#2601=CARTESIAN_POINT('Ctrl Pts',(-9.37738998315148,-10.8696570462016,14.));
#2602=CARTESIAN_POINT('Ctrl Pts',(-9.37738998315148,-10.8696570462016,15.));
#2603=CARTESIAN_POINT('Ctrl Pts',(-9.37738998315148,-10.8696570462016,16.0000000000001));
#2604=CARTESIAN_POINT('Ctrl Pts',(-9.37738998315148,-10.5933754393089,13.));
#2605=CARTESIAN_POINT('Ctrl Pts',(-9.37738998315148,-10.5933754393089,14.));
#2606=CARTESIAN_POINT('Ctrl Pts',(-9.37738998315148,-10.5933754393089,15.));
#2607=CARTESIAN_POINT('Ctrl Pts',(-9.37738998315148,-10.5933754393089,16.0000000000001));
#2608=CARTESIAN_POINT('',(-8.87722945275866,-11.093704318144,13.));
#2609=CARTESIAN_POINT('Ctrl Pts',(-9.37738998315148,-10.5933754393089,13.));
#2610=CARTESIAN_POINT('Ctrl Pts',(-9.37738998315148,-10.8696570462016,13.));
#2611=CARTESIAN_POINT('Ctrl Pts',(-9.15341809764158,-11.093704318144,13.));
#2612=CARTESIAN_POINT('Ctrl Pts',(-8.87722945275866,-11.093704318144,13.));
#2613=CARTESIAN_POINT('',(-8.87722945275866,-11.093704318144,16.));
#2614=CARTESIAN_POINT('Ctrl Pts',(-8.87722945275866,-11.093704318144,16.));
#2615=CARTESIAN_POINT('Ctrl Pts',(-9.15341809764158,-11.093704318144,16.));
#2616=CARTESIAN_POINT('Ctrl Pts',(-9.37738998315148,-10.8696570462016,16.));
#2617=CARTESIAN_POINT('Ctrl Pts',(-9.37738998315148,-10.5933754393089,16.));
#2618=CARTESIAN_POINT('',(-8.87722945275866,-11.093704318144,12.9829518333333));
#2619=CARTESIAN_POINT('Origin',(4.12694433745467,-11.0937043181439,12.9829518333333));
#2620=CARTESIAN_POINT('',(1.3759721687275,-11.0937043181439,13.));
#2621=CARTESIAN_POINT('',(1.3759721687275,-11.0937043181439,16.));
#2622=CARTESIAN_POINT('Ctrl Pts',(42.7393372837804,-10.5933754393089,13.));
#2623=CARTESIAN_POINT('Ctrl Pts',(42.7393372837804,-10.5933754393089,14.));
#2624=CARTESIAN_POINT('Ctrl Pts',(42.7393372837804,-10.5933754393089,15.));
#2625=CARTESIAN_POINT('Ctrl Pts',(42.7393372837804,-10.5933754393089,16.0000000000001));
#2626=CARTESIAN_POINT('Ctrl Pts',(42.7393372837804,-10.8696570462016,13.));
#2627=CARTESIAN_POINT('Ctrl Pts',(42.7393372837804,-10.8696570462016,14.));
#2628=CARTESIAN_POINT('Ctrl Pts',(42.7393372837804,-10.8696570462016,15.));
#2629=CARTESIAN_POINT('Ctrl Pts',(42.7393372837804,-10.8696570462016,16.0000000000001));
#2630=CARTESIAN_POINT('Ctrl Pts',(42.5153653982705,-11.093704318144,13.));
#2631=CARTESIAN_POINT('Ctrl Pts',(42.5153653982705,-11.093704318144,14.));
#2632=CARTESIAN_POINT('Ctrl Pts',(42.5153653982705,-11.093704318144,15.));
#2633=CARTESIAN_POINT('Ctrl Pts',(42.5153653982705,-11.093704318144,16.0000000000001));
#2634=CARTESIAN_POINT('Ctrl Pts',(42.2391767533876,-11.093704318144,13.));
#2635=CARTESIAN_POINT('Ctrl Pts',(42.2391767533876,-11.093704318144,14.));
#2636=CARTESIAN_POINT('Ctrl Pts',(42.2391767533876,-11.093704318144,15.));
#2637=CARTESIAN_POINT('Ctrl Pts',(42.2391767533876,-11.093704318144,16.0000000000001));
#2638=CARTESIAN_POINT('',(42.2391767533876,-11.0937043181439,13.));
#2639=CARTESIAN_POINT('',(42.7393372837804,-10.5933754393089,13.));
#2640=CARTESIAN_POINT('Ctrl Pts',(42.2391767533876,-11.093704318144,13.));
#2641=CARTESIAN_POINT('Ctrl Pts',(42.5153653982705,-11.093704318144,13.));
#2642=CARTESIAN_POINT('Ctrl Pts',(42.7393372837804,-10.8696570462016,13.));
#2643=CARTESIAN_POINT('Ctrl Pts',(42.7393372837804,-10.5933754393089,13.));
#2644=CARTESIAN_POINT('',(42.2391767533876,-11.0937043181439,16.));
#2645=CARTESIAN_POINT('',(42.2391767533876,-11.0937043181439,12.9829518333333));
#2646=CARTESIAN_POINT('',(42.7393372837804,-10.5933754393089,16.));
#2647=CARTESIAN_POINT('Ctrl Pts',(42.7393372837804,-10.5933754393089,16.));
#2648=CARTESIAN_POINT('Ctrl Pts',(42.7393372837804,-10.8696570462016,16.));
#2649=CARTESIAN_POINT('Ctrl Pts',(42.5153653982705,-11.093704318144,16.));
#2650=CARTESIAN_POINT('Ctrl Pts',(42.2391767533876,-11.093704318144,16.));
#2651=CARTESIAN_POINT('',(42.7393372837804,-10.5933754393089,12.9829518333333));
#2652=CARTESIAN_POINT('Origin',(42.7393372837803,2.41517541040379,12.9829518333333));
#2653=CARTESIAN_POINT('',(42.7393372837803,2.41517541040379,13.));
#2654=CARTESIAN_POINT('',(42.7393372837803,-0.389912294798077,13.));
#2655=CARTESIAN_POINT('',(42.7393372837803,2.41517541040379,16.));
#2656=CARTESIAN_POINT('',(42.7393372837803,-0.389912294798073,16.));
#2657=CARTESIAN_POINT('',(42.7393372837803,2.41517541040379,12.9829518333333));
#2658=CARTESIAN_POINT('Ctrl Pts',(42.2391767533876,2.91550428923889,13.));
#2659=CARTESIAN_POINT('Ctrl Pts',(42.2391767533876,2.91550428923889,14.));
#2660=CARTESIAN_POINT('Ctrl Pts',(42.2391767533876,2.91550428923889,15.));
#2661=CARTESIAN_POINT('Ctrl Pts',(42.2391767533876,2.91550428923889,16.));
#2662=CARTESIAN_POINT('Ctrl Pts',(42.5153653982705,2.91550428923889,13.));
#2663=CARTESIAN_POINT('Ctrl Pts',(42.5153653982705,2.91550428923889,14.));
#2664=CARTESIAN_POINT('Ctrl Pts',(42.5153653982705,2.91550428923889,15.));
#2665=CARTESIAN_POINT('Ctrl Pts',(42.5153653982705,2.91550428923889,16.));
#2666=CARTESIAN_POINT('Ctrl Pts',(42.7393372837804,2.69145701729653,13.));
#2667=CARTESIAN_POINT('Ctrl Pts',(42.7393372837804,2.69145701729653,14.));
#2668=CARTESIAN_POINT('Ctrl Pts',(42.7393372837804,2.69145701729653,15.));
#2669=CARTESIAN_POINT('Ctrl Pts',(42.7393372837804,2.69145701729653,16.));
#2670=CARTESIAN_POINT('Ctrl Pts',(42.7393372837804,2.41517541040379,13.));
#2671=CARTESIAN_POINT('Ctrl Pts',(42.7393372837804,2.41517541040379,14.));
#2672=CARTESIAN_POINT('Ctrl Pts',(42.7393372837804,2.41517541040378,15.));
#2673=CARTESIAN_POINT('Ctrl Pts',(42.7393372837804,2.41517541040378,16.));
#2674=CARTESIAN_POINT('',(42.2391767533876,2.91550428923889,13.));
#2675=CARTESIAN_POINT('Ctrl Pts',(42.7393372837804,2.41517541040379,13.));
#2676=CARTESIAN_POINT('Ctrl Pts',(42.7393372837804,2.69145701729653,13.));
#2677=CARTESIAN_POINT('Ctrl Pts',(42.5153653982705,2.91550428923889,13.));
#2678=CARTESIAN_POINT('Ctrl Pts',(42.2391767533876,2.91550428923889,13.));
#2679=CARTESIAN_POINT('',(42.2391767533876,2.91550428923889,16.));
#2680=CARTESIAN_POINT('Ctrl Pts',(42.2391767533876,2.91550428923889,16.));
#2681=CARTESIAN_POINT('Ctrl Pts',(42.5153653982705,2.91550428923889,16.));
#2682=CARTESIAN_POINT('Ctrl Pts',(42.7393372837804,2.69145701729653,16.));
#2683=CARTESIAN_POINT('Ctrl Pts',(42.7393372837804,2.41517541040378,16.));
#2684=CARTESIAN_POINT('',(42.2391767533876,2.91550428923889,12.9829518333333));
#2685=CARTESIAN_POINT('Origin',(29.2350029631742,2.9155042892389,12.9829518333333));
#2686=CARTESIAN_POINT('',(29.2350029631742,2.9155042892389,13.));
#2687=CARTESIAN_POINT('',(13.9300014815873,2.9155042892389,13.));
#2688=CARTESIAN_POINT('',(29.2350029631742,2.9155042892389,16.));
#2689=CARTESIAN_POINT('',(13.9300014815873,2.9155042892389,16.));
#2690=CARTESIAN_POINT('',(29.2350029631742,2.9155042892389,12.9829518333333));
#2691=CARTESIAN_POINT('Ctrl Pts',(28.7348424327814,2.41517541040379,13.));
#2692=CARTESIAN_POINT('Ctrl Pts',(28.7348424327814,2.41517541040379,14.));
#2693=CARTESIAN_POINT('Ctrl Pts',(28.7348424327814,2.41517541040378,15.));
#2694=CARTESIAN_POINT('Ctrl Pts',(28.7348424327814,2.41517541040378,16.));
#2695=CARTESIAN_POINT('Ctrl Pts',(28.7348424327814,2.69145701729653,13.));
#2696=CARTESIAN_POINT('Ctrl Pts',(28.7348424327814,2.69145701729653,14.));
#2697=CARTESIAN_POINT('Ctrl Pts',(28.7348424327814,2.69145701729653,15.));
#2698=CARTESIAN_POINT('Ctrl Pts',(28.7348424327814,2.69145701729653,16.));
#2699=CARTESIAN_POINT('Ctrl Pts',(28.9588143182913,2.91550428923889,13.));
#2700=CARTESIAN_POINT('Ctrl Pts',(28.9588143182913,2.91550428923889,14.));
#2701=CARTESIAN_POINT('Ctrl Pts',(28.9588143182913,2.91550428923889,15.));
#2702=CARTESIAN_POINT('Ctrl Pts',(28.9588143182913,2.91550428923889,16.));
#2703=CARTESIAN_POINT('Ctrl Pts',(29.2350029631742,2.91550428923889,13.));
#2704=CARTESIAN_POINT('Ctrl Pts',(29.2350029631742,2.91550428923889,14.));
#2705=CARTESIAN_POINT('Ctrl Pts',(29.2350029631742,2.91550428923889,15.));
#2706=CARTESIAN_POINT('Ctrl Pts',(29.2350029631742,2.91550428923889,16.));
#2707=CARTESIAN_POINT('',(28.7348424327815,2.41517541040379,13.));
#2708=CARTESIAN_POINT('Ctrl Pts',(29.2350029631742,2.91550428923889,13.));
#2709=CARTESIAN_POINT('Ctrl Pts',(28.9588143182913,2.91550428923889,13.));
#2710=CARTESIAN_POINT('Ctrl Pts',(28.7348424327814,2.69145701729653,13.));
#2711=CARTESIAN_POINT('Ctrl Pts',(28.7348424327814,2.41517541040379,13.));
#2712=CARTESIAN_POINT('',(28.7348424327815,2.41517541040379,16.));
#2713=CARTESIAN_POINT('Ctrl Pts',(28.7348424327814,2.41517541040378,16.));
#2714=CARTESIAN_POINT('Ctrl Pts',(28.7348424327814,2.69145701729653,16.));
#2715=CARTESIAN_POINT('Ctrl Pts',(28.9588143182913,2.91550428923889,16.));
#2716=CARTESIAN_POINT('Ctrl Pts',(29.2350029631742,2.91550428923889,16.));
#2717=CARTESIAN_POINT('',(28.7348424327815,2.41517541040379,12.9829518333333));
#2718=CARTESIAN_POINT('Origin',(28.7348424327815,-10.5933754393089,12.9829518333333));
#2719=CARTESIAN_POINT('',(28.7348424327815,-10.5933754393089,13.));
#2720=CARTESIAN_POINT('',(28.7348424327815,-6.8941877196544,13.));
#2721=CARTESIAN_POINT('',(28.7348424327815,-10.5933754393089,16.));
#2722=CARTESIAN_POINT('',(28.7348424327815,-6.8941877196544,16.));
#2723=CARTESIAN_POINT('',(28.7348424327815,-10.5933754393089,12.9829518333333));
#2724=CARTESIAN_POINT('Ctrl Pts',(29.2350029631742,-11.093704318144,13.));
#2725=CARTESIAN_POINT('Ctrl Pts',(29.2350029631742,-11.093704318144,14.));
#2726=CARTESIAN_POINT('Ctrl Pts',(29.2350029631742,-11.093704318144,15.));
#2727=CARTESIAN_POINT('Ctrl Pts',(29.2350029631742,-11.093704318144,16.0000000000001));
#2728=CARTESIAN_POINT('Ctrl Pts',(28.9588143182913,-11.093704318144,13.));
#2729=CARTESIAN_POINT('Ctrl Pts',(28.9588143182913,-11.093704318144,14.));
#2730=CARTESIAN_POINT('Ctrl Pts',(28.9588143182913,-11.093704318144,15.));
#2731=CARTESIAN_POINT('Ctrl Pts',(28.9588143182913,-11.093704318144,16.0000000000001));
#2732=CARTESIAN_POINT('Ctrl Pts',(28.7348424327814,-10.8696570462016,13.));
#2733=CARTESIAN_POINT('Ctrl Pts',(28.7348424327814,-10.8696570462016,14.));
#2734=CARTESIAN_POINT('Ctrl Pts',(28.7348424327814,-10.8696570462016,15.));
#2735=CARTESIAN_POINT('Ctrl Pts',(28.7348424327814,-10.8696570462016,16.0000000000001));
#2736=CARTESIAN_POINT('Ctrl Pts',(28.7348424327814,-10.5933754393089,13.));
#2737=CARTESIAN_POINT('Ctrl Pts',(28.7348424327814,-10.5933754393089,14.));
#2738=CARTESIAN_POINT('Ctrl Pts',(28.7348424327814,-10.5933754393089,15.));
#2739=CARTESIAN_POINT('Ctrl Pts',(28.7348424327814,-10.5933754393089,16.0000000000001));
#2740=CARTESIAN_POINT('',(29.2350029631742,-11.093704318144,13.));
#2741=CARTESIAN_POINT('Ctrl Pts',(28.7348424327814,-10.5933754393089,13.));
#2742=CARTESIAN_POINT('Ctrl Pts',(28.7348424327814,-10.8696570462016,13.));
#2743=CARTESIAN_POINT('Ctrl Pts',(28.9588143182913,-11.093704318144,13.));
#2744=CARTESIAN_POINT('Ctrl Pts',(29.2350029631742,-11.093704318144,13.));
#2745=CARTESIAN_POINT('',(29.2350029631742,-11.093704318144,16.));
#2746=CARTESIAN_POINT('Ctrl Pts',(29.2350029631742,-11.093704318144,16.));
#2747=CARTESIAN_POINT('Ctrl Pts',(28.9588143182913,-11.093704318144,16.));
#2748=CARTESIAN_POINT('Ctrl Pts',(28.7348424327814,-10.8696570462016,16.));
#2749=CARTESIAN_POINT('Ctrl Pts',(28.7348424327814,-10.5933754393089,16.));
#2750=CARTESIAN_POINT('',(29.2350029631742,-11.093704318144,12.9829518333333));
#2751=CARTESIAN_POINT('Origin',(42.2391767533876,-11.0937043181439,12.9829518333333));
#2752=CARTESIAN_POINT('',(20.432088376694,-11.0937043181439,13.));
#2753=CARTESIAN_POINT('',(20.432088376694,-11.0937043181439,16.));
#2754=CARTESIAN_POINT('Ctrl Pts',(4.62710486784749,8.46915484430852,13.));
#2755=CARTESIAN_POINT('Ctrl Pts',(4.62710486784749,8.46915484430852,14.));
#2756=CARTESIAN_POINT('Ctrl Pts',(4.62710486784749,8.46915484430851,15.));
#2757=CARTESIAN_POINT('Ctrl Pts',(4.62710486784749,8.46915484430851,16.));
#2758=CARTESIAN_POINT('Ctrl Pts',(4.62710486784749,8.19287323741577,13.));
#2759=CARTESIAN_POINT('Ctrl Pts',(4.62710486784749,8.19287323741577,14.));
#2760=CARTESIAN_POINT('Ctrl Pts',(4.62710486784749,8.19287323741577,15.));
#2761=CARTESIAN_POINT('Ctrl Pts',(4.62710486784749,8.19287323741577,16.));
#2762=CARTESIAN_POINT('Ctrl Pts',(4.40313298233758,7.96882596547341,13.));
#2763=CARTESIAN_POINT('Ctrl Pts',(4.40313298233758,7.96882596547341,14.));
#2764=CARTESIAN_POINT('Ctrl Pts',(4.40313298233758,7.96882596547341,15.));
#2765=CARTESIAN_POINT('Ctrl Pts',(4.40313298233758,7.96882596547341,16.));
#2766=CARTESIAN_POINT('Ctrl Pts',(4.12694433745467,7.96882596547341,13.));
#2767=CARTESIAN_POINT('Ctrl Pts',(4.12694433745467,7.96882596547341,14.));
#2768=CARTESIAN_POINT('Ctrl Pts',(4.12694433745467,7.96882596547341,15.));
#2769=CARTESIAN_POINT('Ctrl Pts',(4.12694433745467,7.96882596547341,16.));
#2770=CARTESIAN_POINT('',(4.12694433745467,7.96882596547341,13.));
#2771=CARTESIAN_POINT('',(4.62710486784749,8.46915484430852,13.));
#2772=CARTESIAN_POINT('Ctrl Pts',(4.12694433745467,7.96882596547341,13.));
#2773=CARTESIAN_POINT('Ctrl Pts',(4.40313298233758,7.96882596547341,13.));
#2774=CARTESIAN_POINT('Ctrl Pts',(4.62710486784749,8.19287323741577,13.));
#2775=CARTESIAN_POINT('Ctrl Pts',(4.62710486784749,8.46915484430852,13.));
#2776=CARTESIAN_POINT('',(4.12694433745467,7.96882596547341,16.));
#2777=CARTESIAN_POINT('',(4.12694433745467,7.96882596547341,12.9829518333333));
#2778=CARTESIAN_POINT('',(4.62710486784749,8.46915484430851,16.));
#2779=CARTESIAN_POINT('Ctrl Pts',(4.62710486784749,8.46915484430851,16.));
#2780=CARTESIAN_POINT('Ctrl Pts',(4.62710486784749,8.19287323741577,16.));
#2781=CARTESIAN_POINT('Ctrl Pts',(4.40313298233758,7.96882596547341,16.));
#2782=CARTESIAN_POINT('Ctrl Pts',(4.12694433745467,7.96882596547341,16.));
#2783=CARTESIAN_POINT('',(4.62710486784749,8.46915484430852,12.9829518333333));
#2784=CARTESIAN_POINT('Origin',(4.62710486784749,21.4777056940212,12.9829518333333));
#2785=CARTESIAN_POINT('',(4.62710486784749,21.4777056940212,13.));
#2786=CARTESIAN_POINT('',(4.62710486784749,9.14135284701061,13.));
#2787=CARTESIAN_POINT('',(4.62710486784749,21.4777056940212,16.));
#2788=CARTESIAN_POINT('',(4.62710486784749,9.14135284701061,16.));
#2789=CARTESIAN_POINT('',(4.62710486784749,21.4777056940212,12.9829518333333));
#2790=CARTESIAN_POINT('Ctrl Pts',(4.12694433745467,21.9780345728563,13.));
#2791=CARTESIAN_POINT('Ctrl Pts',(4.12694433745467,21.9780345728563,14.));
#2792=CARTESIAN_POINT('Ctrl Pts',(4.12694433745467,21.9780345728563,15.));
#2793=CARTESIAN_POINT('Ctrl Pts',(4.12694433745467,21.9780345728563,16.));
#2794=CARTESIAN_POINT('Ctrl Pts',(4.40313298233758,21.9780345728563,13.));
#2795=CARTESIAN_POINT('Ctrl Pts',(4.40313298233758,21.9780345728563,14.));
#2796=CARTESIAN_POINT('Ctrl Pts',(4.40313298233758,21.9780345728563,15.));
#2797=CARTESIAN_POINT('Ctrl Pts',(4.40313298233758,21.9780345728563,16.));
#2798=CARTESIAN_POINT('Ctrl Pts',(4.62710486784749,21.7539873009139,13.));
#2799=CARTESIAN_POINT('Ctrl Pts',(4.62710486784749,21.7539873009139,14.));
#2800=CARTESIAN_POINT('Ctrl Pts',(4.62710486784749,21.7539873009139,15.));
#2801=CARTESIAN_POINT('Ctrl Pts',(4.62710486784749,21.7539873009139,16.));
#2802=CARTESIAN_POINT('Ctrl Pts',(4.62710486784749,21.4777056940212,13.));
#2803=CARTESIAN_POINT('Ctrl Pts',(4.62710486784749,21.4777056940212,14.));
#2804=CARTESIAN_POINT('Ctrl Pts',(4.62710486784749,21.4777056940212,15.));
#2805=CARTESIAN_POINT('Ctrl Pts',(4.62710486784749,21.4777056940212,16.));
#2806=CARTESIAN_POINT('',(4.12694433745467,21.9780345728563,13.));
#2807=CARTESIAN_POINT('Ctrl Pts',(4.62710486784749,21.4777056940212,13.));
#2808=CARTESIAN_POINT('Ctrl Pts',(4.62710486784749,21.7539873009139,13.));
#2809=CARTESIAN_POINT('Ctrl Pts',(4.40313298233758,21.9780345728563,13.));
#2810=CARTESIAN_POINT('Ctrl Pts',(4.12694433745467,21.9780345728563,13.));
#2811=CARTESIAN_POINT('',(4.12694433745467,21.9780345728563,16.));
#2812=CARTESIAN_POINT('Ctrl Pts',(4.12694433745467,21.9780345728563,16.));
#2813=CARTESIAN_POINT('Ctrl Pts',(4.40313298233758,21.9780345728563,16.));
#2814=CARTESIAN_POINT('Ctrl Pts',(4.62710486784749,21.7539873009139,16.));
#2815=CARTESIAN_POINT('Ctrl Pts',(4.62710486784749,21.4777056940212,16.));
#2816=CARTESIAN_POINT('',(4.12694433745467,21.9780345728563,12.9829518333333));
#2817=CARTESIAN_POINT('Origin',(-8.87722945275866,21.9780345728563,12.9829518333333));
#2818=CARTESIAN_POINT('',(-8.87722945275866,21.9780345728563,13.));
#2819=CARTESIAN_POINT('',(-5.12611472637916,21.9780345728563,13.));
#2820=CARTESIAN_POINT('',(-8.87722945275866,21.9780345728563,16.));
#2821=CARTESIAN_POINT('',(-5.12611472637916,21.9780345728563,16.));
#2822=CARTESIAN_POINT('',(-8.87722945275866,21.9780345728563,12.9829518333333));
#2823=CARTESIAN_POINT('Ctrl Pts',(-9.37738998315148,21.4777056940212,13.));
#2824=CARTESIAN_POINT('Ctrl Pts',(-9.37738998315148,21.4777056940212,14.));
#2825=CARTESIAN_POINT('Ctrl Pts',(-9.37738998315148,21.4777056940212,15.));
#2826=CARTESIAN_POINT('Ctrl Pts',(-9.37738998315148,21.4777056940212,16.));
#2827=CARTESIAN_POINT('Ctrl Pts',(-9.37738998315148,21.7539873009139,13.));
#2828=CARTESIAN_POINT('Ctrl Pts',(-9.37738998315148,21.7539873009139,14.));
#2829=CARTESIAN_POINT('Ctrl Pts',(-9.37738998315148,21.7539873009139,15.));
#2830=CARTESIAN_POINT('Ctrl Pts',(-9.37738998315148,21.7539873009139,16.));
#2831=CARTESIAN_POINT('Ctrl Pts',(-9.15341809764158,21.9780345728563,13.));
#2832=CARTESIAN_POINT('Ctrl Pts',(-9.15341809764158,21.9780345728563,14.));
#2833=CARTESIAN_POINT('Ctrl Pts',(-9.15341809764158,21.9780345728563,15.));
#2834=CARTESIAN_POINT('Ctrl Pts',(-9.15341809764158,21.9780345728563,16.));
#2835=CARTESIAN_POINT('Ctrl Pts',(-8.87722945275866,21.9780345728563,13.));
#2836=CARTESIAN_POINT('Ctrl Pts',(-8.87722945275866,21.9780345728563,14.));
#2837=CARTESIAN_POINT('Ctrl Pts',(-8.87722945275866,21.9780345728563,15.));
#2838=CARTESIAN_POINT('Ctrl Pts',(-8.87722945275866,21.9780345728563,16.));
#2839=CARTESIAN_POINT('',(-9.37738998315148,21.4777056940212,13.));
#2840=CARTESIAN_POINT('Ctrl Pts',(-8.87722945275866,21.9780345728563,13.));
#2841=CARTESIAN_POINT('Ctrl Pts',(-9.15341809764158,21.9780345728563,13.));
#2842=CARTESIAN_POINT('Ctrl Pts',(-9.37738998315148,21.7539873009139,13.));
#2843=CARTESIAN_POINT('Ctrl Pts',(-9.37738998315148,21.4777056940212,13.));
#2844=CARTESIAN_POINT('',(-9.37738998315148,21.4777056940212,16.));
#2845=CARTESIAN_POINT('Ctrl Pts',(-9.37738998315148,21.4777056940212,16.));
#2846=CARTESIAN_POINT('Ctrl Pts',(-9.37738998315148,21.7539873009139,16.));
#2847=CARTESIAN_POINT('Ctrl Pts',(-9.15341809764158,21.9780345728563,16.));
#2848=CARTESIAN_POINT('Ctrl Pts',(-8.87722945275866,21.9780345728563,16.));
#2849=CARTESIAN_POINT('',(-9.37738998315148,21.4777056940212,12.9829518333333));
#2850=CARTESIAN_POINT('Origin',(-9.37738998315148,8.46915484430852,12.9829518333333));
#2851=CARTESIAN_POINT('',(-9.37738998315148,8.46915484430852,13.));
#2852=CARTESIAN_POINT('',(-9.37738998315148,2.63707742215429,13.));
#2853=CARTESIAN_POINT('',(-9.37738998315148,8.46915484430851,16.));
#2854=CARTESIAN_POINT('',(-9.37738998315148,2.63707742215429,16.));
#2855=CARTESIAN_POINT('',(-9.37738998315148,8.46915484430852,12.9829518333333));
#2856=CARTESIAN_POINT('Ctrl Pts',(-8.87722945275866,7.96882596547341,13.));
#2857=CARTESIAN_POINT('Ctrl Pts',(-8.87722945275866,7.96882596547341,14.));
#2858=CARTESIAN_POINT('Ctrl Pts',(-8.87722945275866,7.96882596547341,15.));
#2859=CARTESIAN_POINT('Ctrl Pts',(-8.87722945275866,7.96882596547341,16.));
#2860=CARTESIAN_POINT('Ctrl Pts',(-9.15341809764158,7.96882596547341,13.));
#2861=CARTESIAN_POINT('Ctrl Pts',(-9.15341809764158,7.96882596547341,14.));
#2862=CARTESIAN_POINT('Ctrl Pts',(-9.15341809764158,7.96882596547341,15.));
#2863=CARTESIAN_POINT('Ctrl Pts',(-9.15341809764158,7.96882596547341,16.));
#2864=CARTESIAN_POINT('Ctrl Pts',(-9.37738998315148,8.19287323741577,13.));
#2865=CARTESIAN_POINT('Ctrl Pts',(-9.37738998315148,8.19287323741577,14.));
#2866=CARTESIAN_POINT('Ctrl Pts',(-9.37738998315148,8.19287323741577,15.));
#2867=CARTESIAN_POINT('Ctrl Pts',(-9.37738998315148,8.19287323741577,16.));
#2868=CARTESIAN_POINT('Ctrl Pts',(-9.37738998315148,8.46915484430852,13.));
#2869=CARTESIAN_POINT('Ctrl Pts',(-9.37738998315148,8.46915484430852,14.));
#2870=CARTESIAN_POINT('Ctrl Pts',(-9.37738998315148,8.46915484430851,15.));
#2871=CARTESIAN_POINT('Ctrl Pts',(-9.37738998315148,8.46915484430851,16.));
#2872=CARTESIAN_POINT('',(-8.87722945275866,7.96882596547341,13.));
#2873=CARTESIAN_POINT('Ctrl Pts',(-9.37738998315148,8.46915484430852,13.));
#2874=CARTESIAN_POINT('Ctrl Pts',(-9.37738998315148,8.19287323741577,13.));
#2875=CARTESIAN_POINT('Ctrl Pts',(-9.15341809764158,7.96882596547341,13.));
#2876=CARTESIAN_POINT('Ctrl Pts',(-8.87722945275866,7.96882596547341,13.));
#2877=CARTESIAN_POINT('',(-8.87722945275866,7.96882596547341,16.));
#2878=CARTESIAN_POINT('Ctrl Pts',(-8.87722945275866,7.96882596547341,16.));
#2879=CARTESIAN_POINT('Ctrl Pts',(-9.15341809764158,7.96882596547341,16.));
#2880=CARTESIAN_POINT('Ctrl Pts',(-9.37738998315148,8.19287323741577,16.));
#2881=CARTESIAN_POINT('Ctrl Pts',(-9.37738998315148,8.46915484430851,16.));
#2882=CARTESIAN_POINT('',(-8.87722945275866,7.96882596547341,12.9829518333333));
#2883=CARTESIAN_POINT('Origin',(4.12694433745467,7.96882596547341,12.9829518333333));
#2884=CARTESIAN_POINT('',(1.3759721687275,7.96882596547341,13.));
#2885=CARTESIAN_POINT('',(1.3759721687275,7.96882596547341,16.));
#2886=CARTESIAN_POINT('Origin',(9.67872622481493,8.46915484430852,12.9829518333333));
#2887=CARTESIAN_POINT('',(9.67872622481493,21.4777056940212,13.));
#2888=CARTESIAN_POINT('',(9.67872622481493,8.46915484430852,13.));
#2889=CARTESIAN_POINT('',(9.67872622481493,2.63707742215429,13.));
#2890=CARTESIAN_POINT('',(9.67872622481493,21.4777056940212,16.));
#2891=CARTESIAN_POINT('',(9.67872622481493,21.4777056940212,12.9829518333333));
#2892=CARTESIAN_POINT('',(9.67872622481493,8.46915484430851,16.));
#2893=CARTESIAN_POINT('',(9.67872622481493,2.63707742215429,16.));
#2894=CARTESIAN_POINT('',(9.67872622481493,8.46915484430852,12.9829518333333));
#2895=CARTESIAN_POINT('Ctrl Pts',(10.1788867552078,7.96882596547341,13.));
#2896=CARTESIAN_POINT('Ctrl Pts',(10.1788867552078,7.96882596547341,14.));
#2897=CARTESIAN_POINT('Ctrl Pts',(10.1788867552078,7.96882596547341,15.));
#2898=CARTESIAN_POINT('Ctrl Pts',(10.1788867552078,7.96882596547341,16.));
#2899=CARTESIAN_POINT('Ctrl Pts',(9.90269811032487,7.96882596547341,13.));
#2900=CARTESIAN_POINT('Ctrl Pts',(9.90269811032487,7.96882596547341,14.));
#2901=CARTESIAN_POINT('Ctrl Pts',(9.90269811032487,7.96882596547341,15.));
#2902=CARTESIAN_POINT('Ctrl Pts',(9.90269811032487,7.96882596547341,16.));
#2903=CARTESIAN_POINT('Ctrl Pts',(9.67872622481497,8.19287323741577,13.));
#2904=CARTESIAN_POINT('Ctrl Pts',(9.67872622481497,8.19287323741577,14.));
#2905=CARTESIAN_POINT('Ctrl Pts',(9.67872622481497,8.19287323741577,15.));
#2906=CARTESIAN_POINT('Ctrl Pts',(9.67872622481497,8.19287323741577,16.));
#2907=CARTESIAN_POINT('Ctrl Pts',(9.67872622481497,8.46915484430852,13.));
#2908=CARTESIAN_POINT('Ctrl Pts',(9.67872622481497,8.46915484430852,14.));
#2909=CARTESIAN_POINT('Ctrl Pts',(9.67872622481497,8.46915484430851,15.));
#2910=CARTESIAN_POINT('Ctrl Pts',(9.67872622481497,8.46915484430851,16.));
#2911=CARTESIAN_POINT('',(10.1788867552078,7.96882596547341,13.));
#2912=CARTESIAN_POINT('Ctrl Pts',(9.67872622481497,8.46915484430852,13.));
#2913=CARTESIAN_POINT('Ctrl Pts',(9.67872622481497,8.19287323741577,13.));
#2914=CARTESIAN_POINT('Ctrl Pts',(9.90269811032487,7.96882596547341,13.));
#2915=CARTESIAN_POINT('Ctrl Pts',(10.1788867552078,7.96882596547341,13.));
#2916=CARTESIAN_POINT('',(10.1788867552078,7.96882596547341,16.));
#2917=CARTESIAN_POINT('Ctrl Pts',(10.1788867552078,7.96882596547341,16.));
#2918=CARTESIAN_POINT('Ctrl Pts',(9.90269811032487,7.96882596547341,16.));
#2919=CARTESIAN_POINT('Ctrl Pts',(9.67872622481497,8.19287323741577,16.));
#2920=CARTESIAN_POINT('Ctrl Pts',(9.67872622481497,8.46915484430851,16.));
#2921=CARTESIAN_POINT('',(10.1788867552078,7.96882596547341,12.9829518333333));
#2922=CARTESIAN_POINT('Origin',(23.1830605454211,7.96882596547341,12.9829518333333));
#2923=CARTESIAN_POINT('',(23.1830605454211,7.96882596547341,13.));
#2924=CARTESIAN_POINT('',(10.9040302727107,7.96882596547341,13.));
#2925=CARTESIAN_POINT('',(23.1830605454211,7.96882596547341,16.));
#2926=CARTESIAN_POINT('',(10.9040302727107,7.96882596547341,16.));
#2927=CARTESIAN_POINT('',(23.1830605454211,7.96882596547341,12.9829518333333));
#2928=CARTESIAN_POINT('Ctrl Pts',(23.6832210758139,8.46915484430852,13.));
#2929=CARTESIAN_POINT('Ctrl Pts',(23.6832210758139,8.46915484430852,14.));
#2930=CARTESIAN_POINT('Ctrl Pts',(23.6832210758139,8.46915484430851,15.));
#2931=CARTESIAN_POINT('Ctrl Pts',(23.6832210758139,8.46915484430851,16.));
#2932=CARTESIAN_POINT('Ctrl Pts',(23.6832210758139,8.19287323741577,13.));
#2933=CARTESIAN_POINT('Ctrl Pts',(23.6832210758139,8.19287323741577,14.));
#2934=CARTESIAN_POINT('Ctrl Pts',(23.6832210758139,8.19287323741577,15.));
#2935=CARTESIAN_POINT('Ctrl Pts',(23.6832210758139,8.19287323741577,16.));
#2936=CARTESIAN_POINT('Ctrl Pts',(23.459249190304,7.96882596547341,13.));
#2937=CARTESIAN_POINT('Ctrl Pts',(23.459249190304,7.96882596547341,14.));
#2938=CARTESIAN_POINT('Ctrl Pts',(23.459249190304,7.96882596547341,15.));
#2939=CARTESIAN_POINT('Ctrl Pts',(23.459249190304,7.96882596547341,16.));
#2940=CARTESIAN_POINT('Ctrl Pts',(23.1830605454211,7.96882596547341,13.));
#2941=CARTESIAN_POINT('Ctrl Pts',(23.1830605454211,7.96882596547341,14.));
#2942=CARTESIAN_POINT('Ctrl Pts',(23.1830605454211,7.96882596547341,15.));
#2943=CARTESIAN_POINT('Ctrl Pts',(23.1830605454211,7.96882596547341,16.));
#2944=CARTESIAN_POINT('',(23.6832210758139,8.46915484430852,13.));
#2945=CARTESIAN_POINT('Ctrl Pts',(23.1830605454211,7.96882596547341,13.));
#2946=CARTESIAN_POINT('Ctrl Pts',(23.459249190304,7.96882596547341,13.));
#2947=CARTESIAN_POINT('Ctrl Pts',(23.6832210758139,8.19287323741577,13.));
#2948=CARTESIAN_POINT('Ctrl Pts',(23.6832210758139,8.46915484430852,13.));
#2949=CARTESIAN_POINT('',(23.6832210758139,8.46915484430851,16.));
#2950=CARTESIAN_POINT('Ctrl Pts',(23.6832210758139,8.46915484430851,16.));
#2951=CARTESIAN_POINT('Ctrl Pts',(23.6832210758139,8.19287323741577,16.));
#2952=CARTESIAN_POINT('Ctrl Pts',(23.459249190304,7.96882596547341,16.));
#2953=CARTESIAN_POINT('Ctrl Pts',(23.1830605454211,7.96882596547341,16.));
#2954=CARTESIAN_POINT('',(23.6832210758139,8.46915484430852,12.9829518333333));
#2955=CARTESIAN_POINT('Origin',(23.6832210758139,21.4777056940212,12.9829518333333));
#2956=CARTESIAN_POINT('',(23.6832210758139,21.4777056940212,13.));
#2957=CARTESIAN_POINT('',(23.6832210758139,9.14135284701061,13.));
#2958=CARTESIAN_POINT('',(23.6832210758139,21.4777056940212,16.));
#2959=CARTESIAN_POINT('',(23.6832210758139,9.14135284701061,16.));
#2960=CARTESIAN_POINT('',(23.6832210758139,21.4777056940212,12.9829518333333));
#2961=CARTESIAN_POINT('Ctrl Pts',(23.1830605454211,21.9780345728563,13.));
#2962=CARTESIAN_POINT('Ctrl Pts',(23.1830605454211,21.9780345728563,14.));
#2963=CARTESIAN_POINT('Ctrl Pts',(23.1830605454211,21.9780345728563,15.));
#2964=CARTESIAN_POINT('Ctrl Pts',(23.1830605454211,21.9780345728563,16.));
#2965=CARTESIAN_POINT('Ctrl Pts',(23.459249190304,21.9780345728563,13.));
#2966=CARTESIAN_POINT('Ctrl Pts',(23.459249190304,21.9780345728563,14.));
#2967=CARTESIAN_POINT('Ctrl Pts',(23.459249190304,21.9780345728563,15.));
#2968=CARTESIAN_POINT('Ctrl Pts',(23.459249190304,21.9780345728563,16.));
#2969=CARTESIAN_POINT('Ctrl Pts',(23.6832210758139,21.7539873009139,13.));
#2970=CARTESIAN_POINT('Ctrl Pts',(23.6832210758139,21.7539873009139,14.));
#2971=CARTESIAN_POINT('Ctrl Pts',(23.6832210758139,21.7539873009139,15.));
#2972=CARTESIAN_POINT('Ctrl Pts',(23.6832210758139,21.7539873009139,16.));
#2973=CARTESIAN_POINT('Ctrl Pts',(23.6832210758139,21.4777056940212,13.));
#2974=CARTESIAN_POINT('Ctrl Pts',(23.6832210758139,21.4777056940212,14.));
#2975=CARTESIAN_POINT('Ctrl Pts',(23.6832210758139,21.4777056940212,15.));
#2976=CARTESIAN_POINT('Ctrl Pts',(23.6832210758139,21.4777056940212,16.));
#2977=CARTESIAN_POINT('',(23.1830605454211,21.9780345728563,13.));
#2978=CARTESIAN_POINT('Ctrl Pts',(23.6832210758139,21.4777056940212,13.));
#2979=CARTESIAN_POINT('Ctrl Pts',(23.6832210758139,21.7539873009139,13.));
#2980=CARTESIAN_POINT('Ctrl Pts',(23.459249190304,21.9780345728563,13.));
#2981=CARTESIAN_POINT('Ctrl Pts',(23.1830605454211,21.9780345728563,13.));
#2982=CARTESIAN_POINT('',(23.1830605454211,21.9780345728563,16.));
#2983=CARTESIAN_POINT('Ctrl Pts',(23.1830605454211,21.9780345728563,16.));
#2984=CARTESIAN_POINT('Ctrl Pts',(23.459249190304,21.9780345728563,16.));
#2985=CARTESIAN_POINT('Ctrl Pts',(23.6832210758139,21.7539873009139,16.));
#2986=CARTESIAN_POINT('Ctrl Pts',(23.6832210758139,21.4777056940212,16.));
#2987=CARTESIAN_POINT('',(23.1830605454211,21.9780345728563,12.9829518333333));
#2988=CARTESIAN_POINT('Origin',(10.1788867552078,21.9780345728563,12.9829518333333));
#2989=CARTESIAN_POINT('',(10.1788867552078,21.9780345728563,13.));
#2990=CARTESIAN_POINT('',(4.40194337760407,21.9780345728563,13.));
#2991=CARTESIAN_POINT('',(10.1788867552078,21.9780345728563,16.));
#2992=CARTESIAN_POINT('',(4.40194337760407,21.9780345728563,16.));
#2993=CARTESIAN_POINT('',(10.1788867552078,21.9780345728563,12.9829518333333));
#2994=CARTESIAN_POINT('Ctrl Pts',(9.67872622481497,21.4777056940212,13.));
#2995=CARTESIAN_POINT('Ctrl Pts',(9.67872622481497,21.4777056940212,14.));
#2996=CARTESIAN_POINT('Ctrl Pts',(9.67872622481497,21.4777056940212,15.));
#2997=CARTESIAN_POINT('Ctrl Pts',(9.67872622481497,21.4777056940212,16.));
#2998=CARTESIAN_POINT('Ctrl Pts',(9.67872622481497,21.7539873009139,13.));
#2999=CARTESIAN_POINT('Ctrl Pts',(9.67872622481497,21.7539873009139,14.));
#3000=CARTESIAN_POINT('Ctrl Pts',(9.67872622481497,21.7539873009139,15.));
#3001=CARTESIAN_POINT('Ctrl Pts',(9.67872622481497,21.7539873009139,16.));
#3002=CARTESIAN_POINT('Ctrl Pts',(9.90269811032487,21.9780345728563,13.));
#3003=CARTESIAN_POINT('Ctrl Pts',(9.90269811032487,21.9780345728563,14.));
#3004=CARTESIAN_POINT('Ctrl Pts',(9.90269811032487,21.9780345728563,15.));
#3005=CARTESIAN_POINT('Ctrl Pts',(9.90269811032487,21.9780345728563,16.));
#3006=CARTESIAN_POINT('Ctrl Pts',(10.1788867552078,21.9780345728563,13.));
#3007=CARTESIAN_POINT('Ctrl Pts',(10.1788867552078,21.9780345728563,14.));
#3008=CARTESIAN_POINT('Ctrl Pts',(10.1788867552078,21.9780345728563,15.));
#3009=CARTESIAN_POINT('Ctrl Pts',(10.1788867552078,21.9780345728563,16.));
#3010=CARTESIAN_POINT('Ctrl Pts',(10.1788867552078,21.9780345728563,13.));
#3011=CARTESIAN_POINT('Ctrl Pts',(9.90269811032487,21.9780345728563,13.));
#3012=CARTESIAN_POINT('Ctrl Pts',(9.67872622481497,21.7539873009139,13.));
#3013=CARTESIAN_POINT('Ctrl Pts',(9.67872622481497,21.4777056940212,13.));
#3014=CARTESIAN_POINT('Ctrl Pts',(9.67872622481497,21.4777056940212,16.));
#3015=CARTESIAN_POINT('Ctrl Pts',(9.67872622481497,21.7539873009139,16.));
#3016=CARTESIAN_POINT('Ctrl Pts',(9.90269811032487,21.9780345728563,16.));
#3017=CARTESIAN_POINT('Ctrl Pts',(10.1788867552078,21.9780345728563,16.));
#3018=CARTESIAN_POINT('Origin',(-47.4896223990844,8.46915484430852,12.9829518333333));
#3019=CARTESIAN_POINT('',(-47.4896223990844,21.4777056940212,13.));
#3020=CARTESIAN_POINT('',(-47.4896223990844,8.46915484430852,13.));
#3021=CARTESIAN_POINT('',(-47.4896223990844,2.63707742215429,13.));
#3022=CARTESIAN_POINT('',(-47.4896223990844,21.4777056940212,16.));
#3023=CARTESIAN_POINT('',(-47.4896223990844,21.4777056940212,12.9829518333333));
#3024=CARTESIAN_POINT('',(-47.4896223990844,8.46915484430851,16.));
#3025=CARTESIAN_POINT('',(-47.4896223990844,2.63707742215429,16.));
#3026=CARTESIAN_POINT('',(-47.4896223990844,8.46915484430852,12.9829518333333));
#3027=CARTESIAN_POINT('Ctrl Pts',(-46.9894618686916,7.96882596547341,13.));
#3028=CARTESIAN_POINT('Ctrl Pts',(-46.9894618686916,7.96882596547341,14.));
#3029=CARTESIAN_POINT('Ctrl Pts',(-46.9894618686916,7.96882596547341,15.));
#3030=CARTESIAN_POINT('Ctrl Pts',(-46.9894618686916,7.96882596547341,16.));
#3031=CARTESIAN_POINT('Ctrl Pts',(-47.2656505135745,7.96882596547341,13.));
#3032=CARTESIAN_POINT('Ctrl Pts',(-47.2656505135745,7.96882596547341,14.));
#3033=CARTESIAN_POINT('Ctrl Pts',(-47.2656505135745,7.96882596547341,15.));
#3034=CARTESIAN_POINT('Ctrl Pts',(-47.2656505135745,7.96882596547341,16.));
#3035=CARTESIAN_POINT('Ctrl Pts',(-47.4896223990844,8.19287323741577,13.));
#3036=CARTESIAN_POINT('Ctrl Pts',(-47.4896223990844,8.19287323741577,14.));
#3037=CARTESIAN_POINT('Ctrl Pts',(-47.4896223990844,8.19287323741577,15.));
#3038=CARTESIAN_POINT('Ctrl Pts',(-47.4896223990844,8.19287323741577,16.));
#3039=CARTESIAN_POINT('Ctrl Pts',(-47.4896223990844,8.46915484430852,13.));
#3040=CARTESIAN_POINT('Ctrl Pts',(-47.4896223990844,8.46915484430852,14.));
#3041=CARTESIAN_POINT('Ctrl Pts',(-47.4896223990844,8.46915484430851,15.));
#3042=CARTESIAN_POINT('Ctrl Pts',(-47.4896223990844,8.46915484430851,16.));
#3043=CARTESIAN_POINT('',(-46.9894618686916,7.96882596547341,13.));
#3044=CARTESIAN_POINT('Ctrl Pts',(-47.4896223990844,8.46915484430852,13.));
#3045=CARTESIAN_POINT('Ctrl Pts',(-47.4896223990844,8.19287323741577,13.));
#3046=CARTESIAN_POINT('Ctrl Pts',(-47.2656505135745,7.96882596547341,13.));
#3047=CARTESIAN_POINT('Ctrl Pts',(-46.9894618686916,7.96882596547341,13.));
#3048=CARTESIAN_POINT('',(-46.9894618686916,7.96882596547341,16.));
#3049=CARTESIAN_POINT('Ctrl Pts',(-46.9894618686916,7.96882596547341,16.));
#3050=CARTESIAN_POINT('Ctrl Pts',(-47.2656505135745,7.96882596547341,16.));
#3051=CARTESIAN_POINT('Ctrl Pts',(-47.4896223990844,8.19287323741577,16.));
#3052=CARTESIAN_POINT('Ctrl Pts',(-47.4896223990844,8.46915484430851,16.));
#3053=CARTESIAN_POINT('',(-46.9894618686916,7.96882596547341,12.9829518333333));
#3054=CARTESIAN_POINT('Origin',(-33.9852880784782,7.96882596547341,12.9829518333333));
#3055=CARTESIAN_POINT('',(-33.9852880784782,7.96882596547341,13.));
#3056=CARTESIAN_POINT('',(-17.680144039239,7.96882596547341,13.));
#3057=CARTESIAN_POINT('',(-33.9852880784782,7.96882596547341,16.));
#3058=CARTESIAN_POINT('',(-17.680144039239,7.96882596547341,16.));
#3059=CARTESIAN_POINT('',(-33.9852880784782,7.96882596547341,12.9829518333333));
#3060=CARTESIAN_POINT('Ctrl Pts',(-33.4851275480854,8.46915484430852,13.));
#3061=CARTESIAN_POINT('Ctrl Pts',(-33.4851275480854,8.46915484430852,14.));
#3062=CARTESIAN_POINT('Ctrl Pts',(-33.4851275480854,8.46915484430851,15.));
#3063=CARTESIAN_POINT('Ctrl Pts',(-33.4851275480854,8.46915484430851,16.));
#3064=CARTESIAN_POINT('Ctrl Pts',(-33.4851275480854,8.19287323741577,13.));
#3065=CARTESIAN_POINT('Ctrl Pts',(-33.4851275480854,8.19287323741577,14.));
#3066=CARTESIAN_POINT('Ctrl Pts',(-33.4851275480854,8.19287323741577,15.));
#3067=CARTESIAN_POINT('Ctrl Pts',(-33.4851275480854,8.19287323741577,16.));
#3068=CARTESIAN_POINT('Ctrl Pts',(-33.7090994335953,7.96882596547341,13.));
#3069=CARTESIAN_POINT('Ctrl Pts',(-33.7090994335953,7.96882596547341,14.));
#3070=CARTESIAN_POINT('Ctrl Pts',(-33.7090994335953,7.96882596547341,15.));
#3071=CARTESIAN_POINT('Ctrl Pts',(-33.7090994335953,7.96882596547341,16.));
#3072=CARTESIAN_POINT('Ctrl Pts',(-33.9852880784782,7.96882596547341,13.));
#3073=CARTESIAN_POINT('Ctrl Pts',(-33.9852880784782,7.96882596547341,14.));
#3074=CARTESIAN_POINT('Ctrl Pts',(-33.9852880784782,7.96882596547341,15.));
#3075=CARTESIAN_POINT('Ctrl Pts',(-33.9852880784782,7.96882596547341,16.));
#3076=CARTESIAN_POINT('',(-33.4851275480854,8.46915484430852,13.));
#3077=CARTESIAN_POINT('Ctrl Pts',(-33.9852880784782,7.96882596547341,13.));
#3078=CARTESIAN_POINT('Ctrl Pts',(-33.7090994335953,7.96882596547341,13.));
#3079=CARTESIAN_POINT('Ctrl Pts',(-33.4851275480854,8.19287323741577,13.));
#3080=CARTESIAN_POINT('Ctrl Pts',(-33.4851275480854,8.46915484430852,13.));
#3081=CARTESIAN_POINT('',(-33.4851275480854,8.46915484430851,16.));
#3082=CARTESIAN_POINT('Ctrl Pts',(-33.4851275480854,8.46915484430851,16.));
#3083=CARTESIAN_POINT('Ctrl Pts',(-33.4851275480854,8.19287323741577,16.));
#3084=CARTESIAN_POINT('Ctrl Pts',(-33.7090994335953,7.96882596547341,16.));
#3085=CARTESIAN_POINT('Ctrl Pts',(-33.9852880784782,7.96882596547341,16.));
#3086=CARTESIAN_POINT('',(-33.4851275480854,8.46915484430852,12.9829518333333));
#3087=CARTESIAN_POINT('Origin',(-33.4851275480854,21.4777056940212,12.9829518333333));
#3088=CARTESIAN_POINT('',(-33.4851275480854,21.4777056940212,13.));
#3089=CARTESIAN_POINT('',(-33.4851275480854,9.14135284701061,13.));
#3090=CARTESIAN_POINT('',(-33.4851275480854,21.4777056940212,16.));
#3091=CARTESIAN_POINT('',(-33.4851275480854,9.14135284701061,16.));
#3092=CARTESIAN_POINT('',(-33.4851275480854,21.4777056940212,12.9829518333333));
#3093=CARTESIAN_POINT('Ctrl Pts',(-33.9852880784782,21.9780345728563,13.));
#3094=CARTESIAN_POINT('Ctrl Pts',(-33.9852880784782,21.9780345728563,14.));
#3095=CARTESIAN_POINT('Ctrl Pts',(-33.9852880784782,21.9780345728563,15.));
#3096=CARTESIAN_POINT('Ctrl Pts',(-33.9852880784782,21.9780345728563,16.));
#3097=CARTESIAN_POINT('Ctrl Pts',(-33.7090994335953,21.9780345728563,13.));
#3098=CARTESIAN_POINT('Ctrl Pts',(-33.7090994335953,21.9780345728563,14.));
#3099=CARTESIAN_POINT('Ctrl Pts',(-33.7090994335953,21.9780345728563,15.));
#3100=CARTESIAN_POINT('Ctrl Pts',(-33.7090994335953,21.9780345728563,16.));
#3101=CARTESIAN_POINT('Ctrl Pts',(-33.4851275480854,21.7539873009139,13.));
#3102=CARTESIAN_POINT('Ctrl Pts',(-33.4851275480854,21.7539873009139,14.));
#3103=CARTESIAN_POINT('Ctrl Pts',(-33.4851275480854,21.7539873009139,15.));
#3104=CARTESIAN_POINT('Ctrl Pts',(-33.4851275480854,21.7539873009139,16.));
#3105=CARTESIAN_POINT('Ctrl Pts',(-33.4851275480854,21.4777056940212,13.));
#3106=CARTESIAN_POINT('Ctrl Pts',(-33.4851275480854,21.4777056940212,14.));
#3107=CARTESIAN_POINT('Ctrl Pts',(-33.4851275480854,21.4777056940212,15.));
#3108=CARTESIAN_POINT('Ctrl Pts',(-33.4851275480854,21.4777056940212,16.));
#3109=CARTESIAN_POINT('',(-33.9852880784782,21.9780345728563,13.));
#3110=CARTESIAN_POINT('Ctrl Pts',(-33.4851275480854,21.4777056940212,13.));
#3111=CARTESIAN_POINT('Ctrl Pts',(-33.4851275480854,21.7539873009139,13.));
#3112=CARTESIAN_POINT('Ctrl Pts',(-33.7090994335953,21.9780345728563,13.));
#3113=CARTESIAN_POINT('Ctrl Pts',(-33.9852880784782,21.9780345728563,13.));
#3114=CARTESIAN_POINT('',(-33.9852880784782,21.9780345728563,16.));
#3115=CARTESIAN_POINT('Ctrl Pts',(-33.9852880784782,21.9780345728563,16.));
#3116=CARTESIAN_POINT('Ctrl Pts',(-33.7090994335953,21.9780345728563,16.));
#3117=CARTESIAN_POINT('Ctrl Pts',(-33.4851275480854,21.7539873009139,16.));
#3118=CARTESIAN_POINT('Ctrl Pts',(-33.4851275480854,21.4777056940212,16.));
#3119=CARTESIAN_POINT('',(-33.9852880784782,21.9780345728563,12.9829518333333));
#3120=CARTESIAN_POINT('Origin',(-46.9894618686916,21.9780345728563,12.9829518333333));
#3121=CARTESIAN_POINT('',(-46.9894618686916,21.9780345728563,13.));
#3122=CARTESIAN_POINT('',(-24.1822309343456,21.9780345728563,13.));
#3123=CARTESIAN_POINT('',(-46.9894618686916,21.9780345728563,16.));
#3124=CARTESIAN_POINT('',(-24.1822309343456,21.9780345728563,16.));
#3125=CARTESIAN_POINT('',(-46.9894618686916,21.9780345728563,12.9829518333333));
#3126=CARTESIAN_POINT('Ctrl Pts',(-47.4896223990844,21.4777056940212,13.));
#3127=CARTESIAN_POINT('Ctrl Pts',(-47.4896223990844,21.4777056940212,14.));
#3128=CARTESIAN_POINT('Ctrl Pts',(-47.4896223990844,21.4777056940212,15.));
#3129=CARTESIAN_POINT('Ctrl Pts',(-47.4896223990844,21.4777056940212,16.));
#3130=CARTESIAN_POINT('Ctrl Pts',(-47.4896223990844,21.7539873009139,13.));
#3131=CARTESIAN_POINT('Ctrl Pts',(-47.4896223990844,21.7539873009139,14.));
#3132=CARTESIAN_POINT('Ctrl Pts',(-47.4896223990844,21.7539873009139,15.));
#3133=CARTESIAN_POINT('Ctrl Pts',(-47.4896223990844,21.7539873009139,16.));
#3134=CARTESIAN_POINT('Ctrl Pts',(-47.2656505135745,21.9780345728563,13.));
#3135=CARTESIAN_POINT('Ctrl Pts',(-47.2656505135745,21.9780345728563,14.));
#3136=CARTESIAN_POINT('Ctrl Pts',(-47.2656505135745,21.9780345728563,15.));
#3137=CARTESIAN_POINT('Ctrl Pts',(-47.2656505135745,21.9780345728563,16.));
#3138=CARTESIAN_POINT('Ctrl Pts',(-46.9894618686916,21.9780345728563,13.));
#3139=CARTESIAN_POINT('Ctrl Pts',(-46.9894618686916,21.9780345728563,14.));
#3140=CARTESIAN_POINT('Ctrl Pts',(-46.9894618686916,21.9780345728563,15.));
#3141=CARTESIAN_POINT('Ctrl Pts',(-46.9894618686916,21.9780345728563,16.));
#3142=CARTESIAN_POINT('Ctrl Pts',(-46.9894618686916,21.9780345728563,13.));
#3143=CARTESIAN_POINT('Ctrl Pts',(-47.2656505135745,21.9780345728563,13.));
#3144=CARTESIAN_POINT('Ctrl Pts',(-47.4896223990844,21.7539873009139,13.));
#3145=CARTESIAN_POINT('Ctrl Pts',(-47.4896223990844,21.4777056940212,13.));
#3146=CARTESIAN_POINT('Ctrl Pts',(-47.4896223990844,21.4777056940212,16.));
#3147=CARTESIAN_POINT('Ctrl Pts',(-47.4896223990844,21.7539873009139,16.));
#3148=CARTESIAN_POINT('Ctrl Pts',(-47.2656505135745,21.9780345728563,16.));
#3149=CARTESIAN_POINT('Ctrl Pts',(-46.9894618686916,21.9780345728563,16.));
#3150=CARTESIAN_POINT('Origin',(9.67872622481493,-10.5933754393089,12.9829518333333));
#3151=CARTESIAN_POINT('',(9.67872622481493,2.41517541040379,13.));
#3152=CARTESIAN_POINT('',(9.67872622481493,-10.5933754393089,13.));
#3153=CARTESIAN_POINT('',(9.67872622481493,-6.8941877196544,13.));
#3154=CARTESIAN_POINT('',(9.67872622481493,2.41517541040379,16.));
#3155=CARTESIAN_POINT('',(9.67872622481493,2.41517541040379,12.9829518333333));
#3156=CARTESIAN_POINT('',(9.67872622481493,-10.5933754393089,16.));
#3157=CARTESIAN_POINT('',(9.67872622481493,-6.8941877196544,16.));
#3158=CARTESIAN_POINT('',(9.67872622481493,-10.5933754393089,12.9829518333333));
#3159=CARTESIAN_POINT('Ctrl Pts',(10.1788867552078,-11.093704318144,13.));
#3160=CARTESIAN_POINT('Ctrl Pts',(10.1788867552078,-11.093704318144,14.));
#3161=CARTESIAN_POINT('Ctrl Pts',(10.1788867552078,-11.093704318144,15.));
#3162=CARTESIAN_POINT('Ctrl Pts',(10.1788867552078,-11.093704318144,16.0000000000001));
#3163=CARTESIAN_POINT('Ctrl Pts',(9.90269811032487,-11.093704318144,13.));
#3164=CARTESIAN_POINT('Ctrl Pts',(9.90269811032487,-11.093704318144,14.));
#3165=CARTESIAN_POINT('Ctrl Pts',(9.90269811032487,-11.093704318144,15.));
#3166=CARTESIAN_POINT('Ctrl Pts',(9.90269811032487,-11.093704318144,16.0000000000001));
#3167=CARTESIAN_POINT('Ctrl Pts',(9.67872622481497,-10.8696570462016,13.));
#3168=CARTESIAN_POINT('Ctrl Pts',(9.67872622481497,-10.8696570462016,14.));
#3169=CARTESIAN_POINT('Ctrl Pts',(9.67872622481497,-10.8696570462016,15.));
#3170=CARTESIAN_POINT('Ctrl Pts',(9.67872622481497,-10.8696570462016,16.0000000000001));
#3171=CARTESIAN_POINT('Ctrl Pts',(9.67872622481497,-10.5933754393089,13.));
#3172=CARTESIAN_POINT('Ctrl Pts',(9.67872622481497,-10.5933754393089,14.));
#3173=CARTESIAN_POINT('Ctrl Pts',(9.67872622481497,-10.5933754393089,15.));
#3174=CARTESIAN_POINT('Ctrl Pts',(9.67872622481497,-10.5933754393089,16.0000000000001));
#3175=CARTESIAN_POINT('',(10.1788867552078,-11.093704318144,13.));
#3176=CARTESIAN_POINT('Ctrl Pts',(9.67872622481497,-10.5933754393089,13.));
#3177=CARTESIAN_POINT('Ctrl Pts',(9.67872622481497,-10.8696570462016,13.));
#3178=CARTESIAN_POINT('Ctrl Pts',(9.90269811032487,-11.093704318144,13.));
#3179=CARTESIAN_POINT('Ctrl Pts',(10.1788867552078,-11.093704318144,13.));
#3180=CARTESIAN_POINT('',(10.1788867552078,-11.093704318144,16.));
#3181=CARTESIAN_POINT('Ctrl Pts',(10.1788867552078,-11.093704318144,16.));
#3182=CARTESIAN_POINT('Ctrl Pts',(9.90269811032487,-11.093704318144,16.));
#3183=CARTESIAN_POINT('Ctrl Pts',(9.67872622481497,-10.8696570462016,16.));
#3184=CARTESIAN_POINT('Ctrl Pts',(9.67872622481497,-10.5933754393089,16.));
#3185=CARTESIAN_POINT('',(10.1788867552078,-11.093704318144,12.9829518333333));
#3186=CARTESIAN_POINT('Origin',(23.1830605454211,-11.0937043181439,12.9829518333333));
#3187=CARTESIAN_POINT('',(23.1830605454211,-11.0937043181439,13.));
#3188=CARTESIAN_POINT('',(10.9040302727107,-11.0937043181439,13.));
#3189=CARTESIAN_POINT('',(23.1830605454211,-11.0937043181439,16.));
#3190=CARTESIAN_POINT('',(10.9040302727107,-11.0937043181439,16.));
#3191=CARTESIAN_POINT('',(23.1830605454211,-11.0937043181439,12.9829518333333));
#3192=CARTESIAN_POINT('Ctrl Pts',(23.6832210758139,-10.5933754393089,13.));
#3193=CARTESIAN_POINT('Ctrl Pts',(23.6832210758139,-10.5933754393089,14.));
#3194=CARTESIAN_POINT('Ctrl Pts',(23.6832210758139,-10.5933754393089,15.));
#3195=CARTESIAN_POINT('Ctrl Pts',(23.6832210758139,-10.5933754393089,16.0000000000001));
#3196=CARTESIAN_POINT('Ctrl Pts',(23.6832210758139,-10.8696570462016,13.));
#3197=CARTESIAN_POINT('Ctrl Pts',(23.6832210758139,-10.8696570462016,14.));
#3198=CARTESIAN_POINT('Ctrl Pts',(23.6832210758139,-10.8696570462016,15.));
#3199=CARTESIAN_POINT('Ctrl Pts',(23.6832210758139,-10.8696570462016,16.0000000000001));
#3200=CARTESIAN_POINT('Ctrl Pts',(23.459249190304,-11.093704318144,13.));
#3201=CARTESIAN_POINT('Ctrl Pts',(23.459249190304,-11.093704318144,14.));
#3202=CARTESIAN_POINT('Ctrl Pts',(23.459249190304,-11.093704318144,15.));
#3203=CARTESIAN_POINT('Ctrl Pts',(23.459249190304,-11.093704318144,16.0000000000001));
#3204=CARTESIAN_POINT('Ctrl Pts',(23.1830605454211,-11.093704318144,13.));
#3205=CARTESIAN_POINT('Ctrl Pts',(23.1830605454211,-11.093704318144,14.));
#3206=CARTESIAN_POINT('Ctrl Pts',(23.1830605454211,-11.093704318144,15.));
#3207=CARTESIAN_POINT('Ctrl Pts',(23.1830605454211,-11.093704318144,16.0000000000001));
#3208=CARTESIAN_POINT('',(23.6832210758139,-10.5933754393089,13.));
#3209=CARTESIAN_POINT('Ctrl Pts',(23.1830605454211,-11.093704318144,13.));
#3210=CARTESIAN_POINT('Ctrl Pts',(23.459249190304,-11.093704318144,13.));
#3211=CARTESIAN_POINT('Ctrl Pts',(23.6832210758139,-10.8696570462016,13.));
#3212=CARTESIAN_POINT('Ctrl Pts',(23.6832210758139,-10.5933754393089,13.));
#3213=CARTESIAN_POINT('',(23.6832210758139,-10.5933754393089,16.));
#3214=CARTESIAN_POINT('Ctrl Pts',(23.6832210758139,-10.5933754393089,16.));
#3215=CARTESIAN_POINT('Ctrl Pts',(23.6832210758139,-10.8696570462016,16.));
#3216=CARTESIAN_POINT('Ctrl Pts',(23.459249190304,-11.093704318144,16.));
#3217=CARTESIAN_POINT('Ctrl Pts',(23.1830605454211,-11.093704318144,16.));
#3218=CARTESIAN_POINT('',(23.6832210758139,-10.5933754393089,12.9829518333333));
#3219=CARTESIAN_POINT('Origin',(23.6832210758139,2.41517541040379,12.9829518333333));
#3220=CARTESIAN_POINT('',(23.6832210758139,2.41517541040379,13.));
#3221=CARTESIAN_POINT('',(23.6832210758139,-0.389912294798077,13.));
#3222=CARTESIAN_POINT('',(23.6832210758139,2.41517541040379,16.));
#3223=CARTESIAN_POINT('',(23.6832210758139,-0.389912294798073,16.));
#3224=CARTESIAN_POINT('',(23.6832210758139,2.41517541040379,12.9829518333333));
#3225=CARTESIAN_POINT('Ctrl Pts',(23.1830605454211,2.91550428923889,13.));
#3226=CARTESIAN_POINT('Ctrl Pts',(23.1830605454211,2.91550428923889,14.));
#3227=CARTESIAN_POINT('Ctrl Pts',(23.1830605454211,2.91550428923889,15.));
#3228=CARTESIAN_POINT('Ctrl Pts',(23.1830605454211,2.91550428923889,16.));
#3229=CARTESIAN_POINT('Ctrl Pts',(23.459249190304,2.91550428923889,13.));
#3230=CARTESIAN_POINT('Ctrl Pts',(23.459249190304,2.91550428923889,14.));
#3231=CARTESIAN_POINT('Ctrl Pts',(23.459249190304,2.91550428923889,15.));
#3232=CARTESIAN_POINT('Ctrl Pts',(23.459249190304,2.91550428923889,16.));
#3233=CARTESIAN_POINT('Ctrl Pts',(23.6832210758139,2.69145701729653,13.));
#3234=CARTESIAN_POINT('Ctrl Pts',(23.6832210758139,2.69145701729653,14.));
#3235=CARTESIAN_POINT('Ctrl Pts',(23.6832210758139,2.69145701729653,15.));
#3236=CARTESIAN_POINT('Ctrl Pts',(23.6832210758139,2.69145701729653,16.));
#3237=CARTESIAN_POINT('Ctrl Pts',(23.6832210758139,2.41517541040379,13.));
#3238=CARTESIAN_POINT('Ctrl Pts',(23.6832210758139,2.41517541040379,14.));
#3239=CARTESIAN_POINT('Ctrl Pts',(23.6832210758139,2.41517541040378,15.));
#3240=CARTESIAN_POINT('Ctrl Pts',(23.6832210758139,2.41517541040378,16.));
#3241=CARTESIAN_POINT('',(23.1830605454211,2.91550428923889,13.));
#3242=CARTESIAN_POINT('Ctrl Pts',(23.6832210758139,2.41517541040379,13.));
#3243=CARTESIAN_POINT('Ctrl Pts',(23.6832210758139,2.69145701729653,13.));
#3244=CARTESIAN_POINT('Ctrl Pts',(23.459249190304,2.91550428923889,13.));
#3245=CARTESIAN_POINT('Ctrl Pts',(23.1830605454211,2.91550428923889,13.));
#3246=CARTESIAN_POINT('',(23.1830605454211,2.91550428923889,16.));
#3247=CARTESIAN_POINT('Ctrl Pts',(23.1830605454211,2.91550428923889,16.));
#3248=CARTESIAN_POINT('Ctrl Pts',(23.459249190304,2.91550428923889,16.));
#3249=CARTESIAN_POINT('Ctrl Pts',(23.6832210758139,2.69145701729653,16.));
#3250=CARTESIAN_POINT('Ctrl Pts',(23.6832210758139,2.41517541040378,16.));
#3251=CARTESIAN_POINT('',(23.1830605454211,2.91550428923889,12.9829518333333));
#3252=CARTESIAN_POINT('Origin',(10.1788867552078,2.9155042892389,12.9829518333333));
#3253=CARTESIAN_POINT('',(10.1788867552078,2.9155042892389,13.));
#3254=CARTESIAN_POINT('',(4.40194337760407,2.9155042892389,13.));
#3255=CARTESIAN_POINT('',(10.1788867552078,2.9155042892389,16.));
#3256=CARTESIAN_POINT('',(4.40194337760407,2.9155042892389,16.));
#3257=CARTESIAN_POINT('',(10.1788867552078,2.9155042892389,12.9829518333333));
#3258=CARTESIAN_POINT('Ctrl Pts',(9.67872622481497,2.41517541040379,13.));
#3259=CARTESIAN_POINT('Ctrl Pts',(9.67872622481497,2.41517541040379,14.));
#3260=CARTESIAN_POINT('Ctrl Pts',(9.67872622481497,2.41517541040378,15.));
#3261=CARTESIAN_POINT('Ctrl Pts',(9.67872622481497,2.41517541040378,16.));
#3262=CARTESIAN_POINT('Ctrl Pts',(9.67872622481497,2.69145701729653,13.));
#3263=CARTESIAN_POINT('Ctrl Pts',(9.67872622481497,2.69145701729653,14.));
#3264=CARTESIAN_POINT('Ctrl Pts',(9.67872622481497,2.69145701729653,15.));
#3265=CARTESIAN_POINT('Ctrl Pts',(9.67872622481497,2.69145701729653,16.));
#3266=CARTESIAN_POINT('Ctrl Pts',(9.90269811032487,2.91550428923889,13.));
#3267=CARTESIAN_POINT('Ctrl Pts',(9.90269811032487,2.91550428923889,14.));
#3268=CARTESIAN_POINT('Ctrl Pts',(9.90269811032487,2.91550428923889,15.));
#3269=CARTESIAN_POINT('Ctrl Pts',(9.90269811032487,2.91550428923889,16.));
#3270=CARTESIAN_POINT('Ctrl Pts',(10.1788867552078,2.91550428923889,13.));
#3271=CARTESIAN_POINT('Ctrl Pts',(10.1788867552078,2.91550428923889,14.));
#3272=CARTESIAN_POINT('Ctrl Pts',(10.1788867552078,2.91550428923889,15.));
#3273=CARTESIAN_POINT('Ctrl Pts',(10.1788867552078,2.91550428923889,16.));
#3274=CARTESIAN_POINT('Ctrl Pts',(10.1788867552078,2.91550428923889,13.));
#3275=CARTESIAN_POINT('Ctrl Pts',(9.90269811032487,2.91550428923889,13.));
#3276=CARTESIAN_POINT('Ctrl Pts',(9.67872622481497,2.69145701729653,13.));
#3277=CARTESIAN_POINT('Ctrl Pts',(9.67872622481497,2.41517541040379,13.));
#3278=CARTESIAN_POINT('Ctrl Pts',(9.67872622481497,2.41517541040378,16.));
#3279=CARTESIAN_POINT('Ctrl Pts',(9.67872622481497,2.69145701729653,16.));
#3280=CARTESIAN_POINT('Ctrl Pts',(9.90269811032487,2.91550428923889,16.));
#3281=CARTESIAN_POINT('Ctrl Pts',(10.1788867552078,2.91550428923889,16.));
#3282=CARTESIAN_POINT('Origin',(-28.433506191118,-10.5933754393089,12.9829518333333));
#3283=CARTESIAN_POINT('',(-28.433506191118,2.41517541040379,13.));
#3284=CARTESIAN_POINT('',(-28.433506191118,-10.5933754393089,13.));
#3285=CARTESIAN_POINT('',(-28.433506191118,-6.8941877196544,13.));
#3286=CARTESIAN_POINT('',(-28.433506191118,2.41517541040379,16.));
#3287=CARTESIAN_POINT('',(-28.433506191118,2.41517541040379,12.9829518333333));
#3288=CARTESIAN_POINT('',(-28.433506191118,-10.5933754393089,16.));
#3289=CARTESIAN_POINT('',(-28.433506191118,-6.8941877196544,16.));
#3290=CARTESIAN_POINT('',(-28.433506191118,-10.5933754393089,12.9829518333333));
#3291=CARTESIAN_POINT('Ctrl Pts',(-27.9333456607251,-11.093704318144,13.));
#3292=CARTESIAN_POINT('Ctrl Pts',(-27.9333456607251,-11.093704318144,14.));
#3293=CARTESIAN_POINT('Ctrl Pts',(-27.9333456607251,-11.093704318144,15.));
#3294=CARTESIAN_POINT('Ctrl Pts',(-27.9333456607251,-11.093704318144,16.0000000000001));
#3295=CARTESIAN_POINT('Ctrl Pts',(-28.209534305608,-11.093704318144,13.));
#3296=CARTESIAN_POINT('Ctrl Pts',(-28.209534305608,-11.093704318144,14.));
#3297=CARTESIAN_POINT('Ctrl Pts',(-28.209534305608,-11.093704318144,15.));
#3298=CARTESIAN_POINT('Ctrl Pts',(-28.209534305608,-11.093704318144,16.0000000000001));
#3299=CARTESIAN_POINT('Ctrl Pts',(-28.4335061911179,-10.8696570462016,13.));
#3300=CARTESIAN_POINT('Ctrl Pts',(-28.4335061911179,-10.8696570462016,14.));
#3301=CARTESIAN_POINT('Ctrl Pts',(-28.4335061911179,-10.8696570462016,15.));
#3302=CARTESIAN_POINT('Ctrl Pts',(-28.4335061911179,-10.8696570462016,16.0000000000001));
#3303=CARTESIAN_POINT('Ctrl Pts',(-28.4335061911179,-10.5933754393089,13.));
#3304=CARTESIAN_POINT('Ctrl Pts',(-28.4335061911179,-10.5933754393089,14.));
#3305=CARTESIAN_POINT('Ctrl Pts',(-28.4335061911179,-10.5933754393089,15.));
#3306=CARTESIAN_POINT('Ctrl Pts',(-28.4335061911179,-10.5933754393089,16.0000000000001));
#3307=CARTESIAN_POINT('',(-27.9333456607251,-11.093704318144,13.));
#3308=CARTESIAN_POINT('Ctrl Pts',(-28.4335061911179,-10.5933754393089,13.));
#3309=CARTESIAN_POINT('Ctrl Pts',(-28.4335061911179,-10.8696570462016,13.));
#3310=CARTESIAN_POINT('Ctrl Pts',(-28.209534305608,-11.093704318144,13.));
#3311=CARTESIAN_POINT('Ctrl Pts',(-27.9333456607251,-11.093704318144,13.));
#3312=CARTESIAN_POINT('',(-27.9333456607251,-11.093704318144,16.));
#3313=CARTESIAN_POINT('Ctrl Pts',(-27.9333456607251,-11.093704318144,16.));
#3314=CARTESIAN_POINT('Ctrl Pts',(-28.209534305608,-11.093704318144,16.));
#3315=CARTESIAN_POINT('Ctrl Pts',(-28.4335061911179,-10.8696570462016,16.));
#3316=CARTESIAN_POINT('Ctrl Pts',(-28.4335061911179,-10.5933754393089,16.));
#3317=CARTESIAN_POINT('',(-27.9333456607251,-11.093704318144,12.9829518333333));
#3318=CARTESIAN_POINT('Origin',(-14.9291718705118,-11.0937043181439,12.9829518333333));
#3319=CARTESIAN_POINT('',(-14.9291718705118,-11.0937043181439,13.));
#3320=CARTESIAN_POINT('',(-8.15208593525572,-11.0937043181439,13.));
#3321=CARTESIAN_POINT('',(-14.9291718705118,-11.0937043181439,16.));
#3322=CARTESIAN_POINT('',(-8.15208593525572,-11.0937043181439,16.));
#3323=CARTESIAN_POINT('',(-14.9291718705118,-11.0937043181439,12.9829518333333));
#3324=CARTESIAN_POINT('Ctrl Pts',(-14.429011340119,-10.5933754393089,13.));
#3325=CARTESIAN_POINT('Ctrl Pts',(-14.429011340119,-10.5933754393089,14.));
#3326=CARTESIAN_POINT('Ctrl Pts',(-14.429011340119,-10.5933754393089,15.));
#3327=CARTESIAN_POINT('Ctrl Pts',(-14.429011340119,-10.5933754393089,16.0000000000001));
#3328=CARTESIAN_POINT('Ctrl Pts',(-14.429011340119,-10.8696570462016,13.));
#3329=CARTESIAN_POINT('Ctrl Pts',(-14.429011340119,-10.8696570462016,14.));
#3330=CARTESIAN_POINT('Ctrl Pts',(-14.429011340119,-10.8696570462016,15.));
#3331=CARTESIAN_POINT('Ctrl Pts',(-14.429011340119,-10.8696570462016,16.0000000000001));
#3332=CARTESIAN_POINT('Ctrl Pts',(-14.6529832256289,-11.093704318144,13.));
#3333=CARTESIAN_POINT('Ctrl Pts',(-14.6529832256289,-11.093704318144,14.));
#3334=CARTESIAN_POINT('Ctrl Pts',(-14.6529832256289,-11.093704318144,15.));
#3335=CARTESIAN_POINT('Ctrl Pts',(-14.6529832256289,-11.093704318144,16.0000000000001));
#3336=CARTESIAN_POINT('Ctrl Pts',(-14.9291718705118,-11.093704318144,13.));
#3337=CARTESIAN_POINT('Ctrl Pts',(-14.9291718705118,-11.093704318144,14.));
#3338=CARTESIAN_POINT('Ctrl Pts',(-14.9291718705118,-11.093704318144,15.));
#3339=CARTESIAN_POINT('Ctrl Pts',(-14.9291718705118,-11.093704318144,16.0000000000001));
#3340=CARTESIAN_POINT('',(-14.429011340119,-10.5933754393089,13.));
#3341=CARTESIAN_POINT('Ctrl Pts',(-14.9291718705118,-11.093704318144,13.));
#3342=CARTESIAN_POINT('Ctrl Pts',(-14.6529832256289,-11.093704318144,13.));
#3343=CARTESIAN_POINT('Ctrl Pts',(-14.429011340119,-10.8696570462016,13.));
#3344=CARTESIAN_POINT('Ctrl Pts',(-14.429011340119,-10.5933754393089,13.));
#3345=CARTESIAN_POINT('',(-14.429011340119,-10.5933754393089,16.));
#3346=CARTESIAN_POINT('Ctrl Pts',(-14.429011340119,-10.5933754393089,16.));
#3347=CARTESIAN_POINT('Ctrl Pts',(-14.429011340119,-10.8696570462016,16.));
#3348=CARTESIAN_POINT('Ctrl Pts',(-14.6529832256289,-11.093704318144,16.));
#3349=CARTESIAN_POINT('Ctrl Pts',(-14.9291718705118,-11.093704318144,16.));
#3350=CARTESIAN_POINT('',(-14.429011340119,-10.5933754393089,12.9829518333333));
#3351=CARTESIAN_POINT('Origin',(-14.429011340119,2.41517541040379,12.9829518333333));
#3352=CARTESIAN_POINT('',(-14.429011340119,2.41517541040379,13.));
#3353=CARTESIAN_POINT('',(-14.429011340119,-0.389912294798077,13.));
#3354=CARTESIAN_POINT('',(-14.429011340119,2.41517541040379,16.));
#3355=CARTESIAN_POINT('',(-14.429011340119,-0.389912294798073,16.));
#3356=CARTESIAN_POINT('',(-14.429011340119,2.41517541040379,12.9829518333333));
#3357=CARTESIAN_POINT('Ctrl Pts',(-14.9291718705118,2.91550428923889,13.));
#3358=CARTESIAN_POINT('Ctrl Pts',(-14.9291718705118,2.91550428923889,14.));
#3359=CARTESIAN_POINT('Ctrl Pts',(-14.9291718705118,2.91550428923889,15.));
#3360=CARTESIAN_POINT('Ctrl Pts',(-14.9291718705118,2.91550428923889,16.));
#3361=CARTESIAN_POINT('Ctrl Pts',(-14.6529832256289,2.91550428923889,13.));
#3362=CARTESIAN_POINT('Ctrl Pts',(-14.6529832256289,2.91550428923889,14.));
#3363=CARTESIAN_POINT('Ctrl Pts',(-14.6529832256289,2.91550428923889,15.));
#3364=CARTESIAN_POINT('Ctrl Pts',(-14.6529832256289,2.91550428923889,16.));
#3365=CARTESIAN_POINT('Ctrl Pts',(-14.429011340119,2.69145701729653,13.));
#3366=CARTESIAN_POINT('Ctrl Pts',(-14.429011340119,2.69145701729653,14.));
#3367=CARTESIAN_POINT('Ctrl Pts',(-14.429011340119,2.69145701729653,15.));
#3368=CARTESIAN_POINT('Ctrl Pts',(-14.429011340119,2.69145701729653,16.));
#3369=CARTESIAN_POINT('Ctrl Pts',(-14.429011340119,2.41517541040379,13.));
#3370=CARTESIAN_POINT('Ctrl Pts',(-14.429011340119,2.41517541040379,14.));
#3371=CARTESIAN_POINT('Ctrl Pts',(-14.429011340119,2.41517541040378,15.));
#3372=CARTESIAN_POINT('Ctrl Pts',(-14.429011340119,2.41517541040378,16.));
#3373=CARTESIAN_POINT('',(-14.9291718705118,2.91550428923889,13.));
#3374=CARTESIAN_POINT('Ctrl Pts',(-14.429011340119,2.41517541040379,13.));
#3375=CARTESIAN_POINT('Ctrl Pts',(-14.429011340119,2.69145701729653,13.));
#3376=CARTESIAN_POINT('Ctrl Pts',(-14.6529832256289,2.91550428923889,13.));
#3377=CARTESIAN_POINT('Ctrl Pts',(-14.9291718705118,2.91550428923889,13.));
#3378=CARTESIAN_POINT('',(-14.9291718705118,2.91550428923889,16.));
#3379=CARTESIAN_POINT('Ctrl Pts',(-14.9291718705118,2.91550428923889,16.));
#3380=CARTESIAN_POINT('Ctrl Pts',(-14.6529832256289,2.91550428923889,16.));
#3381=CARTESIAN_POINT('Ctrl Pts',(-14.429011340119,2.69145701729653,16.));
#3382=CARTESIAN_POINT('Ctrl Pts',(-14.429011340119,2.41517541040378,16.));
#3383=CARTESIAN_POINT('',(-14.9291718705118,2.91550428923889,12.9829518333333));
#3384=CARTESIAN_POINT('Origin',(-27.9333456607251,2.9155042892389,12.9829518333333));
#3385=CARTESIAN_POINT('',(-27.9333456607251,2.9155042892389,13.));
#3386=CARTESIAN_POINT('',(-14.6541728303624,2.9155042892389,13.));
#3387=CARTESIAN_POINT('',(-27.9333456607251,2.9155042892389,16.));
#3388=CARTESIAN_POINT('',(-14.6541728303624,2.9155042892389,16.));
#3389=CARTESIAN_POINT('',(-27.9333456607251,2.9155042892389,12.9829518333333));
#3390=CARTESIAN_POINT('Ctrl Pts',(-28.4335061911179,2.41517541040379,13.));
#3391=CARTESIAN_POINT('Ctrl Pts',(-28.4335061911179,2.41517541040379,14.));
#3392=CARTESIAN_POINT('Ctrl Pts',(-28.4335061911179,2.41517541040378,15.));
#3393=CARTESIAN_POINT('Ctrl Pts',(-28.4335061911179,2.41517541040378,16.));
#3394=CARTESIAN_POINT('Ctrl Pts',(-28.4335061911179,2.69145701729653,13.));
#3395=CARTESIAN_POINT('Ctrl Pts',(-28.4335061911179,2.69145701729653,14.));
#3396=CARTESIAN_POINT('Ctrl Pts',(-28.4335061911179,2.69145701729653,15.));
#3397=CARTESIAN_POINT('Ctrl Pts',(-28.4335061911179,2.69145701729653,16.));
#3398=CARTESIAN_POINT('Ctrl Pts',(-28.209534305608,2.91550428923889,13.));
#3399=CARTESIAN_POINT('Ctrl Pts',(-28.209534305608,2.91550428923889,14.));
#3400=CARTESIAN_POINT('Ctrl Pts',(-28.209534305608,2.91550428923889,15.));
#3401=CARTESIAN_POINT('Ctrl Pts',(-28.209534305608,2.91550428923889,16.));
#3402=CARTESIAN_POINT('Ctrl Pts',(-27.9333456607251,2.91550428923889,13.));
#3403=CARTESIAN_POINT('Ctrl Pts',(-27.9333456607251,2.91550428923889,14.));
#3404=CARTESIAN_POINT('Ctrl Pts',(-27.9333456607251,2.91550428923889,15.));
#3405=CARTESIAN_POINT('Ctrl Pts',(-27.9333456607251,2.91550428923889,16.));
#3406=CARTESIAN_POINT('Ctrl Pts',(-27.9333456607251,2.91550428923889,13.));
#3407=CARTESIAN_POINT('Ctrl Pts',(-28.209534305608,2.91550428923889,13.));
#3408=CARTESIAN_POINT('Ctrl Pts',(-28.4335061911179,2.69145701729653,13.));
#3409=CARTESIAN_POINT('Ctrl Pts',(-28.4335061911179,2.41517541040379,13.));
#3410=CARTESIAN_POINT('Ctrl Pts',(-28.4335061911179,2.41517541040378,16.));
#3411=CARTESIAN_POINT('Ctrl Pts',(-28.4335061911179,2.69145701729653,16.));
#3412=CARTESIAN_POINT('Ctrl Pts',(-28.209534305608,2.91550428923889,16.));
#3413=CARTESIAN_POINT('Ctrl Pts',(-27.9333456607251,2.91550428923889,16.));
#3414=CARTESIAN_POINT('Origin',(-28.433506191118,8.46915484430852,12.9829518333333));
#3415=CARTESIAN_POINT('',(-28.433506191118,21.4777056940212,13.));
#3416=CARTESIAN_POINT('',(-28.433506191118,8.46915484430852,13.));
#3417=CARTESIAN_POINT('',(-28.433506191118,2.63707742215429,13.));
#3418=CARTESIAN_POINT('',(-28.433506191118,21.4777056940212,16.));
#3419=CARTESIAN_POINT('',(-28.433506191118,21.4777056940212,12.9829518333333));
#3420=CARTESIAN_POINT('',(-28.433506191118,8.46915484430851,16.));
#3421=CARTESIAN_POINT('',(-28.433506191118,2.63707742215429,16.));
#3422=CARTESIAN_POINT('',(-28.433506191118,8.46915484430852,12.9829518333333));
#3423=CARTESIAN_POINT('Ctrl Pts',(-27.9333456607251,7.96882596547341,13.));
#3424=CARTESIAN_POINT('Ctrl Pts',(-27.9333456607251,7.96882596547341,14.));
#3425=CARTESIAN_POINT('Ctrl Pts',(-27.9333456607251,7.96882596547341,15.));
#3426=CARTESIAN_POINT('Ctrl Pts',(-27.9333456607251,7.96882596547341,16.));
#3427=CARTESIAN_POINT('Ctrl Pts',(-28.209534305608,7.96882596547341,13.));
#3428=CARTESIAN_POINT('Ctrl Pts',(-28.209534305608,7.96882596547341,14.));
#3429=CARTESIAN_POINT('Ctrl Pts',(-28.209534305608,7.96882596547341,15.));
#3430=CARTESIAN_POINT('Ctrl Pts',(-28.209534305608,7.96882596547341,16.));
#3431=CARTESIAN_POINT('Ctrl Pts',(-28.4335061911179,8.19287323741577,13.));
#3432=CARTESIAN_POINT('Ctrl Pts',(-28.4335061911179,8.19287323741577,14.));
#3433=CARTESIAN_POINT('Ctrl Pts',(-28.4335061911179,8.19287323741577,15.));
#3434=CARTESIAN_POINT('Ctrl Pts',(-28.4335061911179,8.19287323741577,16.));
#3435=CARTESIAN_POINT('Ctrl Pts',(-28.4335061911179,8.46915484430852,13.));
#3436=CARTESIAN_POINT('Ctrl Pts',(-28.4335061911179,8.46915484430852,14.));
#3437=CARTESIAN_POINT('Ctrl Pts',(-28.4335061911179,8.46915484430851,15.));
#3438=CARTESIAN_POINT('Ctrl Pts',(-28.4335061911179,8.46915484430851,16.));
#3439=CARTESIAN_POINT('',(-27.9333456607251,7.96882596547341,13.));
#3440=CARTESIAN_POINT('Ctrl Pts',(-28.4335061911179,8.46915484430852,13.));
#3441=CARTESIAN_POINT('Ctrl Pts',(-28.4335061911179,8.19287323741577,13.));
#3442=CARTESIAN_POINT('Ctrl Pts',(-28.209534305608,7.96882596547341,13.));
#3443=CARTESIAN_POINT('Ctrl Pts',(-27.9333456607251,7.96882596547341,13.));
#3444=CARTESIAN_POINT('',(-27.9333456607251,7.96882596547341,16.));
#3445=CARTESIAN_POINT('Ctrl Pts',(-27.9333456607251,7.96882596547341,16.));
#3446=CARTESIAN_POINT('Ctrl Pts',(-28.209534305608,7.96882596547341,16.));
#3447=CARTESIAN_POINT('Ctrl Pts',(-28.4335061911179,8.19287323741577,16.));
#3448=CARTESIAN_POINT('Ctrl Pts',(-28.4335061911179,8.46915484430851,16.));
#3449=CARTESIAN_POINT('',(-27.9333456607251,7.96882596547341,12.9829518333333));
#3450=CARTESIAN_POINT('Origin',(-14.9291718705118,7.96882596547341,12.9829518333333));
#3451=CARTESIAN_POINT('',(-14.9291718705118,7.96882596547341,13.));
#3452=CARTESIAN_POINT('',(-8.15208593525572,7.96882596547341,13.));
#3453=CARTESIAN_POINT('',(-14.9291718705118,7.96882596547341,16.));
#3454=CARTESIAN_POINT('',(-8.15208593525572,7.96882596547341,16.));
#3455=CARTESIAN_POINT('',(-14.9291718705118,7.96882596547341,12.9829518333333));
#3456=CARTESIAN_POINT('Ctrl Pts',(-14.429011340119,8.46915484430852,13.));
#3457=CARTESIAN_POINT('Ctrl Pts',(-14.429011340119,8.46915484430852,14.));
#3458=CARTESIAN_POINT('Ctrl Pts',(-14.429011340119,8.46915484430851,15.));
#3459=CARTESIAN_POINT('Ctrl Pts',(-14.429011340119,8.46915484430851,16.));
#3460=CARTESIAN_POINT('Ctrl Pts',(-14.429011340119,8.19287323741577,13.));
#3461=CARTESIAN_POINT('Ctrl Pts',(-14.429011340119,8.19287323741577,14.));
#3462=CARTESIAN_POINT('Ctrl Pts',(-14.429011340119,8.19287323741577,15.));
#3463=CARTESIAN_POINT('Ctrl Pts',(-14.429011340119,8.19287323741577,16.));
#3464=CARTESIAN_POINT('Ctrl Pts',(-14.6529832256289,7.96882596547341,13.));
#3465=CARTESIAN_POINT('Ctrl Pts',(-14.6529832256289,7.96882596547341,14.));
#3466=CARTESIAN_POINT('Ctrl Pts',(-14.6529832256289,7.96882596547341,15.));
#3467=CARTESIAN_POINT('Ctrl Pts',(-14.6529832256289,7.96882596547341,16.));
#3468=CARTESIAN_POINT('Ctrl Pts',(-14.9291718705118,7.96882596547341,13.));
#3469=CARTESIAN_POINT('Ctrl Pts',(-14.9291718705118,7.96882596547341,14.));
#3470=CARTESIAN_POINT('Ctrl Pts',(-14.9291718705118,7.96882596547341,15.));
#3471=CARTESIAN_POINT('Ctrl Pts',(-14.9291718705118,7.96882596547341,16.));
#3472=CARTESIAN_POINT('',(-14.429011340119,8.46915484430852,13.));
#3473=CARTESIAN_POINT('Ctrl Pts',(-14.9291718705118,7.96882596547341,13.));
#3474=CARTESIAN_POINT('Ctrl Pts',(-14.6529832256289,7.96882596547341,13.));
#3475=CARTESIAN_POINT('Ctrl Pts',(-14.429011340119,8.19287323741577,13.));
#3476=CARTESIAN_POINT('Ctrl Pts',(-14.429011340119,8.46915484430852,13.));
#3477=CARTESIAN_POINT('',(-14.429011340119,8.46915484430851,16.));
#3478=CARTESIAN_POINT('Ctrl Pts',(-14.429011340119,8.46915484430851,16.));
#3479=CARTESIAN_POINT('Ctrl Pts',(-14.429011340119,8.19287323741577,16.));
#3480=CARTESIAN_POINT('Ctrl Pts',(-14.6529832256289,7.96882596547341,16.));
#3481=CARTESIAN_POINT('Ctrl Pts',(-14.9291718705118,7.96882596547341,16.));
#3482=CARTESIAN_POINT('',(-14.429011340119,8.46915484430852,12.9829518333333));
#3483=CARTESIAN_POINT('Origin',(-14.429011340119,21.4777056940212,12.9829518333333));
#3484=CARTESIAN_POINT('',(-14.429011340119,21.4777056940212,13.));
#3485=CARTESIAN_POINT('',(-14.429011340119,9.14135284701061,13.));
#3486=CARTESIAN_POINT('',(-14.429011340119,21.4777056940212,16.));
#3487=CARTESIAN_POINT('',(-14.429011340119,9.14135284701061,16.));
#3488=CARTESIAN_POINT('',(-14.429011340119,21.4777056940212,12.9829518333333));
#3489=CARTESIAN_POINT('Ctrl Pts',(-14.9291718705118,21.9780345728563,13.));
#3490=CARTESIAN_POINT('Ctrl Pts',(-14.9291718705118,21.9780345728563,14.));
#3491=CARTESIAN_POINT('Ctrl Pts',(-14.9291718705118,21.9780345728563,15.));
#3492=CARTESIAN_POINT('Ctrl Pts',(-14.9291718705118,21.9780345728563,16.));
#3493=CARTESIAN_POINT('Ctrl Pts',(-14.6529832256289,21.9780345728563,13.));
#3494=CARTESIAN_POINT('Ctrl Pts',(-14.6529832256289,21.9780345728563,14.));
#3495=CARTESIAN_POINT('Ctrl Pts',(-14.6529832256289,21.9780345728563,15.));
#3496=CARTESIAN_POINT('Ctrl Pts',(-14.6529832256289,21.9780345728563,16.));
#3497=CARTESIAN_POINT('Ctrl Pts',(-14.429011340119,21.7539873009139,13.));
#3498=CARTESIAN_POINT('Ctrl Pts',(-14.429011340119,21.7539873009139,14.));
#3499=CARTESIAN_POINT('Ctrl Pts',(-14.429011340119,21.7539873009139,15.));
#3500=CARTESIAN_POINT('Ctrl Pts',(-14.429011340119,21.7539873009139,16.));
#3501=CARTESIAN_POINT('Ctrl Pts',(-14.429011340119,21.4777056940212,13.));
#3502=CARTESIAN_POINT('Ctrl Pts',(-14.429011340119,21.4777056940212,14.));
#3503=CARTESIAN_POINT('Ctrl Pts',(-14.429011340119,21.4777056940212,15.));
#3504=CARTESIAN_POINT('Ctrl Pts',(-14.429011340119,21.4777056940212,16.));
#3505=CARTESIAN_POINT('',(-14.9291718705118,21.9780345728563,13.));
#3506=CARTESIAN_POINT('Ctrl Pts',(-14.429011340119,21.4777056940212,13.));
#3507=CARTESIAN_POINT('Ctrl Pts',(-14.429011340119,21.7539873009139,13.));
#3508=CARTESIAN_POINT('Ctrl Pts',(-14.6529832256289,21.9780345728563,13.));
#3509=CARTESIAN_POINT('Ctrl Pts',(-14.9291718705118,21.9780345728563,13.));
#3510=CARTESIAN_POINT('',(-14.9291718705118,21.9780345728563,16.));
#3511=CARTESIAN_POINT('Ctrl Pts',(-14.9291718705118,21.9780345728563,16.));
#3512=CARTESIAN_POINT('Ctrl Pts',(-14.6529832256289,21.9780345728563,16.));
#3513=CARTESIAN_POINT('Ctrl Pts',(-14.429011340119,21.7539873009139,16.));
#3514=CARTESIAN_POINT('Ctrl Pts',(-14.429011340119,21.4777056940212,16.));
#3515=CARTESIAN_POINT('',(-14.9291718705118,21.9780345728563,12.9829518333333));
#3516=CARTESIAN_POINT('Origin',(-27.9333456607251,21.9780345728563,12.9829518333333));
#3517=CARTESIAN_POINT('',(-27.9333456607251,21.9780345728563,13.));
#3518=CARTESIAN_POINT('',(-14.6541728303624,21.9780345728563,13.));
#3519=CARTESIAN_POINT('',(-27.9333456607251,21.9780345728563,16.));
#3520=CARTESIAN_POINT('',(-14.6541728303624,21.9780345728563,16.));
#3521=CARTESIAN_POINT('',(-27.9333456607251,21.9780345728563,12.9829518333333));
#3522=CARTESIAN_POINT('Ctrl Pts',(-28.4335061911179,21.4777056940212,13.));
#3523=CARTESIAN_POINT('Ctrl Pts',(-28.4335061911179,21.4777056940212,14.));
#3524=CARTESIAN_POINT('Ctrl Pts',(-28.4335061911179,21.4777056940212,15.));
#3525=CARTESIAN_POINT('Ctrl Pts',(-28.4335061911179,21.4777056940212,16.));
#3526=CARTESIAN_POINT('Ctrl Pts',(-28.4335061911179,21.7539873009139,13.));
#3527=CARTESIAN_POINT('Ctrl Pts',(-28.4335061911179,21.7539873009139,14.));
#3528=CARTESIAN_POINT('Ctrl Pts',(-28.4335061911179,21.7539873009139,15.));
#3529=CARTESIAN_POINT('Ctrl Pts',(-28.4335061911179,21.7539873009139,16.));
#3530=CARTESIAN_POINT('Ctrl Pts',(-28.209534305608,21.9780345728563,13.));
#3531=CARTESIAN_POINT('Ctrl Pts',(-28.209534305608,21.9780345728563,14.));
#3532=CARTESIAN_POINT('Ctrl Pts',(-28.209534305608,21.9780345728563,15.));
#3533=CARTESIAN_POINT('Ctrl Pts',(-28.209534305608,21.9780345728563,16.));
#3534=CARTESIAN_POINT('Ctrl Pts',(-27.9333456607251,21.9780345728563,13.));
#3535=CARTESIAN_POINT('Ctrl Pts',(-27.9333456607251,21.9780345728563,14.));
#3536=CARTESIAN_POINT('Ctrl Pts',(-27.9333456607251,21.9780345728563,15.));
#3537=CARTESIAN_POINT('Ctrl Pts',(-27.9333456607251,21.9780345728563,16.));
#3538=CARTESIAN_POINT('Ctrl Pts',(-27.9333456607251,21.9780345728563,13.));
#3539=CARTESIAN_POINT('Ctrl Pts',(-28.209534305608,21.9780345728563,13.));
#3540=CARTESIAN_POINT('Ctrl Pts',(-28.4335061911179,21.7539873009139,13.));
#3541=CARTESIAN_POINT('Ctrl Pts',(-28.4335061911179,21.4777056940212,13.));
#3542=CARTESIAN_POINT('Ctrl Pts',(-28.4335061911179,21.4777056940212,16.));
#3543=CARTESIAN_POINT('Ctrl Pts',(-28.4335061911179,21.7539873009139,16.));
#3544=CARTESIAN_POINT('Ctrl Pts',(-28.209534305608,21.9780345728563,16.));
#3545=CARTESIAN_POINT('Ctrl Pts',(-27.9333456607251,21.9780345728563,16.));
#3546=CARTESIAN_POINT('Origin',(52.8000000000006,-38.5499999999998,13.6838076923077));
#3547=CARTESIAN_POINT('',(51.3415000000006,-38.5499999999998,13.6838076923077));
#3548=CARTESIAN_POINT('Origin',(52.8000000000006,-38.5499999999998,13.6838076923077));
#3549=CARTESIAN_POINT('',(51.3415000000006,-38.5499999999998,16.0000000000001));
#3550=CARTESIAN_POINT('',(51.3415000000006,-38.5499999999998,13.6838076923077));
#3551=CARTESIAN_POINT('Origin',(52.8000000000006,-38.5499999999998,16.0000000000001));
#3552=CARTESIAN_POINT('Origin',(52.8000000000006,-38.5499999999998,13.6838076923077));
#3553=CARTESIAN_POINT('Origin',(52.8000000000006,31.4500000000002,13.6838076923077));
#3554=CARTESIAN_POINT('',(51.3415000000006,31.4500000000002,13.6838076923077));
#3555=CARTESIAN_POINT('Origin',(52.8000000000006,31.4500000000002,13.6838076923077));
#3556=CARTESIAN_POINT('',(51.3415000000006,31.4500000000002,16.));
#3557=CARTESIAN_POINT('',(51.3415000000006,31.4500000000002,13.6838076923077));
#3558=CARTESIAN_POINT('Origin',(52.8000000000006,31.4500000000002,16.));
#3559=CARTESIAN_POINT('Origin',(52.8000000000006,31.4500000000002,13.6838076923077));
#3560=CARTESIAN_POINT('Origin',(-56.1999999999994,31.5500000000002,13.6838076923077));
#3561=CARTESIAN_POINT('',(-57.6584999999994,31.5500000000002,13.6838076923077));
#3562=CARTESIAN_POINT('Origin',(-56.1999999999994,31.5500000000002,13.6838076923077));
#3563=CARTESIAN_POINT('',(-57.6584999999994,31.5500000000002,16.));
#3564=CARTESIAN_POINT('',(-57.6584999999994,31.5500000000002,13.6838076923077));
#3565=CARTESIAN_POINT('Origin',(-56.1999999999994,31.5500000000002,16.));
#3566=CARTESIAN_POINT('Origin',(-56.1999999999994,31.5500000000002,13.6838076923077));
#3567=CARTESIAN_POINT('Origin',(-56.1999999999994,-38.4499999999998,13.6838076923077));
#3568=CARTESIAN_POINT('',(-57.6584999999994,-38.4499999999998,13.6838076923077));
#3569=CARTESIAN_POINT('Origin',(-56.1999999999994,-38.4499999999998,13.6838076923077));
#3570=CARTESIAN_POINT('',(-57.6584999999994,-38.4499999999998,16.0000000000001));
#3571=CARTESIAN_POINT('',(-57.6584999999994,-38.4499999999998,13.6838076923077));
#3572=CARTESIAN_POINT('Origin',(-56.1999999999994,-38.4499999999998,16.0000000000001));
#3573=CARTESIAN_POINT('Origin',(-56.1999999999994,-38.4499999999998,13.6838076923077));
#3574=CARTESIAN_POINT('Origin',(-1.37499999999966,-43.3899999999998,14.5));
#3575=CARTESIAN_POINT('',(58.2500000000001,-43.3899999999998,13.));
#3576=CARTESIAN_POINT('',(58.2500000000001,-43.3899999999998,16.0000000000001));
#3577=CARTESIAN_POINT('',(58.2500000000001,-43.3899999999998,14.5));
#3578=CARTESIAN_POINT('',(-60.9999999999994,-43.3899999999998,16.0000000000001));
#3579=CARTESIAN_POINT('',(-1.37499999999966,-43.3899999999998,16.0000000000001));
#3580=CARTESIAN_POINT('',(-60.9999999999994,-43.3899999999998,13.));
#3581=CARTESIAN_POINT('',(-60.9999999999994,-43.3899999999998,14.5));
#3582=CARTESIAN_POINT('',(-1.37499999999966,-43.3899999999998,13.));
#3583=CARTESIAN_POINT('Origin',(-1.37499999999966,37.,14.5));
#3584=CARTESIAN_POINT('',(58.2500000000001,37.,16.));
#3585=CARTESIAN_POINT('',(58.2500000000001,37.,13.));
#3586=CARTESIAN_POINT('',(58.2500000000001,37.,14.5));
#3587=CARTESIAN_POINT('',(-60.9999999999994,37.,13.));
#3588=CARTESIAN_POINT('',(-1.37499999999966,37.,13.));
#3589=CARTESIAN_POINT('',(-60.9999999999994,37.,16.));
#3590=CARTESIAN_POINT('',(-60.9999999999994,37.,14.5));
#3591=CARTESIAN_POINT('',(-1.37499999999966,37.,16.));
#3592=CARTESIAN_POINT('Origin',(-1.37499999999966,-3.19499999999994,13.));
#3593=CARTESIAN_POINT('',(-60.9999999999994,-3.19499999999994,13.));
#3594=CARTESIAN_POINT('',(58.2500000000001,-3.19499999999994,13.));
#3595=CARTESIAN_POINT('Origin',(-60.9999999999994,-3.19499999999994,14.5));
#3596=CARTESIAN_POINT('',(-60.9999999999994,-3.19499999999993,16.));
#3597=CARTESIAN_POINT('Origin',(-1.37499999999966,-3.19499999999993,16.));
#3598=CARTESIAN_POINT('',(58.2500000000001,-3.19499999999993,16.));
#3599=CARTESIAN_POINT('Origin',(58.2500000000001,-3.19499999999994,14.5));
#3600=UNCERTAINTY_MEASURE_WITH_UNIT(LENGTH_MEASURE(0.01),#3604,
'DISTANCE_ACCURACY_VALUE',
'Maximum model space distance between geometric entities at asserted c
onnectivities');
#3601=UNCERTAINTY_MEASURE_WITH_UNIT(LENGTH_MEASURE(0.01),#3604,
'DISTANCE_ACCURACY_VALUE',
'Maximum model space distance between geometric entities at asserted c
onnectivities');
#3602=(
GEOMETRIC_REPRESENTATION_CONTEXT(3)
GLOBAL_UNCERTAINTY_ASSIGNED_CONTEXT((#3600))
GLOBAL_UNIT_ASSIGNED_CONTEXT((#3604,#3606,#3607))
REPRESENTATION_CONTEXT('','3D')
);
#3603=(
GEOMETRIC_REPRESENTATION_CONTEXT(3)
GLOBAL_UNCERTAINTY_ASSIGNED_CONTEXT((#3601))
GLOBAL_UNIT_ASSIGNED_CONTEXT((#3604,#3606,#3607))
REPRESENTATION_CONTEXT('','3D')
);
#3604=(
LENGTH_UNIT()
NAMED_UNIT(*)
SI_UNIT(.MILLI.,.METRE.)
);
#3605=(
LENGTH_UNIT()
NAMED_UNIT(*)
SI_UNIT($,.METRE.)
);
#3606=(
NAMED_UNIT(*)
PLANE_ANGLE_UNIT()
SI_UNIT($,.RADIAN.)
);
#3607=(
NAMED_UNIT(*)
SI_UNIT($,.STERADIAN.)
SOLID_ANGLE_UNIT()
);
#3608=SHAPE_DEFINITION_REPRESENTATION(#3609,#3610);
#3609=PRODUCT_DEFINITION_SHAPE('',$,#3612);
#3610=SHAPE_REPRESENTATION('',(#1860),#3602);
#3611=PRODUCT_DEFINITION_CONTEXT('part definition',#3616,'design');
#3612=PRODUCT_DEFINITION('2026-09-13-03-24-15-494','Hackpad',#3613,#3611);
#3613=PRODUCT_DEFINITION_FORMATION('',$,#3618);
#3614=PRODUCT_RELATED_PRODUCT_CATEGORY('Hackpad','Hackpad',(#3618));
#3615=APPLICATION_PROTOCOL_DEFINITION('international standard',
'automotive_design',2009,#3616);
#3616=APPLICATION_CONTEXT(
'Core Data for Automotive Mechanical Design Process');
#3617=PRODUCT_CONTEXT('part definition',#3616,'mechanical');
#3618=PRODUCT('2026-09-13-03-24-15-494','Hackpad',$,(#3617));
#3619=PRESENTATION_STYLE_ASSIGNMENT((#3621));
#3620=PRESENTATION_STYLE_ASSIGNMENT((#3622));
#3621=SURFACE_STYLE_USAGE(.BOTH.,#3623);
#3622=SURFACE_STYLE_USAGE(.BOTH.,#3624);
#3623=SURFACE_SIDE_STYLE('',(#3625));
#3624=SURFACE_SIDE_STYLE('',(#3626));
#3625=SURFACE_STYLE_FILL_AREA(#3627);
#3626=SURFACE_STYLE_FILL_AREA(#3628);
#3627=FILL_AREA_STYLE('Steel - Satin',(#3629));
#3628=FILL_AREA_STYLE('Opaque(233,150,140)',(#3630));
#3629=FILL_AREA_STYLE_COLOUR('Steel - Satin',#3631);
#3630=FILL_AREA_STYLE_COLOUR('Opaque(233,150,140)',#3632);
#3631=COLOUR_RGB('Steel - Satin',0.627450980392157,0.627450980392157,0.627450980392157);
#3632=COLOUR_RGB('Opaque(233,150,140)',0.913725490196078,0.588235294117647,
0.549019607843137);
ENDSEC;
END-ISO-10303-21;
