ISO-10303-21;
HEADER;
/* Generated by software containing ST-Developer
 * from STEP Tools, Inc. (www.steptools.com) 
 */

FILE_DESCRIPTION(
/* description */ (''),
/* implementation_level */ '2;1');

FILE_NAME(
/* name */ 'Hackpad.step',
/* time_stamp */ '2026-09-13T11:28:33+08:00',
/* author */ (''),
/* organization */ (''),
/* preprocessor_version */ 'ST-DEVELOPER v20.2',
/* originating_system */ 'Autodesk Translation Framework v15.15.0.0',
/* authorisation */ '');

FILE_SCHEMA (('AUTOMOTIVE_DESIGN { 1 0 10303 214 3 1 1 }'));
ENDSEC;

DATA;
#10=MECHANICAL_DESIGN_GEOMETRIC_PRESENTATION_REPRESENTATION('',(#133,#134),
#4212);
#11=SHAPE_REPRESENTATION_RELATIONSHIP('SRR','None',#4219,#12);
#12=ADVANCED_BREP_SHAPE_REPRESENTATION('',(#135,#136),#4211);
#13=B_SPLINE_CURVE_WITH_KNOTS('',3,(#2861,#2862,#2863,#2864),
 .UNSPECIFIED.,.F.,.F.,(4,4),(0.,0.789663366431768),.UNSPECIFIED.);
#14=B_SPLINE_CURVE_WITH_KNOTS('',3,(#2866,#2867,#2868,#2869),
 .UNSPECIFIED.,.F.,.F.,(4,4),(0.,0.789651235448169),.UNSPECIFIED.);
#15=B_SPLINE_CURVE_WITH_KNOTS('',3,(#2894,#2895,#2896,#2897),
 .UNSPECIFIED.,.F.,.F.,(4,4),(0.,0.789651235448357),.UNSPECIFIED.);
#16=B_SPLINE_CURVE_WITH_KNOTS('',3,(#2899,#2900,#2901,#2902),
 .UNSPECIFIED.,.F.,.F.,(4,4),(0.,0.789663366432141),.UNSPECIFIED.);
#17=B_SPLINE_CURVE_WITH_KNOTS('',3,(#2927,#2928,#2929,#2930),
 .UNSPECIFIED.,.F.,.F.,(4,4),(0.,0.789663366432227),.UNSPECIFIED.);
#18=B_SPLINE_CURVE_WITH_KNOTS('',3,(#2932,#2933,#2934,#2935),
 .UNSPECIFIED.,.F.,.F.,(4,4),(0.,0.789651235448134),.UNSPECIFIED.);
#19=B_SPLINE_CURVE_WITH_KNOTS('',3,(#2959,#2960,#2961,#2962),
 .UNSPECIFIED.,.F.,.F.,(4,4),(0.,0.789651235447874),.UNSPECIFIED.);
#20=B_SPLINE_CURVE_WITH_KNOTS('',3,(#2963,#2964,#2965,#2966),
 .UNSPECIFIED.,.F.,.F.,(4,4),(0.,0.789663366432019),.UNSPECIFIED.);
#21=B_SPLINE_CURVE_WITH_KNOTS('',3,(#2985,#2986,#2987,#2988),
 .UNSPECIFIED.,.F.,.F.,(4,4),(0.,0.789651235448082),.UNSPECIFIED.);
#22=B_SPLINE_CURVE_WITH_KNOTS('',3,(#2992,#2993,#2994,#2995),
 .UNSPECIFIED.,.F.,.F.,(4,4),(0.,0.789663366431015),.UNSPECIFIED.);
#23=B_SPLINE_CURVE_WITH_KNOTS('',3,(#3020,#3021,#3022,#3023),
 .UNSPECIFIED.,.F.,.F.,(4,4),(0.,0.789663366431419),.UNSPECIFIED.);
#24=B_SPLINE_CURVE_WITH_KNOTS('',3,(#3025,#3026,#3027,#3028),
 .UNSPECIFIED.,.F.,.F.,(4,4),(0.,0.789651235448141),.UNSPECIFIED.);
#25=B_SPLINE_CURVE_WITH_KNOTS('',3,(#3053,#3054,#3055,#3056),
 .UNSPECIFIED.,.F.,.F.,(4,4),(0.,0.789651235448653),.UNSPECIFIED.);
#26=B_SPLINE_CURVE_WITH_KNOTS('',3,(#3058,#3059,#3060,#3061),
 .UNSPECIFIED.,.F.,.F.,(4,4),(0.,0.789663366431809),.UNSPECIFIED.);
#27=B_SPLINE_CURVE_WITH_KNOTS('',3,(#3086,#3087,#3088,#3089),
 .UNSPECIFIED.,.F.,.F.,(4,4),(0.,0.789663366432209),.UNSPECIFIED.);
#28=B_SPLINE_CURVE_WITH_KNOTS('',3,(#3091,#3092,#3093,#3094),
 .UNSPECIFIED.,.F.,.F.,(4,4),(0.,0.789651235448285),.UNSPECIFIED.);
#29=B_SPLINE_CURVE_WITH_KNOTS('',3,(#3117,#3118,#3119,#3120),
 .UNSPECIFIED.,.F.,.F.,(4,4),(0.,0.789651235448071),.UNSPECIFIED.);
#30=B_SPLINE_CURVE_WITH_KNOTS('',3,(#3124,#3125,#3126,#3127),
 .UNSPECIFIED.,.F.,.F.,(4,4),(0.,0.789663366431677),.UNSPECIFIED.);
#31=B_SPLINE_CURVE_WITH_KNOTS('',3,(#3152,#3153,#3154,#3155),
 .UNSPECIFIED.,.F.,.F.,(4,4),(0.,0.7896633664317),.UNSPECIFIED.);
#32=B_SPLINE_CURVE_WITH_KNOTS('',3,(#3157,#3158,#3159,#3160),
 .UNSPECIFIED.,.F.,.F.,(4,4),(0.,0.789651235448355),.UNSPECIFIED.);
#33=B_SPLINE_CURVE_WITH_KNOTS('',3,(#3185,#3186,#3187,#3188),
 .UNSPECIFIED.,.F.,.F.,(4,4),(0.,0.789651235448354),.UNSPECIFIED.);
#34=B_SPLINE_CURVE_WITH_KNOTS('',3,(#3190,#3191,#3192,#3193),
 .UNSPECIFIED.,.F.,.F.,(4,4),(0.,0.789663366431682),.UNSPECIFIED.);
#35=B_SPLINE_CURVE_WITH_KNOTS('',3,(#3218,#3219,#3220,#3221),
 .UNSPECIFIED.,.F.,.F.,(4,4),(0.,0.789663366431697),.UNSPECIFIED.);
#36=B_SPLINE_CURVE_WITH_KNOTS('',3,(#3223,#3224,#3225,#3226),
 .UNSPECIFIED.,.F.,.F.,(4,4),(0.,0.789651235448069),.UNSPECIFIED.);
#37=B_SPLINE_CURVE_WITH_KNOTS('',3,(#3249,#3250,#3251,#3252),
 .UNSPECIFIED.,.F.,.F.,(4,4),(0.,0.789651235448134),.UNSPECIFIED.);
#38=B_SPLINE_CURVE_WITH_KNOTS('',3,(#3256,#3257,#3258,#3259),
 .UNSPECIFIED.,.F.,.F.,(4,4),(0.,0.789663366432227),.UNSPECIFIED.);
#39=B_SPLINE_CURVE_WITH_KNOTS('',3,(#3284,#3285,#3286,#3287),
 .UNSPECIFIED.,.F.,.F.,(4,4),(0.,0.789663366432269),.UNSPECIFIED.);
#40=B_SPLINE_CURVE_WITH_KNOTS('',3,(#3289,#3290,#3291,#3292),
 .UNSPECIFIED.,.F.,.F.,(4,4),(0.,0.78965123544827),.UNSPECIFIED.);
#41=B_SPLINE_CURVE_WITH_KNOTS('',3,(#3317,#3318,#3319,#3320),
 .UNSPECIFIED.,.F.,.F.,(4,4),(0.,0.789651235448417),.UNSPECIFIED.);
#42=B_SPLINE_CURVE_WITH_KNOTS('',3,(#3322,#3323,#3324,#3325),
 .UNSPECIFIED.,.F.,.F.,(4,4),(0.,0.789663366431717),.UNSPECIFIED.);
#43=B_SPLINE_CURVE_WITH_KNOTS('',3,(#3350,#3351,#3352,#3353),
 .UNSPECIFIED.,.F.,.F.,(4,4),(0.,0.789663366432019),.UNSPECIFIED.);
#44=B_SPLINE_CURVE_WITH_KNOTS('',3,(#3355,#3356,#3357,#3358),
 .UNSPECIFIED.,.F.,.F.,(4,4),(0.,0.789651235447874),.UNSPECIFIED.);
#45=B_SPLINE_CURVE_WITH_KNOTS('',3,(#3381,#3382,#3383,#3384),
 .UNSPECIFIED.,.F.,.F.,(4,4),(0.,0.789651235448272),.UNSPECIFIED.);
#46=B_SPLINE_CURVE_WITH_KNOTS('',3,(#3388,#3389,#3390,#3391),
 .UNSPECIFIED.,.F.,.F.,(4,4),(0.,0.789663366431757),.UNSPECIFIED.);
#47=B_SPLINE_CURVE_WITH_KNOTS('',3,(#3416,#3417,#3418,#3419),
 .UNSPECIFIED.,.F.,.F.,(4,4),(0.,0.789663366431677),.UNSPECIFIED.);
#48=B_SPLINE_CURVE_WITH_KNOTS('',3,(#3421,#3422,#3423,#3424),
 .UNSPECIFIED.,.F.,.F.,(4,4),(0.,0.789651235448071),.UNSPECIFIED.);
#49=B_SPLINE_CURVE_WITH_KNOTS('',3,(#3449,#3450,#3451,#3452),
 .UNSPECIFIED.,.F.,.F.,(4,4),(0.,0.789651235448069),.UNSPECIFIED.);
#50=B_SPLINE_CURVE_WITH_KNOTS('',3,(#3454,#3455,#3456,#3457),
 .UNSPECIFIED.,.F.,.F.,(4,4),(0.,0.789663366431697),.UNSPECIFIED.);
#51=B_SPLINE_CURVE_WITH_KNOTS('',3,(#3482,#3483,#3484,#3485),
 .UNSPECIFIED.,.F.,.F.,(4,4),(0.,0.789663366431776),.UNSPECIFIED.);
#52=B_SPLINE_CURVE_WITH_KNOTS('',3,(#3487,#3488,#3489,#3490),
 .UNSPECIFIED.,.F.,.F.,(4,4),(0.,0.78965123544835),.UNSPECIFIED.);
#53=B_SPLINE_CURVE_WITH_KNOTS('',3,(#3521,#3522,#3523,#3524),
 .UNSPECIFIED.,.F.,.F.,(4,4),(0.,0.789663366431748),.UNSPECIFIED.);
#54=B_SPLINE_CURVE_WITH_KNOTS('',3,(#3526,#3527,#3528,#3529),
 .UNSPECIFIED.,.F.,.F.,(4,4),(0.,0.789651235448414),.UNSPECIFIED.);
#55=B_SPLINE_CURVE_WITH_KNOTS('',3,(#3554,#3555,#3556,#3557),
 .UNSPECIFIED.,.F.,.F.,(4,4),(0.,0.789651235447843),.UNSPECIFIED.);
#56=B_SPLINE_CURVE_WITH_KNOTS('',3,(#3559,#3560,#3561,#3562),
 .UNSPECIFIED.,.F.,.F.,(4,4),(0.,0.789663366432117),.UNSPECIFIED.);
#57=B_SPLINE_CURVE_WITH_KNOTS('',3,(#3587,#3588,#3589,#3590),
 .UNSPECIFIED.,.F.,.F.,(4,4),(0.,0.789663366432069),.UNSPECIFIED.);
#58=B_SPLINE_CURVE_WITH_KNOTS('',3,(#3592,#3593,#3594,#3595),
 .UNSPECIFIED.,.F.,.F.,(4,4),(0.,0.789651235448056),.UNSPECIFIED.);
#59=B_SPLINE_CURVE_WITH_KNOTS('',3,(#3619,#3620,#3621,#3622),
 .UNSPECIFIED.,.F.,.F.,(4,4),(0.,0.789651235448041),.UNSPECIFIED.);
#60=B_SPLINE_CURVE_WITH_KNOTS('',3,(#3623,#3624,#3625,#3626),
 .UNSPECIFIED.,.F.,.F.,(4,4),(0.,0.789663366431951),.UNSPECIFIED.);
#61=B_SPLINE_CURVE_WITH_KNOTS('',3,(#3653,#3654,#3655,#3656),
 .UNSPECIFIED.,.F.,.F.,(4,4),(0.,0.789663366431893),.UNSPECIFIED.);
#62=B_SPLINE_CURVE_WITH_KNOTS('',3,(#3658,#3659,#3660,#3661),
 .UNSPECIFIED.,.F.,.F.,(4,4),(0.,0.789651235448496),.UNSPECIFIED.);
#63=B_SPLINE_CURVE_WITH_KNOTS('',3,(#3686,#3687,#3688,#3689),
 .UNSPECIFIED.,.F.,.F.,(4,4),(0.,0.789651235448404),.UNSPECIFIED.);
#64=B_SPLINE_CURVE_WITH_KNOTS('',3,(#3691,#3692,#3693,#3694),
 .UNSPECIFIED.,.F.,.F.,(4,4),(0.,0.789663366431387),.UNSPECIFIED.);
#65=B_SPLINE_CURVE_WITH_KNOTS('',3,(#3719,#3720,#3721,#3722),
 .UNSPECIFIED.,.F.,.F.,(4,4),(0.,0.789663366431015),.UNSPECIFIED.);
#66=B_SPLINE_CURVE_WITH_KNOTS('',3,(#3724,#3725,#3726,#3727),
 .UNSPECIFIED.,.F.,.F.,(4,4),(0.,0.789651235448082),.UNSPECIFIED.);
#67=B_SPLINE_CURVE_WITH_KNOTS('',3,(#3751,#3752,#3753,#3754),
 .UNSPECIFIED.,.F.,.F.,(4,4),(0.,0.789651235448285),.UNSPECIFIED.);
#68=B_SPLINE_CURVE_WITH_KNOTS('',3,(#3755,#3756,#3757,#3758),
 .UNSPECIFIED.,.F.,.F.,(4,4),(0.,0.789663366432209),.UNSPECIFIED.);
#69=B_SPLINE_CURVE_WITH_KNOTS('',3,(#3785,#3786,#3787,#3788),
 .UNSPECIFIED.,.F.,.F.,(4,4),(0.,0.789663366431951),.UNSPECIFIED.);
#70=B_SPLINE_CURVE_WITH_KNOTS('',3,(#3790,#3791,#3792,#3793),
 .UNSPECIFIED.,.F.,.F.,(4,4),(0.,0.789651235448041),.UNSPECIFIED.);
#71=B_SPLINE_CURVE_WITH_KNOTS('',3,(#3818,#3819,#3820,#3821),
 .UNSPECIFIED.,.F.,.F.,(4,4),(0.,0.789651235448056),.UNSPECIFIED.);
#72=B_SPLINE_CURVE_WITH_KNOTS('',3,(#3823,#3824,#3825,#3826),
 .UNSPECIFIED.,.F.,.F.,(4,4),(0.,0.789663366432069),.UNSPECIFIED.);
#73=B_SPLINE_CURVE_WITH_KNOTS('',3,(#3851,#3852,#3853,#3854),
 .UNSPECIFIED.,.F.,.F.,(4,4),(0.,0.789663366432163),.UNSPECIFIED.);
#74=B_SPLINE_CURVE_WITH_KNOTS('',3,(#3856,#3857,#3858,#3859),
 .UNSPECIFIED.,.F.,.F.,(4,4),(0.,0.789651235448271),.UNSPECIFIED.);
#75=B_SPLINE_CURVE_WITH_KNOTS('',3,(#3883,#3884,#3885,#3886),
 .UNSPECIFIED.,.F.,.F.,(4,4),(0.,0.789651235448367),.UNSPECIFIED.);
#76=B_SPLINE_CURVE_WITH_KNOTS('',3,(#3887,#3888,#3889,#3890),
 .UNSPECIFIED.,.F.,.F.,(4,4),(0.,0.789663366431757),.UNSPECIFIED.);
#77=B_SPLINE_CURVE_WITH_KNOTS('',3,(#3917,#3918,#3919,#3920),
 .UNSPECIFIED.,.F.,.F.,(4,4),(0.,0.789663366432034),.UNSPECIFIED.);
#78=B_SPLINE_CURVE_WITH_KNOTS('',3,(#3922,#3923,#3924,#3925),
 .UNSPECIFIED.,.F.,.F.,(4,4),(0.,0.789651235448345),.UNSPECIFIED.);
#79=B_SPLINE_CURVE_WITH_KNOTS('',3,(#3950,#3951,#3952,#3953),
 .UNSPECIFIED.,.F.,.F.,(4,4),(0.,0.789651235448041),.UNSPECIFIED.);
#80=B_SPLINE_CURVE_WITH_KNOTS('',3,(#3955,#3956,#3957,#3958),
 .UNSPECIFIED.,.F.,.F.,(4,4),(0.,0.789663366431951),.UNSPECIFIED.);
#81=B_SPLINE_CURVE_WITH_KNOTS('',3,(#3983,#3984,#3985,#3986),
 .UNSPECIFIED.,.F.,.F.,(4,4),(0.,0.789663366431757),.UNSPECIFIED.);
#82=B_SPLINE_CURVE_WITH_KNOTS('',3,(#3988,#3989,#3990,#3991),
 .UNSPECIFIED.,.F.,.F.,(4,4),(0.,0.789651235448367),.UNSPECIFIED.);
#83=B_SPLINE_CURVE_WITH_KNOTS('',3,(#4015,#4016,#4017,#4018),
 .UNSPECIFIED.,.F.,.F.,(4,4),(0.,0.789651235448531),.UNSPECIFIED.);
#84=B_SPLINE_CURVE_WITH_KNOTS('',3,(#4019,#4020,#4021,#4022),
 .UNSPECIFIED.,.F.,.F.,(4,4),(0.,0.789663366431295),.UNSPECIFIED.);
#85=B_SPLINE_CURVE_WITH_KNOTS('',3,(#4049,#4050,#4051,#4052),
 .UNSPECIFIED.,.F.,.F.,(4,4),(0.,0.789663366431579),.UNSPECIFIED.);
#86=B_SPLINE_CURVE_WITH_KNOTS('',3,(#4054,#4055,#4056,#4057),
 .UNSPECIFIED.,.F.,.F.,(4,4),(0.,0.789651235448406),.UNSPECIFIED.);
#87=B_SPLINE_CURVE_WITH_KNOTS('',3,(#4082,#4083,#4084,#4085),
 .UNSPECIFIED.,.F.,.F.,(4,4),(0.,0.78965123544837),.UNSPECIFIED.);
#88=B_SPLINE_CURVE_WITH_KNOTS('',3,(#4087,#4088,#4089,#4090),
 .UNSPECIFIED.,.F.,.F.,(4,4),(0.,0.789663366431799),.UNSPECIFIED.);
#89=B_SPLINE_CURVE_WITH_KNOTS('',3,(#4115,#4116,#4117,#4118),
 .UNSPECIFIED.,.F.,.F.,(4,4),(0.,0.789663366431951),.UNSPECIFIED.);
#90=B_SPLINE_CURVE_WITH_KNOTS('',3,(#4120,#4121,#4122,#4123),
 .UNSPECIFIED.,.F.,.F.,(4,4),(0.,0.789651235448041),.UNSPECIFIED.);
#91=B_SPLINE_CURVE_WITH_KNOTS('',3,(#4147,#4148,#4149,#4150),
 .UNSPECIFIED.,.F.,.F.,(4,4),(0.,0.789651235448345),.UNSPECIFIED.);
#92=B_SPLINE_CURVE_WITH_KNOTS('',3,(#4151,#4152,#4153,#4154),
 .UNSPECIFIED.,.F.,.F.,(4,4),(0.,0.789663366432034),.UNSPECIFIED.);
#93=B_SPLINE_SURFACE_WITH_KNOTS('',3,3,((#2844,#2845,#2846,#2847),(#2848,
#2849,#2850,#2851),(#2852,#2853,#2854,#2855),(#2856,#2857,#2858,#2859)),
 .UNSPECIFIED.,.F.,.F.,.F.,(4,4),(4,4),(-1.,0.),(0.0561886136553314,9.9438113863448),
 .UNSPECIFIED.);
#94=B_SPLINE_SURFACE_WITH_KNOTS('',3,3,((#2877,#2878,#2879,#2880),(#2881,
#2882,#2883,#2884),(#2885,#2886,#2887,#2888),(#2889,#2890,#2891,#2892)),
 .UNSPECIFIED.,.F.,.F.,.F.,(4,4),(4,4),(-1.,0.),(0.0561886136553308,9.9438113863448),
 .UNSPECIFIED.);
#95=B_SPLINE_SURFACE_WITH_KNOTS('',3,3,((#2910,#2911,#2912,#2913),(#2914,
#2915,#2916,#2917),(#2918,#2919,#2920,#2921),(#2922,#2923,#2924,#2925)),
 .UNSPECIFIED.,.F.,.F.,.F.,(4,4),(4,4),(-1.,0.),(0.0561886136553255,9.9438113863448),
 .UNSPECIFIED.);
#96=B_SPLINE_SURFACE_WITH_KNOTS('',3,3,((#2943,#2944,#2945,#2946),(#2947,
#2948,#2949,#2950),(#2951,#2952,#2953,#2954),(#2955,#2956,#2957,#2958)),
 .UNSPECIFIED.,.F.,.F.,.F.,(4,4),(4,4),(-1.,0.),(0.0561886136553255,9.9438113863448),
 .UNSPECIFIED.);
#97=B_SPLINE_SURFACE_WITH_KNOTS('',3,3,((#2967,#2968,#2969,#2970),(#2971,
#2972,#2973,#2974),(#2975,#2976,#2977,#2978),(#2979,#2980,#2981,#2982)),
 .UNSPECIFIED.,.F.,.F.,.F.,(4,4),(4,4),(-1.,0.),(0.0561886136553324,9.94381138634481),
 .UNSPECIFIED.);
#98=B_SPLINE_SURFACE_WITH_KNOTS('',3,3,((#3003,#3004,#3005,#3006),(#3007,
#3008,#3009,#3010),(#3011,#3012,#3013,#3014),(#3015,#3016,#3017,#3018)),
 .UNSPECIFIED.,.F.,.F.,.F.,(4,4),(4,4),(-1.,0.),(0.0561886136553288,9.94381138634481),
 .UNSPECIFIED.);
#99=B_SPLINE_SURFACE_WITH_KNOTS('',3,3,((#3036,#3037,#3038,#3039),(#3040,
#3041,#3042,#3043),(#3044,#3045,#3046,#3047),(#3048,#3049,#3050,#3051)),
 .UNSPECIFIED.,.F.,.F.,.F.,(4,4),(4,4),(-1.,0.),(0.0561886136553288,9.94381138634481),
 .UNSPECIFIED.);
#100=B_SPLINE_SURFACE_WITH_KNOTS('',3,3,((#3069,#3070,#3071,#3072),(#3073,
#3074,#3075,#3076),(#3077,#3078,#3079,#3080),(#3081,#3082,#3083,#3084)),
 .UNSPECIFIED.,.F.,.F.,.F.,(4,4),(4,4),(-1.,0.),(0.0561886136553324,9.94381138634481),
 .UNSPECIFIED.);
#101=B_SPLINE_SURFACE_WITH_KNOTS('',3,3,((#3099,#3100,#3101,#3102),(#3103,
#3104,#3105,#3106),(#3107,#3108,#3109,#3110),(#3111,#3112,#3113,#3114)),
 .UNSPECIFIED.,.F.,.F.,.F.,(4,4),(4,4),(-1.,0.),(0.0561886136553324,9.94381138634481),
 .UNSPECIFIED.);
#102=B_SPLINE_SURFACE_WITH_KNOTS('',3,3,((#3135,#3136,#3137,#3138),(#3139,
#3140,#3141,#3142),(#3143,#3144,#3145,#3146),(#3147,#3148,#3149,#3150)),
 .UNSPECIFIED.,.F.,.F.,.F.,(4,4),(4,4),(-1.,0.),(0.0561886136553288,9.94381138634481),
 .UNSPECIFIED.);
#103=B_SPLINE_SURFACE_WITH_KNOTS('',3,3,((#3168,#3169,#3170,#3171),(#3172,
#3173,#3174,#3175),(#3176,#3177,#3178,#3179),(#3180,#3181,#3182,#3183)),
 .UNSPECIFIED.,.F.,.F.,.F.,(4,4),(4,4),(-1.,0.),(0.0561886136553288,9.94381138634481),
 .UNSPECIFIED.);
#104=B_SPLINE_SURFACE_WITH_KNOTS('',3,3,((#3201,#3202,#3203,#3204),(#3205,
#3206,#3207,#3208),(#3209,#3210,#3211,#3212),(#3213,#3214,#3215,#3216)),
 .UNSPECIFIED.,.F.,.F.,.F.,(4,4),(4,4),(-1.,0.),(0.0561886136553324,9.94381138634481),
 .UNSPECIFIED.);
#105=B_SPLINE_SURFACE_WITH_KNOTS('',3,3,((#3231,#3232,#3233,#3234),(#3235,
#3236,#3237,#3238),(#3239,#3240,#3241,#3242),(#3243,#3244,#3245,#3246)),
 .UNSPECIFIED.,.F.,.F.,.F.,(4,4),(4,4),(-1.,0.),(0.0561886136553324,9.94381138634481),
 .UNSPECIFIED.);
#106=B_SPLINE_SURFACE_WITH_KNOTS('',3,3,((#3267,#3268,#3269,#3270),(#3271,
#3272,#3273,#3274),(#3275,#3276,#3277,#3278),(#3279,#3280,#3281,#3282)),
 .UNSPECIFIED.,.F.,.F.,.F.,(4,4),(4,4),(-1.,0.),(0.0561886136553288,9.94381138634481),
 .UNSPECIFIED.);
#107=B_SPLINE_SURFACE_WITH_KNOTS('',3,3,((#3300,#3301,#3302,#3303),(#3304,
#3305,#3306,#3307),(#3308,#3309,#3310,#3311),(#3312,#3313,#3314,#3315)),
 .UNSPECIFIED.,.F.,.F.,.F.,(4,4),(4,4),(-1.,0.),(0.0561886136553288,9.94381138634481),
 .UNSPECIFIED.);
#108=B_SPLINE_SURFACE_WITH_KNOTS('',3,3,((#3333,#3334,#3335,#3336),(#3337,
#3338,#3339,#3340),(#3341,#3342,#3343,#3344),(#3345,#3346,#3347,#3348)),
 .UNSPECIFIED.,.F.,.F.,.F.,(4,4),(4,4),(-1.,0.),(0.0561886136553324,9.94381138634481),
 .UNSPECIFIED.);
#109=B_SPLINE_SURFACE_WITH_KNOTS('',3,3,((#3363,#3364,#3365,#3366),(#3367,
#3368,#3369,#3370),(#3371,#3372,#3373,#3374),(#3375,#3376,#3377,#3378)),
 .UNSPECIFIED.,.F.,.F.,.F.,(4,4),(4,4),(-1.,0.),(0.0561886136553308,9.9438113863448),
 .UNSPECIFIED.);
#110=B_SPLINE_SURFACE_WITH_KNOTS('',3,3,((#3399,#3400,#3401,#3402),(#3403,
#3404,#3405,#3406),(#3407,#3408,#3409,#3410),(#3411,#3412,#3413,#3414)),
 .UNSPECIFIED.,.F.,.F.,.F.,(4,4),(4,4),(-1.,0.),(0.0561886136553255,9.9438113863448),
 .UNSPECIFIED.);
#111=B_SPLINE_SURFACE_WITH_KNOTS('',3,3,((#3432,#3433,#3434,#3435),(#3436,
#3437,#3438,#3439),(#3440,#3441,#3442,#3443),(#3444,#3445,#3446,#3447)),
 .UNSPECIFIED.,.F.,.F.,.F.,(4,4),(4,4),(-1.,0.),(0.0561886136553255,9.9438113863448),
 .UNSPECIFIED.);
#112=B_SPLINE_SURFACE_WITH_KNOTS('',3,3,((#3465,#3466,#3467,#3468),(#3469,
#3470,#3471,#3472),(#3473,#3474,#3475,#3476),(#3477,#3478,#3479,#3480)),
 .UNSPECIFIED.,.F.,.F.,.F.,(4,4),(4,4),(-1.,0.),(0.0561886136553314,9.9438113863448),
 .UNSPECIFIED.);
#113=B_SPLINE_SURFACE_WITH_KNOTS('',3,3,((#3504,#3505,#3506,#3507),(#3508,
#3509,#3510,#3511),(#3512,#3513,#3514,#3515),(#3516,#3517,#3518,#3519)),
 .UNSPECIFIED.,.F.,.F.,.F.,(4,4),(4,4),(-1.,0.),(0.0561886136553314,9.9438113863448),
 .UNSPECIFIED.);
#114=B_SPLINE_SURFACE_WITH_KNOTS('',3,3,((#3537,#3538,#3539,#3540),(#3541,
#3542,#3543,#3544),(#3545,#3546,#3547,#3548),(#3549,#3550,#3551,#3552)),
 .UNSPECIFIED.,.F.,.F.,.F.,(4,4),(4,4),(-1.,0.),(0.0561886136553308,9.9438113863448),
 .UNSPECIFIED.);
#115=B_SPLINE_SURFACE_WITH_KNOTS('',3,3,((#3570,#3571,#3572,#3573),(#3574,
#3575,#3576,#3577),(#3578,#3579,#3580,#3581),(#3582,#3583,#3584,#3585)),
 .UNSPECIFIED.,.F.,.F.,.F.,(4,4),(4,4),(-1.,0.),(0.0561886136553255,9.9438113863448),
 .UNSPECIFIED.);
#116=B_SPLINE_SURFACE_WITH_KNOTS('',3,3,((#3603,#3604,#3605,#3606),(#3607,
#3608,#3609,#3610),(#3611,#3612,#3613,#3614),(#3615,#3616,#3617,#3618)),
 .UNSPECIFIED.,.F.,.F.,.F.,(4,4),(4,4),(-1.,0.),(0.0561886136553255,9.9438113863448),
 .UNSPECIFIED.);
#117=B_SPLINE_SURFACE_WITH_KNOTS('',3,3,((#3636,#3637,#3638,#3639),(#3640,
#3641,#3642,#3643),(#3644,#3645,#3646,#3647),(#3648,#3649,#3650,#3651)),
 .UNSPECIFIED.,.F.,.F.,.F.,(4,4),(4,4),(-1.,0.),(0.0561886136553314,9.9438113863448),
 .UNSPECIFIED.);
#118=B_SPLINE_SURFACE_WITH_KNOTS('',3,3,((#3669,#3670,#3671,#3672),(#3673,
#3674,#3675,#3676),(#3677,#3678,#3679,#3680),(#3681,#3682,#3683,#3684)),
 .UNSPECIFIED.,.F.,.F.,.F.,(4,4),(4,4),(-1.,0.),(0.0561886136553308,9.9438113863448),
 .UNSPECIFIED.);
#119=B_SPLINE_SURFACE_WITH_KNOTS('',3,3,((#3702,#3703,#3704,#3705),(#3706,
#3707,#3708,#3709),(#3710,#3711,#3712,#3713),(#3714,#3715,#3716,#3717)),
 .UNSPECIFIED.,.F.,.F.,.F.,(4,4),(4,4),(-1.,0.),(0.0561886136553255,9.9438113863448),
 .UNSPECIFIED.);
#120=B_SPLINE_SURFACE_WITH_KNOTS('',3,3,((#3735,#3736,#3737,#3738),(#3739,
#3740,#3741,#3742),(#3743,#3744,#3745,#3746),(#3747,#3748,#3749,#3750)),
 .UNSPECIFIED.,.F.,.F.,.F.,(4,4),(4,4),(-1.,0.),(0.0561886136553255,9.9438113863448),
 .UNSPECIFIED.);
#121=B_SPLINE_SURFACE_WITH_KNOTS('',3,3,((#3768,#3769,#3770,#3771),(#3772,
#3773,#3774,#3775),(#3776,#3777,#3778,#3779),(#3780,#3781,#3782,#3783)),
 .UNSPECIFIED.,.F.,.F.,.F.,(4,4),(4,4),(-1.,0.),(0.0561886136553324,9.94381138634481),
 .UNSPECIFIED.);
#122=B_SPLINE_SURFACE_WITH_KNOTS('',3,3,((#3801,#3802,#3803,#3804),(#3805,
#3806,#3807,#3808),(#3809,#3810,#3811,#3812),(#3813,#3814,#3815,#3816)),
 .UNSPECIFIED.,.F.,.F.,.F.,(4,4),(4,4),(-1.,0.),(0.0561886136553324,9.94381138634481),
 .UNSPECIFIED.);
#123=B_SPLINE_SURFACE_WITH_KNOTS('',3,3,((#3834,#3835,#3836,#3837),(#3838,
#3839,#3840,#3841),(#3842,#3843,#3844,#3845),(#3846,#3847,#3848,#3849)),
 .UNSPECIFIED.,.F.,.F.,.F.,(4,4),(4,4),(-1.,0.),(0.0561886136553288,9.94381138634481),
 .UNSPECIFIED.);
#124=B_SPLINE_SURFACE_WITH_KNOTS('',3,3,((#3867,#3868,#3869,#3870),(#3871,
#3872,#3873,#3874),(#3875,#3876,#3877,#3878),(#3879,#3880,#3881,#3882)),
 .UNSPECIFIED.,.F.,.F.,.F.,(4,4),(4,4),(-1.,0.),(0.0561886136553288,9.94381138634481),
 .UNSPECIFIED.);
#125=B_SPLINE_SURFACE_WITH_KNOTS('',3,3,((#3900,#3901,#3902,#3903),(#3904,
#3905,#3906,#3907),(#3908,#3909,#3910,#3911),(#3912,#3913,#3914,#3915)),
 .UNSPECIFIED.,.F.,.F.,.F.,(4,4),(4,4),(-1.,0.),(0.0561886136553324,9.94381138634481),
 .UNSPECIFIED.);
#126=B_SPLINE_SURFACE_WITH_KNOTS('',3,3,((#3933,#3934,#3935,#3936),(#3937,
#3938,#3939,#3940),(#3941,#3942,#3943,#3944),(#3945,#3946,#3947,#3948)),
 .UNSPECIFIED.,.F.,.F.,.F.,(4,4),(4,4),(-1.,0.),(0.0561886136553324,9.94381138634481),
 .UNSPECIFIED.);
#127=B_SPLINE_SURFACE_WITH_KNOTS('',3,3,((#3966,#3967,#3968,#3969),(#3970,
#3971,#3972,#3973),(#3974,#3975,#3976,#3977),(#3978,#3979,#3980,#3981)),
 .UNSPECIFIED.,.F.,.F.,.F.,(4,4),(4,4),(-1.,0.),(0.0561886136553288,9.94381138634481),
 .UNSPECIFIED.);
#128=B_SPLINE_SURFACE_WITH_KNOTS('',3,3,((#3999,#4000,#4001,#4002),(#4003,
#4004,#4005,#4006),(#4007,#4008,#4009,#4010),(#4011,#4012,#4013,#4014)),
 .UNSPECIFIED.,.F.,.F.,.F.,(4,4),(4,4),(-1.,0.),(0.0561886136553288,9.94381138634481),
 .UNSPECIFIED.);
#129=B_SPLINE_SURFACE_WITH_KNOTS('',3,3,((#4032,#4033,#4034,#4035),(#4036,
#4037,#4038,#4039),(#4040,#4041,#4042,#4043),(#4044,#4045,#4046,#4047)),
 .UNSPECIFIED.,.F.,.F.,.F.,(4,4),(4,4),(-1.,0.),(0.0561886136553314,9.9438113863448),
 .UNSPECIFIED.);
#130=B_SPLINE_SURFACE_WITH_KNOTS('',3,3,((#4065,#4066,#4067,#4068),(#4069,
#4070,#4071,#4072),(#4073,#4074,#4075,#4076),(#4077,#4078,#4079,#4080)),
 .UNSPECIFIED.,.F.,.F.,.F.,(4,4),(4,4),(-1.,0.),(0.0561886136553308,9.9438113863448),
 .UNSPECIFIED.);
#131=B_SPLINE_SURFACE_WITH_KNOTS('',3,3,((#4098,#4099,#4100,#4101),(#4102,
#4103,#4104,#4105),(#4106,#4107,#4108,#4109),(#4110,#4111,#4112,#4113)),
 .UNSPECIFIED.,.F.,.F.,.F.,(4,4),(4,4),(-1.,0.),(0.0561886136553255,9.9438113863448),
 .UNSPECIFIED.);
#132=B_SPLINE_SURFACE_WITH_KNOTS('',3,3,((#4131,#4132,#4133,#4134),(#4135,
#4136,#4137,#4138),(#4139,#4140,#4141,#4142),(#4143,#4144,#4145,#4146)),
 .UNSPECIFIED.,.F.,.F.,.F.,(4,4),(4,4),(-1.,0.),(0.0561886136553255,9.9438113863448),
 .UNSPECIFIED.);
#133=STYLED_ITEM('',(#4229),#135);
#134=STYLED_ITEM('',(#4230),#136);
#135=MANIFOLD_SOLID_BREP('Body1',#2219);
#136=MANIFOLD_SOLID_BREP('Body2',#2220);
#137=CIRCLE('',#2244,1.4585);
#138=CIRCLE('',#2245,1.4585);
#139=CIRCLE('',#2248,1.4585);
#140=CIRCLE('',#2249,1.4585);
#141=CIRCLE('',#2252,1.4585);
#142=CIRCLE('',#2253,1.4585);
#143=CIRCLE('',#2256,1.4585);
#144=CIRCLE('',#2257,1.4585);
#145=CIRCLE('',#2306,1.4585);
#146=CIRCLE('',#2307,1.4585);
#147=CIRCLE('',#2310,1.4585);
#148=CIRCLE('',#2311,1.4585);
#149=CIRCLE('',#2314,1.4585);
#150=CIRCLE('',#2315,1.4585);
#151=CIRCLE('',#2318,1.4585);
#152=CIRCLE('',#2319,1.4585);
#153=CYLINDRICAL_SURFACE('',#2243,1.4585);
#154=CYLINDRICAL_SURFACE('',#2247,1.4585);
#155=CYLINDRICAL_SURFACE('',#2251,1.4585);
#156=CYLINDRICAL_SURFACE('',#2255,1.4585);
#157=CYLINDRICAL_SURFACE('',#2305,1.4585);
#158=CYLINDRICAL_SURFACE('',#2309,1.4585);
#159=CYLINDRICAL_SURFACE('',#2313,1.4585);
#160=CYLINDRICAL_SURFACE('',#2317,1.4585);
#161=FACE_BOUND('',#314,.T.);
#162=FACE_BOUND('',#328,.T.);
#163=FACE_BOUND('',#333,.T.);
#164=FACE_BOUND('',#334,.T.);
#165=FACE_BOUND('',#335,.T.);
#166=FACE_BOUND('',#336,.T.);
#167=FACE_BOUND('',#337,.T.);
#168=FACE_BOUND('',#430,.T.);
#169=FACE_BOUND('',#431,.T.);
#170=FACE_BOUND('',#432,.T.);
#171=FACE_BOUND('',#433,.T.);
#172=FACE_BOUND('',#434,.T.);
#173=FACE_BOUND('',#435,.T.);
#174=FACE_BOUND('',#436,.T.);
#175=FACE_BOUND('',#437,.T.);
#176=FACE_BOUND('',#438,.T.);
#177=FACE_BOUND('',#439,.T.);
#178=FACE_BOUND('',#442,.T.);
#179=FACE_BOUND('',#443,.T.);
#180=FACE_BOUND('',#444,.T.);
#181=FACE_BOUND('',#445,.T.);
#182=FACE_BOUND('',#446,.T.);
#183=FACE_BOUND('',#447,.T.);
#184=FACE_BOUND('',#448,.T.);
#185=FACE_BOUND('',#449,.T.);
#186=FACE_BOUND('',#450,.T.);
#187=FACE_BOUND('',#451,.T.);
#188=FACE_BOUND('',#452,.T.);
#189=FACE_BOUND('',#453,.T.);
#190=FACE_BOUND('',#454,.T.);
#191=FACE_BOUND('',#455,.T.);
#192=FACE_OUTER_BOUND('',#309,.T.);
#193=FACE_OUTER_BOUND('',#310,.T.);
#194=FACE_OUTER_BOUND('',#311,.T.);
#195=FACE_OUTER_BOUND('',#312,.T.);
#196=FACE_OUTER_BOUND('',#313,.T.);
#197=FACE_OUTER_BOUND('',#315,.T.);
#198=FACE_OUTER_BOUND('',#316,.T.);
#199=FACE_OUTER_BOUND('',#317,.T.);
#200=FACE_OUTER_BOUND('',#318,.T.);
#201=FACE_OUTER_BOUND('',#319,.T.);
#202=FACE_OUTER_BOUND('',#320,.T.);
#203=FACE_OUTER_BOUND('',#321,.T.);
#204=FACE_OUTER_BOUND('',#322,.T.);
#205=FACE_OUTER_BOUND('',#323,.T.);
#206=FACE_OUTER_BOUND('',#324,.T.);
#207=FACE_OUTER_BOUND('',#325,.T.);
#208=FACE_OUTER_BOUND('',#326,.T.);
#209=FACE_OUTER_BOUND('',#327,.T.);
#210=FACE_OUTER_BOUND('',#329,.T.);
#211=FACE_OUTER_BOUND('',#330,.T.);
#212=FACE_OUTER_BOUND('',#331,.T.);
#213=FACE_OUTER_BOUND('',#332,.T.);
#214=FACE_OUTER_BOUND('',#338,.T.);
#215=FACE_OUTER_BOUND('',#339,.T.);
#216=FACE_OUTER_BOUND('',#340,.T.);
#217=FACE_OUTER_BOUND('',#341,.T.);
#218=FACE_OUTER_BOUND('',#342,.T.);
#219=FACE_OUTER_BOUND('',#343,.T.);
#220=FACE_OUTER_BOUND('',#344,.T.);
#221=FACE_OUTER_BOUND('',#345,.T.);
#222=FACE_OUTER_BOUND('',#346,.T.);
#223=FACE_OUTER_BOUND('',#347,.T.);
#224=FACE_OUTER_BOUND('',#348,.T.);
#225=FACE_OUTER_BOUND('',#349,.T.);
#226=FACE_OUTER_BOUND('',#350,.T.);
#227=FACE_OUTER_BOUND('',#351,.T.);
#228=FACE_OUTER_BOUND('',#352,.T.);
#229=FACE_OUTER_BOUND('',#353,.T.);
#230=FACE_OUTER_BOUND('',#354,.T.);
#231=FACE_OUTER_BOUND('',#355,.T.);
#232=FACE_OUTER_BOUND('',#356,.T.);
#233=FACE_OUTER_BOUND('',#357,.T.);
#234=FACE_OUTER_BOUND('',#358,.T.);
#235=FACE_OUTER_BOUND('',#359,.T.);
#236=FACE_OUTER_BOUND('',#360,.T.);
#237=FACE_OUTER_BOUND('',#361,.T.);
#238=FACE_OUTER_BOUND('',#362,.T.);
#239=FACE_OUTER_BOUND('',#363,.T.);
#240=FACE_OUTER_BOUND('',#364,.T.);
#241=FACE_OUTER_BOUND('',#365,.T.);
#242=FACE_OUTER_BOUND('',#366,.T.);
#243=FACE_OUTER_BOUND('',#367,.T.);
#244=FACE_OUTER_BOUND('',#368,.T.);
#245=FACE_OUTER_BOUND('',#369,.T.);
#246=FACE_OUTER_BOUND('',#370,.T.);
#247=FACE_OUTER_BOUND('',#371,.T.);
#248=FACE_OUTER_BOUND('',#372,.T.);
#249=FACE_OUTER_BOUND('',#373,.T.);
#250=FACE_OUTER_BOUND('',#374,.T.);
#251=FACE_OUTER_BOUND('',#375,.T.);
#252=FACE_OUTER_BOUND('',#376,.T.);
#253=FACE_OUTER_BOUND('',#377,.T.);
#254=FACE_OUTER_BOUND('',#378,.T.);
#255=FACE_OUTER_BOUND('',#379,.T.);
#256=FACE_OUTER_BOUND('',#380,.T.);
#257=FACE_OUTER_BOUND('',#381,.T.);
#258=FACE_OUTER_BOUND('',#382,.T.);
#259=FACE_OUTER_BOUND('',#383,.T.);
#260=FACE_OUTER_BOUND('',#384,.T.);
#261=FACE_OUTER_BOUND('',#385,.T.);
#262=FACE_OUTER_BOUND('',#386,.T.);
#263=FACE_OUTER_BOUND('',#387,.T.);
#264=FACE_OUTER_BOUND('',#388,.T.);
#265=FACE_OUTER_BOUND('',#389,.T.);
#266=FACE_OUTER_BOUND('',#390,.T.);
#267=FACE_OUTER_BOUND('',#391,.T.);
#268=FACE_OUTER_BOUND('',#392,.T.);
#269=FACE_OUTER_BOUND('',#393,.T.);
#270=FACE_OUTER_BOUND('',#394,.T.);
#271=FACE_OUTER_BOUND('',#395,.T.);
#272=FACE_OUTER_BOUND('',#396,.T.);
#273=FACE_OUTER_BOUND('',#397,.T.);
#274=FACE_OUTER_BOUND('',#398,.T.);
#275=FACE_OUTER_BOUND('',#399,.T.);
#276=FACE_OUTER_BOUND('',#400,.T.);
#277=FACE_OUTER_BOUND('',#401,.T.);
#278=FACE_OUTER_BOUND('',#402,.T.);
#279=FACE_OUTER_BOUND('',#403,.T.);
#280=FACE_OUTER_BOUND('',#404,.T.);
#281=FACE_OUTER_BOUND('',#405,.T.);
#282=FACE_OUTER_BOUND('',#406,.T.);
#283=FACE_OUTER_BOUND('',#407,.T.);
#284=FACE_OUTER_BOUND('',#408,.T.);
#285=FACE_OUTER_BOUND('',#409,.T.);
#286=FACE_OUTER_BOUND('',#410,.T.);
#287=FACE_OUTER_BOUND('',#411,.T.);
#288=FACE_OUTER_BOUND('',#412,.T.);
#289=FACE_OUTER_BOUND('',#413,.T.);
#290=FACE_OUTER_BOUND('',#414,.T.);
#291=FACE_OUTER_BOUND('',#415,.T.);
#292=FACE_OUTER_BOUND('',#416,.T.);
#293=FACE_OUTER_BOUND('',#417,.T.);
#294=FACE_OUTER_BOUND('',#418,.T.);
#295=FACE_OUTER_BOUND('',#419,.T.);
#296=FACE_OUTER_BOUND('',#420,.T.);
#297=FACE_OUTER_BOUND('',#421,.T.);
#298=FACE_OUTER_BOUND('',#422,.T.);
#299=FACE_OUTER_BOUND('',#423,.T.);
#300=FACE_OUTER_BOUND('',#424,.T.);
#301=FACE_OUTER_BOUND('',#425,.T.);
#302=FACE_OUTER_BOUND('',#426,.T.);
#303=FACE_OUTER_BOUND('',#427,.T.);
#304=FACE_OUTER_BOUND('',#428,.T.);
#305=FACE_OUTER_BOUND('',#429,.T.);
#306=FACE_OUTER_BOUND('',#440,.T.);
#307=FACE_OUTER_BOUND('',#441,.T.);
#308=FACE_OUTER_BOUND('',#456,.T.);
#309=EDGE_LOOP('',(#1409,#1410,#1411,#1412));
#310=EDGE_LOOP('',(#1413,#1414,#1415,#1416));
#311=EDGE_LOOP('',(#1417,#1418,#1419,#1420));
#312=EDGE_LOOP('',(#1421,#1422,#1423,#1424));
#313=EDGE_LOOP('',(#1425,#1426,#1427,#1428));
#314=EDGE_LOOP('',(#1429,#1430,#1431,#1432));
#315=EDGE_LOOP('',(#1433,#1434,#1435,#1436));
#316=EDGE_LOOP('',(#1437,#1438,#1439,#1440));
#317=EDGE_LOOP('',(#1441,#1442,#1443,#1444));
#318=EDGE_LOOP('',(#1445,#1446,#1447,#1448));
#319=EDGE_LOOP('',(#1449,#1450,#1451,#1452));
#320=EDGE_LOOP('',(#1453));
#321=EDGE_LOOP('',(#1454,#1455,#1456,#1457));
#322=EDGE_LOOP('',(#1458));
#323=EDGE_LOOP('',(#1459,#1460,#1461,#1462));
#324=EDGE_LOOP('',(#1463));
#325=EDGE_LOOP('',(#1464,#1465,#1466,#1467));
#326=EDGE_LOOP('',(#1468));
#327=EDGE_LOOP('',(#1469,#1470,#1471,#1472));
#328=EDGE_LOOP('',(#1473,#1474,#1475,#1476));
#329=EDGE_LOOP('',(#1477,#1478,#1479,#1480));
#330=EDGE_LOOP('',(#1481,#1482,#1483,#1484));
#331=EDGE_LOOP('',(#1485,#1486,#1487,#1488));
#332=EDGE_LOOP('',(#1489,#1490,#1491,#1492));
#333=EDGE_LOOP('',(#1493,#1494,#1495,#1496));
#334=EDGE_LOOP('',(#1497));
#335=EDGE_LOOP('',(#1498));
#336=EDGE_LOOP('',(#1499));
#337=EDGE_LOOP('',(#1500));
#338=EDGE_LOOP('',(#1501,#1502,#1503,#1504));
#339=EDGE_LOOP('',(#1505,#1506,#1507,#1508));
#340=EDGE_LOOP('',(#1509,#1510,#1511,#1512));
#341=EDGE_LOOP('',(#1513,#1514,#1515,#1516));
#342=EDGE_LOOP('',(#1517,#1518,#1519,#1520));
#343=EDGE_LOOP('',(#1521,#1522,#1523,#1524));
#344=EDGE_LOOP('',(#1525,#1526,#1527,#1528));
#345=EDGE_LOOP('',(#1529,#1530,#1531,#1532));
#346=EDGE_LOOP('',(#1533,#1534,#1535,#1536));
#347=EDGE_LOOP('',(#1537,#1538,#1539,#1540));
#348=EDGE_LOOP('',(#1541,#1542,#1543,#1544));
#349=EDGE_LOOP('',(#1545,#1546,#1547,#1548));
#350=EDGE_LOOP('',(#1549,#1550,#1551,#1552));
#351=EDGE_LOOP('',(#1553,#1554,#1555,#1556));
#352=EDGE_LOOP('',(#1557,#1558,#1559,#1560));
#353=EDGE_LOOP('',(#1561,#1562,#1563,#1564));
#354=EDGE_LOOP('',(#1565,#1566,#1567,#1568));
#355=EDGE_LOOP('',(#1569,#1570,#1571,#1572));
#356=EDGE_LOOP('',(#1573,#1574,#1575,#1576));
#357=EDGE_LOOP('',(#1577,#1578,#1579,#1580));
#358=EDGE_LOOP('',(#1581,#1582,#1583,#1584));
#359=EDGE_LOOP('',(#1585,#1586,#1587,#1588));
#360=EDGE_LOOP('',(#1589,#1590,#1591,#1592));
#361=EDGE_LOOP('',(#1593,#1594,#1595,#1596));
#362=EDGE_LOOP('',(#1597,#1598,#1599,#1600));
#363=EDGE_LOOP('',(#1601,#1602,#1603,#1604));
#364=EDGE_LOOP('',(#1605,#1606,#1607,#1608));
#365=EDGE_LOOP('',(#1609,#1610,#1611,#1612));
#366=EDGE_LOOP('',(#1613,#1614,#1615,#1616));
#367=EDGE_LOOP('',(#1617,#1618,#1619,#1620));
#368=EDGE_LOOP('',(#1621,#1622,#1623,#1624));
#369=EDGE_LOOP('',(#1625,#1626,#1627,#1628));
#370=EDGE_LOOP('',(#1629,#1630,#1631,#1632));
#371=EDGE_LOOP('',(#1633,#1634,#1635,#1636));
#372=EDGE_LOOP('',(#1637,#1638,#1639,#1640));
#373=EDGE_LOOP('',(#1641,#1642,#1643,#1644));
#374=EDGE_LOOP('',(#1645,#1646,#1647,#1648));
#375=EDGE_LOOP('',(#1649,#1650,#1651,#1652));
#376=EDGE_LOOP('',(#1653,#1654,#1655,#1656));
#377=EDGE_LOOP('',(#1657,#1658,#1659,#1660));
#378=EDGE_LOOP('',(#1661,#1662,#1663,#1664));
#379=EDGE_LOOP('',(#1665,#1666,#1667,#1668));
#380=EDGE_LOOP('',(#1669,#1670,#1671,#1672));
#381=EDGE_LOOP('',(#1673,#1674,#1675,#1676));
#382=EDGE_LOOP('',(#1677,#1678,#1679,#1680));
#383=EDGE_LOOP('',(#1681,#1682,#1683,#1684));
#384=EDGE_LOOP('',(#1685,#1686,#1687,#1688));
#385=EDGE_LOOP('',(#1689,#1690,#1691,#1692));
#386=EDGE_LOOP('',(#1693,#1694,#1695,#1696));
#387=EDGE_LOOP('',(#1697,#1698,#1699,#1700));
#388=EDGE_LOOP('',(#1701,#1702,#1703,#1704));
#389=EDGE_LOOP('',(#1705,#1706,#1707,#1708));
#390=EDGE_LOOP('',(#1709,#1710,#1711,#1712));
#391=EDGE_LOOP('',(#1713,#1714,#1715,#1716));
#392=EDGE_LOOP('',(#1717,#1718,#1719,#1720));
#393=EDGE_LOOP('',(#1721,#1722,#1723,#1724));
#394=EDGE_LOOP('',(#1725,#1726,#1727,#1728));
#395=EDGE_LOOP('',(#1729,#1730,#1731,#1732));
#396=EDGE_LOOP('',(#1733,#1734,#1735,#1736));
#397=EDGE_LOOP('',(#1737,#1738,#1739,#1740));
#398=EDGE_LOOP('',(#1741,#1742,#1743,#1744));
#399=EDGE_LOOP('',(#1745,#1746,#1747,#1748));
#400=EDGE_LOOP('',(#1749,#1750,#1751,#1752));
#401=EDGE_LOOP('',(#1753,#1754,#1755,#1756));
#402=EDGE_LOOP('',(#1757,#1758,#1759,#1760));
#403=EDGE_LOOP('',(#1761,#1762,#1763,#1764));
#404=EDGE_LOOP('',(#1765,#1766,#1767,#1768));
#405=EDGE_LOOP('',(#1769,#1770,#1771,#1772));
#406=EDGE_LOOP('',(#1773,#1774,#1775,#1776));
#407=EDGE_LOOP('',(#1777,#1778,#1779,#1780));
#408=EDGE_LOOP('',(#1781,#1782,#1783,#1784));
#409=EDGE_LOOP('',(#1785,#1786,#1787,#1788));
#410=EDGE_LOOP('',(#1789,#1790,#1791,#1792));
#411=EDGE_LOOP('',(#1793,#1794,#1795,#1796));
#412=EDGE_LOOP('',(#1797,#1798,#1799,#1800));
#413=EDGE_LOOP('',(#1801,#1802,#1803,#1804));
#414=EDGE_LOOP('',(#1805,#1806,#1807,#1808));
#415=EDGE_LOOP('',(#1809,#1810,#1811,#1812));
#416=EDGE_LOOP('',(#1813,#1814,#1815,#1816));
#417=EDGE_LOOP('',(#1817,#1818,#1819,#1820));
#418=EDGE_LOOP('',(#1821,#1822,#1823,#1824));
#419=EDGE_LOOP('',(#1825,#1826,#1827,#1828));
#420=EDGE_LOOP('',(#1829));
#421=EDGE_LOOP('',(#1830,#1831,#1832,#1833));
#422=EDGE_LOOP('',(#1834));
#423=EDGE_LOOP('',(#1835,#1836,#1837,#1838));
#424=EDGE_LOOP('',(#1839));
#425=EDGE_LOOP('',(#1840,#1841,#1842,#1843));
#426=EDGE_LOOP('',(#1844));
#427=EDGE_LOOP('',(#1845,#1846,#1847,#1848));
#428=EDGE_LOOP('',(#1849,#1850,#1851,#1852));
#429=EDGE_LOOP('',(#1853,#1854,#1855,#1856));
#430=EDGE_LOOP('',(#1857,#1858,#1859,#1860,#1861,#1862,#1863,#1864));
#431=EDGE_LOOP('',(#1865,#1866,#1867,#1868,#1869,#1870,#1871,#1872));
#432=EDGE_LOOP('',(#1873,#1874,#1875,#1876,#1877,#1878,#1879,#1880));
#433=EDGE_LOOP('',(#1881,#1882,#1883,#1884,#1885,#1886,#1887,#1888));
#434=EDGE_LOOP('',(#1889,#1890,#1891,#1892,#1893,#1894,#1895,#1896));
#435=EDGE_LOOP('',(#1897,#1898,#1899,#1900,#1901,#1902,#1903,#1904));
#436=EDGE_LOOP('',(#1905,#1906,#1907,#1908,#1909,#1910,#1911,#1912));
#437=EDGE_LOOP('',(#1913,#1914,#1915,#1916,#1917,#1918,#1919,#1920));
#438=EDGE_LOOP('',(#1921,#1922,#1923,#1924,#1925,#1926,#1927,#1928));
#439=EDGE_LOOP('',(#1929,#1930,#1931,#1932,#1933,#1934,#1935,#1936));
#440=EDGE_LOOP('',(#1937,#1938,#1939,#1940));
#441=EDGE_LOOP('',(#1941,#1942,#1943,#1944));
#442=EDGE_LOOP('',(#1945,#1946,#1947,#1948,#1949,#1950,#1951,#1952));
#443=EDGE_LOOP('',(#1953,#1954,#1955,#1956,#1957,#1958,#1959,#1960));
#444=EDGE_LOOP('',(#1961,#1962,#1963,#1964,#1965,#1966,#1967,#1968));
#445=EDGE_LOOP('',(#1969,#1970,#1971,#1972,#1973,#1974,#1975,#1976));
#446=EDGE_LOOP('',(#1977,#1978,#1979,#1980,#1981,#1982,#1983,#1984));
#447=EDGE_LOOP('',(#1985,#1986,#1987,#1988,#1989,#1990,#1991,#1992));
#448=EDGE_LOOP('',(#1993,#1994,#1995,#1996,#1997,#1998,#1999,#2000));
#449=EDGE_LOOP('',(#2001,#2002,#2003,#2004,#2005,#2006,#2007,#2008));
#450=EDGE_LOOP('',(#2009,#2010,#2011,#2012,#2013,#2014,#2015,#2016));
#451=EDGE_LOOP('',(#2017,#2018,#2019,#2020,#2021,#2022,#2023,#2024));
#452=EDGE_LOOP('',(#2025));
#453=EDGE_LOOP('',(#2026));
#454=EDGE_LOOP('',(#2027));
#455=EDGE_LOOP('',(#2028));
#456=EDGE_LOOP('',(#2029,#2030,#2031,#2032));
#457=LINE('',#2735,#673);
#458=LINE('',#2737,#674);
#459=LINE('',#2739,#675);
#460=LINE('',#2740,#676);
#461=LINE('',#2743,#677);
#462=LINE('',#2745,#678);
#463=LINE('',#2746,#679);
#464=LINE('',#2749,#680);
#465=LINE('',#2751,#681);
#466=LINE('',#2752,#682);
#467=LINE('',#2754,#683);
#468=LINE('',#2755,#684);
#469=LINE('',#2759,#685);
#470=LINE('',#2761,#686);
#471=LINE('',#2763,#687);
#472=LINE('',#2764,#688);
#473=LINE('',#2767,#689);
#474=LINE('',#2769,#690);
#475=LINE('',#2770,#691);
#476=LINE('',#2773,#692);
#477=LINE('',#2775,#693);
#478=LINE('',#2776,#694);
#479=LINE('',#2778,#695);
#480=LINE('',#2780,#696);
#481=LINE('',#2785,#697);
#482=LINE('',#2792,#698);
#483=LINE('',#2799,#699);
#484=LINE('',#2806,#700);
#485=LINE('',#2812,#701);
#486=LINE('',#2814,#702);
#487=LINE('',#2816,#703);
#488=LINE('',#2817,#704);
#489=LINE('',#2821,#705);
#490=LINE('',#2823,#706);
#491=LINE('',#2825,#707);
#492=LINE('',#2826,#708);
#493=LINE('',#2828,#709);
#494=LINE('',#2829,#710);
#495=LINE('',#2831,#711);
#496=LINE('',#2833,#712);
#497=LINE('',#2838,#713);
#498=LINE('',#2840,#714);
#499=LINE('',#2842,#715);
#500=LINE('',#2843,#716);
#501=LINE('',#2870,#717);
#502=LINE('',#2873,#718);
#503=LINE('',#2875,#719);
#504=LINE('',#2876,#720);
#505=LINE('',#2903,#721);
#506=LINE('',#2906,#722);
#507=LINE('',#2908,#723);
#508=LINE('',#2909,#724);
#509=LINE('',#2936,#725);
#510=LINE('',#2939,#726);
#511=LINE('',#2941,#727);
#512=LINE('',#2942,#728);
#513=LINE('',#2990,#729);
#514=LINE('',#2996,#730);
#515=LINE('',#2999,#731);
#516=LINE('',#3001,#732);
#517=LINE('',#3002,#733);
#518=LINE('',#3029,#734);
#519=LINE('',#3032,#735);
#520=LINE('',#3034,#736);
#521=LINE('',#3035,#737);
#522=LINE('',#3062,#738);
#523=LINE('',#3065,#739);
#524=LINE('',#3067,#740);
#525=LINE('',#3068,#741);
#526=LINE('',#3095,#742);
#527=LINE('',#3097,#743);
#528=LINE('',#3098,#744);
#529=LINE('',#3122,#745);
#530=LINE('',#3128,#746);
#531=LINE('',#3131,#747);
#532=LINE('',#3133,#748);
#533=LINE('',#3134,#749);
#534=LINE('',#3161,#750);
#535=LINE('',#3164,#751);
#536=LINE('',#3166,#752);
#537=LINE('',#3167,#753);
#538=LINE('',#3194,#754);
#539=LINE('',#3197,#755);
#540=LINE('',#3199,#756);
#541=LINE('',#3200,#757);
#542=LINE('',#3227,#758);
#543=LINE('',#3229,#759);
#544=LINE('',#3230,#760);
#545=LINE('',#3254,#761);
#546=LINE('',#3260,#762);
#547=LINE('',#3263,#763);
#548=LINE('',#3265,#764);
#549=LINE('',#3266,#765);
#550=LINE('',#3293,#766);
#551=LINE('',#3296,#767);
#552=LINE('',#3298,#768);
#553=LINE('',#3299,#769);
#554=LINE('',#3326,#770);
#555=LINE('',#3329,#771);
#556=LINE('',#3331,#772);
#557=LINE('',#3332,#773);
#558=LINE('',#3359,#774);
#559=LINE('',#3361,#775);
#560=LINE('',#3362,#776);
#561=LINE('',#3386,#777);
#562=LINE('',#3392,#778);
#563=LINE('',#3395,#779);
#564=LINE('',#3397,#780);
#565=LINE('',#3398,#781);
#566=LINE('',#3425,#782);
#567=LINE('',#3428,#783);
#568=LINE('',#3430,#784);
#569=LINE('',#3431,#785);
#570=LINE('',#3458,#786);
#571=LINE('',#3461,#787);
#572=LINE('',#3463,#788);
#573=LINE('',#3464,#789);
#574=LINE('',#3491,#790);
#575=LINE('',#3493,#791);
#576=LINE('',#3494,#792);
#577=LINE('',#3498,#793);
#578=LINE('',#3500,#794);
#579=LINE('',#3502,#795);
#580=LINE('',#3503,#796);
#581=LINE('',#3530,#797);
#582=LINE('',#3533,#798);
#583=LINE('',#3535,#799);
#584=LINE('',#3536,#800);
#585=LINE('',#3563,#801);
#586=LINE('',#3566,#802);
#587=LINE('',#3568,#803);
#588=LINE('',#3569,#804);
#589=LINE('',#3596,#805);
#590=LINE('',#3599,#806);
#591=LINE('',#3601,#807);
#592=LINE('',#3602,#808);
#593=LINE('',#3630,#809);
#594=LINE('',#3632,#810);
#595=LINE('',#3634,#811);
#596=LINE('',#3635,#812);
#597=LINE('',#3662,#813);
#598=LINE('',#3665,#814);
#599=LINE('',#3667,#815);
#600=LINE('',#3668,#816);
#601=LINE('',#3695,#817);
#602=LINE('',#3698,#818);
#603=LINE('',#3700,#819);
#604=LINE('',#3701,#820);
#605=LINE('',#3728,#821);
#606=LINE('',#3731,#822);
#607=LINE('',#3733,#823);
#608=LINE('',#3734,#824);
#609=LINE('',#3762,#825);
#610=LINE('',#3764,#826);
#611=LINE('',#3766,#827);
#612=LINE('',#3767,#828);
#613=LINE('',#3794,#829);
#614=LINE('',#3797,#830);
#615=LINE('',#3799,#831);
#616=LINE('',#3800,#832);
#617=LINE('',#3827,#833);
#618=LINE('',#3830,#834);
#619=LINE('',#3832,#835);
#620=LINE('',#3833,#836);
#621=LINE('',#3860,#837);
#622=LINE('',#3863,#838);
#623=LINE('',#3865,#839);
#624=LINE('',#3866,#840);
#625=LINE('',#3894,#841);
#626=LINE('',#3896,#842);
#627=LINE('',#3898,#843);
#628=LINE('',#3899,#844);
#629=LINE('',#3926,#845);
#630=LINE('',#3929,#846);
#631=LINE('',#3931,#847);
#632=LINE('',#3932,#848);
#633=LINE('',#3959,#849);
#634=LINE('',#3962,#850);
#635=LINE('',#3964,#851);
#636=LINE('',#3965,#852);
#637=LINE('',#3992,#853);
#638=LINE('',#3995,#854);
#639=LINE('',#3997,#855);
#640=LINE('',#3998,#856);
#641=LINE('',#4026,#857);
#642=LINE('',#4028,#858);
#643=LINE('',#4030,#859);
#644=LINE('',#4031,#860);
#645=LINE('',#4058,#861);
#646=LINE('',#4061,#862);
#647=LINE('',#4063,#863);
#648=LINE('',#4064,#864);
#649=LINE('',#4091,#865);
#650=LINE('',#4094,#866);
#651=LINE('',#4096,#867);
#652=LINE('',#4097,#868);
#653=LINE('',#4124,#869);
#654=LINE('',#4127,#870);
#655=LINE('',#4129,#871);
#656=LINE('',#4130,#872);
#657=LINE('',#4159,#873);
#658=LINE('',#4166,#874);
#659=LINE('',#4173,#875);
#660=LINE('',#4180,#876);
#661=LINE('',#4186,#877);
#662=LINE('',#4188,#878);
#663=LINE('',#4190,#879);
#664=LINE('',#4191,#880);
#665=LINE('',#4195,#881);
#666=LINE('',#4197,#882);
#667=LINE('',#4199,#883);
#668=LINE('',#4200,#884);
#669=LINE('',#4202,#885);
#670=LINE('',#4203,#886);
#671=LINE('',#4205,#887);
#672=LINE('',#4207,#888);
#673=VECTOR('',#2331,1.);
#674=VECTOR('',#2332,1.85085);
#675=VECTOR('',#2333,1.);
#676=VECTOR('',#2334,1.85085);
#677=VECTOR('',#2337,1.);
#678=VECTOR('',#2338,1.);
#679=VECTOR('',#2339,1.85085);
#680=VECTOR('',#2342,1.);
#681=VECTOR('',#2343,1.);
#682=VECTOR('',#2344,1.85085);
#683=VECTOR('',#2347,1.);
#684=VECTOR('',#2348,1.);
#685=VECTOR('',#2351,1.);
#686=VECTOR('',#2352,0.50085);
#687=VECTOR('',#2353,4.96335);
#688=VECTOR('',#2354,0.50085);
#689=VECTOR('',#2357,1.);
#690=VECTOR('',#2358,3.02035);
#691=VECTOR('',#2359,0.50085);
#692=VECTOR('',#2362,1.);
#693=VECTOR('',#2363,4.96335);
#694=VECTOR('',#2364,0.50085);
#695=VECTOR('',#2367,3.02035);
#696=VECTOR('',#2370,1.);
#697=VECTOR('',#2375,1.4585);
#698=VECTOR('',#2384,1.4585);
#699=VECTOR('',#2393,1.4585);
#700=VECTOR('',#2402,1.4585);
#701=VECTOR('',#2409,0.65);
#702=VECTOR('',#2410,5.96249999999998);
#703=VECTOR('',#2411,0.65);
#704=VECTOR('',#2412,5.96249999999998);
#705=VECTOR('',#2415,0.65);
#706=VECTOR('',#2416,5.96249999999998);
#707=VECTOR('',#2417,0.65);
#708=VECTOR('',#2418,5.96249999999998);
#709=VECTOR('',#2421,4.01949999999999);
#710=VECTOR('',#2422,4.01949999999999);
#711=VECTOR('',#2425,4.01949999999999);
#712=VECTOR('',#2428,4.01949999999999);
#713=VECTOR('',#2433,1.);
#714=VECTOR('',#2434,0.303409633333333);
#715=VECTOR('',#2435,1.);
#716=VECTOR('',#2436,0.303409633333333);
#717=VECTOR('',#2437,0.303409633333333);
#718=VECTOR('',#2440,1.);
#719=VECTOR('',#2441,1.);
#720=VECTOR('',#2442,0.303409633333333);
#721=VECTOR('',#2443,0.303409633333333);
#722=VECTOR('',#2446,1.);
#723=VECTOR('',#2447,1.);
#724=VECTOR('',#2448,0.303409633333333);
#725=VECTOR('',#2449,0.303409633333333);
#726=VECTOR('',#2452,1.);
#727=VECTOR('',#2453,1.);
#728=VECTOR('',#2454,0.303409633333333);
#729=VECTOR('',#2455,0.303409633333333);
#730=VECTOR('',#2456,0.303409633333333);
#731=VECTOR('',#2459,1.);
#732=VECTOR('',#2460,1.);
#733=VECTOR('',#2461,0.303409633333333);
#734=VECTOR('',#2462,0.303409633333333);
#735=VECTOR('',#2465,1.);
#736=VECTOR('',#2466,1.);
#737=VECTOR('',#2467,0.303409633333333);
#738=VECTOR('',#2468,0.303409633333333);
#739=VECTOR('',#2471,1.);
#740=VECTOR('',#2472,1.);
#741=VECTOR('',#2473,0.303409633333333);
#742=VECTOR('',#2474,0.303409633333333);
#743=VECTOR('',#2477,1.);
#744=VECTOR('',#2478,1.);
#745=VECTOR('',#2479,0.303409633333333);
#746=VECTOR('',#2480,0.303409633333333);
#747=VECTOR('',#2483,1.);
#748=VECTOR('',#2484,1.);
#749=VECTOR('',#2485,0.303409633333333);
#750=VECTOR('',#2486,0.303409633333333);
#751=VECTOR('',#2489,1.);
#752=VECTOR('',#2490,1.);
#753=VECTOR('',#2491,0.303409633333333);
#754=VECTOR('',#2492,0.303409633333333);
#755=VECTOR('',#2495,1.);
#756=VECTOR('',#2496,1.);
#757=VECTOR('',#2497,0.303409633333333);
#758=VECTOR('',#2498,0.303409633333333);
#759=VECTOR('',#2501,1.);
#760=VECTOR('',#2502,1.);
#761=VECTOR('',#2503,0.303409633333333);
#762=VECTOR('',#2504,0.303409633333333);
#763=VECTOR('',#2507,1.);
#764=VECTOR('',#2508,1.);
#765=VECTOR('',#2509,0.303409633333333);
#766=VECTOR('',#2510,0.303409633333333);
#767=VECTOR('',#2513,1.);
#768=VECTOR('',#2514,1.);
#769=VECTOR('',#2515,0.303409633333333);
#770=VECTOR('',#2516,0.303409633333333);
#771=VECTOR('',#2519,1.);
#772=VECTOR('',#2520,1.);
#773=VECTOR('',#2521,0.303409633333333);
#774=VECTOR('',#2522,0.303409633333333);
#775=VECTOR('',#2525,1.);
#776=VECTOR('',#2526,1.);
#777=VECTOR('',#2527,0.303409633333333);
#778=VECTOR('',#2528,0.303409633333333);
#779=VECTOR('',#2531,1.);
#780=VECTOR('',#2532,1.);
#781=VECTOR('',#2533,0.303409633333333);
#782=VECTOR('',#2534,0.303409633333333);
#783=VECTOR('',#2537,1.);
#784=VECTOR('',#2538,1.);
#785=VECTOR('',#2539,0.303409633333333);
#786=VECTOR('',#2540,0.303409633333333);
#787=VECTOR('',#2543,1.);
#788=VECTOR('',#2544,1.);
#789=VECTOR('',#2545,0.303409633333333);
#790=VECTOR('',#2546,0.303409633333333);
#791=VECTOR('',#2549,1.);
#792=VECTOR('',#2550,1.);
#793=VECTOR('',#2553,1.);
#794=VECTOR('',#2554,0.303409633333333);
#795=VECTOR('',#2555,1.);
#796=VECTOR('',#2556,0.303409633333333);
#797=VECTOR('',#2557,0.303409633333333);
#798=VECTOR('',#2560,1.);
#799=VECTOR('',#2561,1.);
#800=VECTOR('',#2562,0.303409633333333);
#801=VECTOR('',#2563,0.303409633333333);
#802=VECTOR('',#2566,1.);
#803=VECTOR('',#2567,1.);
#804=VECTOR('',#2568,0.303409633333333);
#805=VECTOR('',#2569,0.303409633333333);
#806=VECTOR('',#2572,1.);
#807=VECTOR('',#2573,1.);
#808=VECTOR('',#2574,0.303409633333333);
#809=VECTOR('',#2577,1.);
#810=VECTOR('',#2578,0.303409633333333);
#811=VECTOR('',#2579,1.);
#812=VECTOR('',#2580,0.303409633333333);
#813=VECTOR('',#2581,0.303409633333333);
#814=VECTOR('',#2584,1.);
#815=VECTOR('',#2585,1.);
#816=VECTOR('',#2586,0.303409633333333);
#817=VECTOR('',#2587,0.303409633333333);
#818=VECTOR('',#2590,1.);
#819=VECTOR('',#2591,1.);
#820=VECTOR('',#2592,0.303409633333333);
#821=VECTOR('',#2593,0.303409633333333);
#822=VECTOR('',#2596,1.);
#823=VECTOR('',#2597,1.);
#824=VECTOR('',#2598,0.303409633333333);
#825=VECTOR('',#2601,1.);
#826=VECTOR('',#2602,0.303409633333333);
#827=VECTOR('',#2603,1.);
#828=VECTOR('',#2604,0.303409633333333);
#829=VECTOR('',#2605,0.303409633333333);
#830=VECTOR('',#2608,1.);
#831=VECTOR('',#2609,1.);
#832=VECTOR('',#2610,0.303409633333333);
#833=VECTOR('',#2611,0.303409633333333);
#834=VECTOR('',#2614,1.);
#835=VECTOR('',#2615,1.);
#836=VECTOR('',#2616,0.303409633333333);
#837=VECTOR('',#2617,0.303409633333333);
#838=VECTOR('',#2620,1.);
#839=VECTOR('',#2621,1.);
#840=VECTOR('',#2622,0.303409633333333);
#841=VECTOR('',#2625,1.);
#842=VECTOR('',#2626,0.303409633333333);
#843=VECTOR('',#2627,1.);
#844=VECTOR('',#2628,0.303409633333333);
#845=VECTOR('',#2629,0.303409633333333);
#846=VECTOR('',#2632,1.);
#847=VECTOR('',#2633,1.);
#848=VECTOR('',#2634,0.303409633333333);
#849=VECTOR('',#2635,0.303409633333333);
#850=VECTOR('',#2638,1.);
#851=VECTOR('',#2639,1.);
#852=VECTOR('',#2640,0.303409633333333);
#853=VECTOR('',#2641,0.303409633333333);
#854=VECTOR('',#2644,1.);
#855=VECTOR('',#2645,1.);
#856=VECTOR('',#2646,0.303409633333333);
#857=VECTOR('',#2649,1.);
#858=VECTOR('',#2650,0.303409633333333);
#859=VECTOR('',#2651,1.);
#860=VECTOR('',#2652,0.303409633333333);
#861=VECTOR('',#2653,0.303409633333333);
#862=VECTOR('',#2656,1.);
#863=VECTOR('',#2657,1.);
#864=VECTOR('',#2658,0.303409633333333);
#865=VECTOR('',#2659,0.303409633333333);
#866=VECTOR('',#2662,1.);
#867=VECTOR('',#2663,1.);
#868=VECTOR('',#2664,0.303409633333333);
#869=VECTOR('',#2665,0.303409633333333);
#870=VECTOR('',#2668,1.);
#871=VECTOR('',#2669,1.);
#872=VECTOR('',#2670,0.303409633333333);
#873=VECTOR('',#2675,1.4585);
#874=VECTOR('',#2684,1.4585);
#875=VECTOR('',#2693,1.4585);
#876=VECTOR('',#2702,1.4585);
#877=VECTOR('',#2709,0.150000000000001);
#878=VECTOR('',#2710,5.96249999999998);
#879=VECTOR('',#2711,0.150000000000001);
#880=VECTOR('',#2712,5.96249999999998);
#881=VECTOR('',#2715,0.150000000000001);
#882=VECTOR('',#2716,5.96249999999998);
#883=VECTOR('',#2717,0.150000000000001);
#884=VECTOR('',#2718,5.96249999999998);
#885=VECTOR('',#2721,4.01949999999999);
#886=VECTOR('',#2722,4.01949999999999);
#887=VECTOR('',#2725,4.01949999999999);
#888=VECTOR('',#2728,4.01949999999999);
#889=VERTEX_POINT('',#2733);
#890=VERTEX_POINT('',#2734);
#891=VERTEX_POINT('',#2736);
#892=VERTEX_POINT('',#2738);
#893=VERTEX_POINT('',#2742);
#894=VERTEX_POINT('',#2744);
#895=VERTEX_POINT('',#2748);
#896=VERTEX_POINT('',#2750);
#897=VERTEX_POINT('',#2757);
#898=VERTEX_POINT('',#2758);
#899=VERTEX_POINT('',#2760);
#900=VERTEX_POINT('',#2762);
#901=VERTEX_POINT('',#2766);
#902=VERTEX_POINT('',#2768);
#903=VERTEX_POINT('',#2772);
#904=VERTEX_POINT('',#2774);
#905=VERTEX_POINT('',#2782);
#906=VERTEX_POINT('',#2784);
#907=VERTEX_POINT('',#2789);
#908=VERTEX_POINT('',#2791);
#909=VERTEX_POINT('',#2796);
#910=VERTEX_POINT('',#2798);
#911=VERTEX_POINT('',#2803);
#912=VERTEX_POINT('',#2805);
#913=VERTEX_POINT('',#2810);
#914=VERTEX_POINT('',#2811);
#915=VERTEX_POINT('',#2813);
#916=VERTEX_POINT('',#2815);
#917=VERTEX_POINT('',#2819);
#918=VERTEX_POINT('',#2820);
#919=VERTEX_POINT('',#2822);
#920=VERTEX_POINT('',#2824);
#921=VERTEX_POINT('',#2836);
#922=VERTEX_POINT('',#2837);
#923=VERTEX_POINT('',#2839);
#924=VERTEX_POINT('',#2841);
#925=VERTEX_POINT('',#2860);
#926=VERTEX_POINT('',#2865);
#927=VERTEX_POINT('',#2872);
#928=VERTEX_POINT('',#2874);
#929=VERTEX_POINT('',#2893);
#930=VERTEX_POINT('',#2898);
#931=VERTEX_POINT('',#2905);
#932=VERTEX_POINT('',#2907);
#933=VERTEX_POINT('',#2926);
#934=VERTEX_POINT('',#2931);
#935=VERTEX_POINT('',#2938);
#936=VERTEX_POINT('',#2940);
#937=VERTEX_POINT('',#2983);
#938=VERTEX_POINT('',#2984);
#939=VERTEX_POINT('',#2989);
#940=VERTEX_POINT('',#2991);
#941=VERTEX_POINT('',#2998);
#942=VERTEX_POINT('',#3000);
#943=VERTEX_POINT('',#3019);
#944=VERTEX_POINT('',#3024);
#945=VERTEX_POINT('',#3031);
#946=VERTEX_POINT('',#3033);
#947=VERTEX_POINT('',#3052);
#948=VERTEX_POINT('',#3057);
#949=VERTEX_POINT('',#3064);
#950=VERTEX_POINT('',#3066);
#951=VERTEX_POINT('',#3085);
#952=VERTEX_POINT('',#3090);
#953=VERTEX_POINT('',#3115);
#954=VERTEX_POINT('',#3116);
#955=VERTEX_POINT('',#3121);
#956=VERTEX_POINT('',#3123);
#957=VERTEX_POINT('',#3130);
#958=VERTEX_POINT('',#3132);
#959=VERTEX_POINT('',#3151);
#960=VERTEX_POINT('',#3156);
#961=VERTEX_POINT('',#3163);
#962=VERTEX_POINT('',#3165);
#963=VERTEX_POINT('',#3184);
#964=VERTEX_POINT('',#3189);
#965=VERTEX_POINT('',#3196);
#966=VERTEX_POINT('',#3198);
#967=VERTEX_POINT('',#3217);
#968=VERTEX_POINT('',#3222);
#969=VERTEX_POINT('',#3247);
#970=VERTEX_POINT('',#3248);
#971=VERTEX_POINT('',#3253);
#972=VERTEX_POINT('',#3255);
#973=VERTEX_POINT('',#3262);
#974=VERTEX_POINT('',#3264);
#975=VERTEX_POINT('',#3283);
#976=VERTEX_POINT('',#3288);
#977=VERTEX_POINT('',#3295);
#978=VERTEX_POINT('',#3297);
#979=VERTEX_POINT('',#3316);
#980=VERTEX_POINT('',#3321);
#981=VERTEX_POINT('',#3328);
#982=VERTEX_POINT('',#3330);
#983=VERTEX_POINT('',#3349);
#984=VERTEX_POINT('',#3354);
#985=VERTEX_POINT('',#3379);
#986=VERTEX_POINT('',#3380);
#987=VERTEX_POINT('',#3385);
#988=VERTEX_POINT('',#3387);
#989=VERTEX_POINT('',#3394);
#990=VERTEX_POINT('',#3396);
#991=VERTEX_POINT('',#3415);
#992=VERTEX_POINT('',#3420);
#993=VERTEX_POINT('',#3427);
#994=VERTEX_POINT('',#3429);
#995=VERTEX_POINT('',#3448);
#996=VERTEX_POINT('',#3453);
#997=VERTEX_POINT('',#3460);
#998=VERTEX_POINT('',#3462);
#999=VERTEX_POINT('',#3481);
#1000=VERTEX_POINT('',#3486);
#1001=VERTEX_POINT('',#3496);
#1002=VERTEX_POINT('',#3497);
#1003=VERTEX_POINT('',#3499);
#1004=VERTEX_POINT('',#3501);
#1005=VERTEX_POINT('',#3520);
#1006=VERTEX_POINT('',#3525);
#1007=VERTEX_POINT('',#3532);
#1008=VERTEX_POINT('',#3534);
#1009=VERTEX_POINT('',#3553);
#1010=VERTEX_POINT('',#3558);
#1011=VERTEX_POINT('',#3565);
#1012=VERTEX_POINT('',#3567);
#1013=VERTEX_POINT('',#3586);
#1014=VERTEX_POINT('',#3591);
#1015=VERTEX_POINT('',#3598);
#1016=VERTEX_POINT('',#3600);
#1017=VERTEX_POINT('',#3628);
#1018=VERTEX_POINT('',#3629);
#1019=VERTEX_POINT('',#3631);
#1020=VERTEX_POINT('',#3633);
#1021=VERTEX_POINT('',#3652);
#1022=VERTEX_POINT('',#3657);
#1023=VERTEX_POINT('',#3664);
#1024=VERTEX_POINT('',#3666);
#1025=VERTEX_POINT('',#3685);
#1026=VERTEX_POINT('',#3690);
#1027=VERTEX_POINT('',#3697);
#1028=VERTEX_POINT('',#3699);
#1029=VERTEX_POINT('',#3718);
#1030=VERTEX_POINT('',#3723);
#1031=VERTEX_POINT('',#3730);
#1032=VERTEX_POINT('',#3732);
#1033=VERTEX_POINT('',#3760);
#1034=VERTEX_POINT('',#3761);
#1035=VERTEX_POINT('',#3763);
#1036=VERTEX_POINT('',#3765);
#1037=VERTEX_POINT('',#3784);
#1038=VERTEX_POINT('',#3789);
#1039=VERTEX_POINT('',#3796);
#1040=VERTEX_POINT('',#3798);
#1041=VERTEX_POINT('',#3817);
#1042=VERTEX_POINT('',#3822);
#1043=VERTEX_POINT('',#3829);
#1044=VERTEX_POINT('',#3831);
#1045=VERTEX_POINT('',#3850);
#1046=VERTEX_POINT('',#3855);
#1047=VERTEX_POINT('',#3862);
#1048=VERTEX_POINT('',#3864);
#1049=VERTEX_POINT('',#3892);
#1050=VERTEX_POINT('',#3893);
#1051=VERTEX_POINT('',#3895);
#1052=VERTEX_POINT('',#3897);
#1053=VERTEX_POINT('',#3916);
#1054=VERTEX_POINT('',#3921);
#1055=VERTEX_POINT('',#3928);
#1056=VERTEX_POINT('',#3930);
#1057=VERTEX_POINT('',#3949);
#1058=VERTEX_POINT('',#3954);
#1059=VERTEX_POINT('',#3961);
#1060=VERTEX_POINT('',#3963);
#1061=VERTEX_POINT('',#3982);
#1062=VERTEX_POINT('',#3987);
#1063=VERTEX_POINT('',#3994);
#1064=VERTEX_POINT('',#3996);
#1065=VERTEX_POINT('',#4024);
#1066=VERTEX_POINT('',#4025);
#1067=VERTEX_POINT('',#4027);
#1068=VERTEX_POINT('',#4029);
#1069=VERTEX_POINT('',#4048);
#1070=VERTEX_POINT('',#4053);
#1071=VERTEX_POINT('',#4060);
#1072=VERTEX_POINT('',#4062);
#1073=VERTEX_POINT('',#4081);
#1074=VERTEX_POINT('',#4086);
#1075=VERTEX_POINT('',#4093);
#1076=VERTEX_POINT('',#4095);
#1077=VERTEX_POINT('',#4114);
#1078=VERTEX_POINT('',#4119);
#1079=VERTEX_POINT('',#4126);
#1080=VERTEX_POINT('',#4128);
#1081=VERTEX_POINT('',#4156);
#1082=VERTEX_POINT('',#4158);
#1083=VERTEX_POINT('',#4163);
#1084=VERTEX_POINT('',#4165);
#1085=VERTEX_POINT('',#4170);
#1086=VERTEX_POINT('',#4172);
#1087=VERTEX_POINT('',#4177);
#1088=VERTEX_POINT('',#4179);
#1089=VERTEX_POINT('',#4184);
#1090=VERTEX_POINT('',#4185);
#1091=VERTEX_POINT('',#4187);
#1092=VERTEX_POINT('',#4189);
#1093=VERTEX_POINT('',#4193);
#1094=VERTEX_POINT('',#4194);
#1095=VERTEX_POINT('',#4196);
#1096=VERTEX_POINT('',#4198);
#1097=EDGE_CURVE('',#889,#890,#457,.T.);
#1098=EDGE_CURVE('',#891,#889,#458,.T.);
#1099=EDGE_CURVE('',#892,#891,#459,.T.);
#1100=EDGE_CURVE('',#892,#890,#460,.T.);
#1101=EDGE_CURVE('',#890,#893,#461,.T.);
#1102=EDGE_CURVE('',#894,#892,#462,.T.);
#1103=EDGE_CURVE('',#894,#893,#463,.T.);
#1104=EDGE_CURVE('',#893,#895,#464,.T.);
#1105=EDGE_CURVE('',#896,#894,#465,.T.);
#1106=EDGE_CURVE('',#896,#895,#466,.T.);
#1107=EDGE_CURVE('',#895,#889,#467,.T.);
#1108=EDGE_CURVE('',#891,#896,#468,.T.);
#1109=EDGE_CURVE('',#897,#898,#469,.T.);
#1110=EDGE_CURVE('',#899,#897,#470,.T.);
#1111=EDGE_CURVE('',#900,#899,#471,.T.);
#1112=EDGE_CURVE('',#898,#900,#472,.T.);
#1113=EDGE_CURVE('',#898,#901,#473,.T.);
#1114=EDGE_CURVE('',#900,#902,#474,.T.);
#1115=EDGE_CURVE('',#902,#901,#475,.T.);
#1116=EDGE_CURVE('',#901,#903,#476,.T.);
#1117=EDGE_CURVE('',#904,#902,#477,.T.);
#1118=EDGE_CURVE('',#903,#904,#478,.T.);
#1119=EDGE_CURVE('',#899,#904,#479,.T.);
#1120=EDGE_CURVE('',#903,#897,#480,.T.);
#1121=EDGE_CURVE('',#905,#905,#137,.T.);
#1122=EDGE_CURVE('',#905,#906,#481,.T.);
#1123=EDGE_CURVE('',#906,#906,#138,.T.);
#1124=EDGE_CURVE('',#907,#907,#139,.T.);
#1125=EDGE_CURVE('',#907,#908,#482,.T.);
#1126=EDGE_CURVE('',#908,#908,#140,.T.);
#1127=EDGE_CURVE('',#909,#909,#141,.T.);
#1128=EDGE_CURVE('',#909,#910,#483,.T.);
#1129=EDGE_CURVE('',#910,#910,#142,.T.);
#1130=EDGE_CURVE('',#911,#911,#143,.T.);
#1131=EDGE_CURVE('',#911,#912,#484,.T.);
#1132=EDGE_CURVE('',#912,#912,#144,.T.);
#1133=EDGE_CURVE('',#913,#914,#485,.T.);
#1134=EDGE_CURVE('',#914,#915,#486,.T.);
#1135=EDGE_CURVE('',#915,#916,#487,.T.);
#1136=EDGE_CURVE('',#916,#913,#488,.T.);
#1137=EDGE_CURVE('',#917,#918,#489,.T.);
#1138=EDGE_CURVE('',#918,#919,#490,.T.);
#1139=EDGE_CURVE('',#919,#920,#491,.T.);
#1140=EDGE_CURVE('',#920,#917,#492,.T.);
#1141=EDGE_CURVE('',#916,#919,#493,.T.);
#1142=EDGE_CURVE('',#913,#918,#494,.T.);
#1143=EDGE_CURVE('',#915,#920,#495,.T.);
#1144=EDGE_CURVE('',#914,#917,#496,.T.);
#1145=EDGE_CURVE('',#921,#922,#497,.T.);
#1146=EDGE_CURVE('',#921,#923,#498,.T.);
#1147=EDGE_CURVE('',#924,#923,#499,.T.);
#1148=EDGE_CURVE('',#922,#924,#500,.T.);
#1149=EDGE_CURVE('',#922,#925,#13,.T.);
#1150=EDGE_CURVE('',#926,#924,#14,.T.);
#1151=EDGE_CURVE('',#925,#926,#501,.T.);
#1152=EDGE_CURVE('',#925,#927,#502,.T.);
#1153=EDGE_CURVE('',#928,#926,#503,.T.);
#1154=EDGE_CURVE('',#927,#928,#504,.T.);
#1155=EDGE_CURVE('',#927,#929,#15,.T.);
#1156=EDGE_CURVE('',#930,#928,#16,.T.);
#1157=EDGE_CURVE('',#929,#930,#505,.T.);
#1158=EDGE_CURVE('',#929,#931,#506,.T.);
#1159=EDGE_CURVE('',#932,#930,#507,.T.);
#1160=EDGE_CURVE('',#931,#932,#508,.T.);
#1161=EDGE_CURVE('',#931,#933,#17,.T.);
#1162=EDGE_CURVE('',#934,#932,#18,.T.);
#1163=EDGE_CURVE('',#933,#934,#509,.T.);
#1164=EDGE_CURVE('',#933,#935,#510,.T.);
#1165=EDGE_CURVE('',#936,#934,#511,.T.);
#1166=EDGE_CURVE('',#935,#936,#512,.T.);
#1167=EDGE_CURVE('',#935,#921,#19,.T.);
#1168=EDGE_CURVE('',#923,#936,#20,.T.);
#1169=EDGE_CURVE('',#937,#938,#21,.T.);
#1170=EDGE_CURVE('',#937,#939,#513,.T.);
#1171=EDGE_CURVE('',#940,#939,#22,.T.);
#1172=EDGE_CURVE('',#938,#940,#514,.T.);
#1173=EDGE_CURVE('',#938,#941,#515,.T.);
#1174=EDGE_CURVE('',#942,#940,#516,.T.);
#1175=EDGE_CURVE('',#941,#942,#517,.T.);
#1176=EDGE_CURVE('',#941,#943,#23,.T.);
#1177=EDGE_CURVE('',#944,#942,#24,.T.);
#1178=EDGE_CURVE('',#943,#944,#518,.T.);
#1179=EDGE_CURVE('',#943,#945,#519,.T.);
#1180=EDGE_CURVE('',#946,#944,#520,.T.);
#1181=EDGE_CURVE('',#945,#946,#521,.T.);
#1182=EDGE_CURVE('',#945,#947,#25,.T.);
#1183=EDGE_CURVE('',#948,#946,#26,.T.);
#1184=EDGE_CURVE('',#947,#948,#522,.T.);
#1185=EDGE_CURVE('',#947,#949,#523,.T.);
#1186=EDGE_CURVE('',#950,#948,#524,.T.);
#1187=EDGE_CURVE('',#949,#950,#525,.T.);
#1188=EDGE_CURVE('',#949,#951,#27,.T.);
#1189=EDGE_CURVE('',#952,#950,#28,.T.);
#1190=EDGE_CURVE('',#951,#952,#526,.T.);
#1191=EDGE_CURVE('',#951,#937,#527,.T.);
#1192=EDGE_CURVE('',#939,#952,#528,.T.);
#1193=EDGE_CURVE('',#953,#954,#29,.T.);
#1194=EDGE_CURVE('',#953,#955,#529,.T.);
#1195=EDGE_CURVE('',#956,#955,#30,.T.);
#1196=EDGE_CURVE('',#954,#956,#530,.T.);
#1197=EDGE_CURVE('',#954,#957,#531,.T.);
#1198=EDGE_CURVE('',#958,#956,#532,.T.);
#1199=EDGE_CURVE('',#957,#958,#533,.T.);
#1200=EDGE_CURVE('',#957,#959,#31,.T.);
#1201=EDGE_CURVE('',#960,#958,#32,.T.);
#1202=EDGE_CURVE('',#959,#960,#534,.T.);
#1203=EDGE_CURVE('',#959,#961,#535,.T.);
#1204=EDGE_CURVE('',#962,#960,#536,.T.);
#1205=EDGE_CURVE('',#961,#962,#537,.T.);
#1206=EDGE_CURVE('',#961,#963,#33,.T.);
#1207=EDGE_CURVE('',#964,#962,#34,.T.);
#1208=EDGE_CURVE('',#963,#964,#538,.T.);
#1209=EDGE_CURVE('',#963,#965,#539,.T.);
#1210=EDGE_CURVE('',#966,#964,#540,.T.);
#1211=EDGE_CURVE('',#965,#966,#541,.T.);
#1212=EDGE_CURVE('',#965,#967,#35,.T.);
#1213=EDGE_CURVE('',#968,#966,#36,.T.);
#1214=EDGE_CURVE('',#967,#968,#542,.T.);
#1215=EDGE_CURVE('',#967,#953,#543,.T.);
#1216=EDGE_CURVE('',#955,#968,#544,.T.);
#1217=EDGE_CURVE('',#969,#970,#37,.T.);
#1218=EDGE_CURVE('',#969,#971,#545,.T.);
#1219=EDGE_CURVE('',#972,#971,#38,.T.);
#1220=EDGE_CURVE('',#970,#972,#546,.T.);
#1221=EDGE_CURVE('',#970,#973,#547,.T.);
#1222=EDGE_CURVE('',#974,#972,#548,.T.);
#1223=EDGE_CURVE('',#973,#974,#549,.T.);
#1224=EDGE_CURVE('',#973,#975,#39,.T.);
#1225=EDGE_CURVE('',#976,#974,#40,.T.);
#1226=EDGE_CURVE('',#975,#976,#550,.T.);
#1227=EDGE_CURVE('',#975,#977,#551,.T.);
#1228=EDGE_CURVE('',#978,#976,#552,.T.);
#1229=EDGE_CURVE('',#977,#978,#553,.T.);
#1230=EDGE_CURVE('',#977,#979,#41,.T.);
#1231=EDGE_CURVE('',#980,#978,#42,.T.);
#1232=EDGE_CURVE('',#979,#980,#554,.T.);
#1233=EDGE_CURVE('',#979,#981,#555,.T.);
#1234=EDGE_CURVE('',#982,#980,#556,.T.);
#1235=EDGE_CURVE('',#981,#982,#557,.T.);
#1236=EDGE_CURVE('',#981,#983,#43,.T.);
#1237=EDGE_CURVE('',#984,#982,#44,.T.);
#1238=EDGE_CURVE('',#983,#984,#558,.T.);
#1239=EDGE_CURVE('',#983,#969,#559,.T.);
#1240=EDGE_CURVE('',#971,#984,#560,.T.);
#1241=EDGE_CURVE('',#985,#986,#45,.T.);
#1242=EDGE_CURVE('',#985,#987,#561,.T.);
#1243=EDGE_CURVE('',#988,#987,#46,.T.);
#1244=EDGE_CURVE('',#986,#988,#562,.T.);
#1245=EDGE_CURVE('',#986,#989,#563,.T.);
#1246=EDGE_CURVE('',#990,#988,#564,.T.);
#1247=EDGE_CURVE('',#989,#990,#565,.T.);
#1248=EDGE_CURVE('',#989,#991,#47,.T.);
#1249=EDGE_CURVE('',#992,#990,#48,.T.);
#1250=EDGE_CURVE('',#991,#992,#566,.T.);
#1251=EDGE_CURVE('',#991,#993,#567,.T.);
#1252=EDGE_CURVE('',#994,#992,#568,.T.);
#1253=EDGE_CURVE('',#993,#994,#569,.T.);
#1254=EDGE_CURVE('',#993,#995,#49,.T.);
#1255=EDGE_CURVE('',#996,#994,#50,.T.);
#1256=EDGE_CURVE('',#995,#996,#570,.T.);
#1257=EDGE_CURVE('',#995,#997,#571,.T.);
#1258=EDGE_CURVE('',#998,#996,#572,.T.);
#1259=EDGE_CURVE('',#997,#998,#573,.T.);
#1260=EDGE_CURVE('',#997,#999,#51,.T.);
#1261=EDGE_CURVE('',#1000,#998,#52,.T.);
#1262=EDGE_CURVE('',#999,#1000,#574,.T.);
#1263=EDGE_CURVE('',#999,#985,#575,.T.);
#1264=EDGE_CURVE('',#987,#1000,#576,.T.);
#1265=EDGE_CURVE('',#1001,#1002,#577,.T.);
#1266=EDGE_CURVE('',#1001,#1003,#578,.T.);
#1267=EDGE_CURVE('',#1004,#1003,#579,.T.);
#1268=EDGE_CURVE('',#1002,#1004,#580,.T.);
#1269=EDGE_CURVE('',#1002,#1005,#53,.T.);
#1270=EDGE_CURVE('',#1006,#1004,#54,.T.);
#1271=EDGE_CURVE('',#1005,#1006,#581,.T.);
#1272=EDGE_CURVE('',#1005,#1007,#582,.T.);
#1273=EDGE_CURVE('',#1008,#1006,#583,.T.);
#1274=EDGE_CURVE('',#1007,#1008,#584,.T.);
#1275=EDGE_CURVE('',#1007,#1009,#55,.T.);
#1276=EDGE_CURVE('',#1010,#1008,#56,.T.);
#1277=EDGE_CURVE('',#1009,#1010,#585,.T.);
#1278=EDGE_CURVE('',#1009,#1011,#586,.T.);
#1279=EDGE_CURVE('',#1012,#1010,#587,.T.);
#1280=EDGE_CURVE('',#1011,#1012,#588,.T.);
#1281=EDGE_CURVE('',#1011,#1013,#57,.T.);
#1282=EDGE_CURVE('',#1014,#1012,#58,.T.);
#1283=EDGE_CURVE('',#1013,#1014,#589,.T.);
#1284=EDGE_CURVE('',#1013,#1015,#590,.T.);
#1285=EDGE_CURVE('',#1016,#1014,#591,.T.);
#1286=EDGE_CURVE('',#1015,#1016,#592,.T.);
#1287=EDGE_CURVE('',#1015,#1001,#59,.T.);
#1288=EDGE_CURVE('',#1003,#1016,#60,.T.);
#1289=EDGE_CURVE('',#1017,#1018,#593,.T.);
#1290=EDGE_CURVE('',#1017,#1019,#594,.T.);
#1291=EDGE_CURVE('',#1020,#1019,#595,.T.);
#1292=EDGE_CURVE('',#1018,#1020,#596,.T.);
#1293=EDGE_CURVE('',#1018,#1021,#61,.T.);
#1294=EDGE_CURVE('',#1022,#1020,#62,.T.);
#1295=EDGE_CURVE('',#1021,#1022,#597,.T.);
#1296=EDGE_CURVE('',#1021,#1023,#598,.T.);
#1297=EDGE_CURVE('',#1024,#1022,#599,.T.);
#1298=EDGE_CURVE('',#1023,#1024,#600,.T.);
#1299=EDGE_CURVE('',#1023,#1025,#63,.T.);
#1300=EDGE_CURVE('',#1026,#1024,#64,.T.);
#1301=EDGE_CURVE('',#1025,#1026,#601,.T.);
#1302=EDGE_CURVE('',#1025,#1027,#602,.T.);
#1303=EDGE_CURVE('',#1028,#1026,#603,.T.);
#1304=EDGE_CURVE('',#1027,#1028,#604,.T.);
#1305=EDGE_CURVE('',#1027,#1029,#65,.T.);
#1306=EDGE_CURVE('',#1030,#1028,#66,.T.);
#1307=EDGE_CURVE('',#1029,#1030,#605,.T.);
#1308=EDGE_CURVE('',#1029,#1031,#606,.T.);
#1309=EDGE_CURVE('',#1032,#1030,#607,.T.);
#1310=EDGE_CURVE('',#1031,#1032,#608,.T.);
#1311=EDGE_CURVE('',#1031,#1017,#67,.T.);
#1312=EDGE_CURVE('',#1019,#1032,#68,.T.);
#1313=EDGE_CURVE('',#1033,#1034,#609,.T.);
#1314=EDGE_CURVE('',#1033,#1035,#610,.T.);
#1315=EDGE_CURVE('',#1036,#1035,#611,.T.);
#1316=EDGE_CURVE('',#1034,#1036,#612,.T.);
#1317=EDGE_CURVE('',#1034,#1037,#69,.T.);
#1318=EDGE_CURVE('',#1038,#1036,#70,.T.);
#1319=EDGE_CURVE('',#1037,#1038,#613,.T.);
#1320=EDGE_CURVE('',#1037,#1039,#614,.T.);
#1321=EDGE_CURVE('',#1040,#1038,#615,.T.);
#1322=EDGE_CURVE('',#1039,#1040,#616,.T.);
#1323=EDGE_CURVE('',#1039,#1041,#71,.T.);
#1324=EDGE_CURVE('',#1042,#1040,#72,.T.);
#1325=EDGE_CURVE('',#1041,#1042,#617,.T.);
#1326=EDGE_CURVE('',#1041,#1043,#618,.T.);
#1327=EDGE_CURVE('',#1044,#1042,#619,.T.);
#1328=EDGE_CURVE('',#1043,#1044,#620,.T.);
#1329=EDGE_CURVE('',#1043,#1045,#73,.T.);
#1330=EDGE_CURVE('',#1046,#1044,#74,.T.);
#1331=EDGE_CURVE('',#1045,#1046,#621,.T.);
#1332=EDGE_CURVE('',#1045,#1047,#622,.T.);
#1333=EDGE_CURVE('',#1048,#1046,#623,.T.);
#1334=EDGE_CURVE('',#1047,#1048,#624,.T.);
#1335=EDGE_CURVE('',#1047,#1033,#75,.T.);
#1336=EDGE_CURVE('',#1035,#1048,#76,.T.);
#1337=EDGE_CURVE('',#1049,#1050,#625,.T.);
#1338=EDGE_CURVE('',#1049,#1051,#626,.T.);
#1339=EDGE_CURVE('',#1052,#1051,#627,.T.);
#1340=EDGE_CURVE('',#1050,#1052,#628,.T.);
#1341=EDGE_CURVE('',#1050,#1053,#77,.T.);
#1342=EDGE_CURVE('',#1054,#1052,#78,.T.);
#1343=EDGE_CURVE('',#1053,#1054,#629,.T.);
#1344=EDGE_CURVE('',#1053,#1055,#630,.T.);
#1345=EDGE_CURVE('',#1056,#1054,#631,.T.);
#1346=EDGE_CURVE('',#1055,#1056,#632,.T.);
#1347=EDGE_CURVE('',#1055,#1057,#79,.T.);
#1348=EDGE_CURVE('',#1058,#1056,#80,.T.);
#1349=EDGE_CURVE('',#1057,#1058,#633,.T.);
#1350=EDGE_CURVE('',#1057,#1059,#634,.T.);
#1351=EDGE_CURVE('',#1060,#1058,#635,.T.);
#1352=EDGE_CURVE('',#1059,#1060,#636,.T.);
#1353=EDGE_CURVE('',#1059,#1061,#81,.T.);
#1354=EDGE_CURVE('',#1062,#1060,#82,.T.);
#1355=EDGE_CURVE('',#1061,#1062,#637,.T.);
#1356=EDGE_CURVE('',#1061,#1063,#638,.T.);
#1357=EDGE_CURVE('',#1064,#1062,#639,.T.);
#1358=EDGE_CURVE('',#1063,#1064,#640,.T.);
#1359=EDGE_CURVE('',#1063,#1049,#83,.T.);
#1360=EDGE_CURVE('',#1051,#1064,#84,.T.);
#1361=EDGE_CURVE('',#1065,#1066,#641,.T.);
#1362=EDGE_CURVE('',#1065,#1067,#642,.T.);
#1363=EDGE_CURVE('',#1068,#1067,#643,.T.);
#1364=EDGE_CURVE('',#1066,#1068,#644,.T.);
#1365=EDGE_CURVE('',#1066,#1069,#85,.T.);
#1366=EDGE_CURVE('',#1070,#1068,#86,.T.);
#1367=EDGE_CURVE('',#1069,#1070,#645,.T.);
#1368=EDGE_CURVE('',#1069,#1071,#646,.T.);
#1369=EDGE_CURVE('',#1072,#1070,#647,.T.);
#1370=EDGE_CURVE('',#1071,#1072,#648,.T.);
#1371=EDGE_CURVE('',#1071,#1073,#87,.T.);
#1372=EDGE_CURVE('',#1074,#1072,#88,.T.);
#1373=EDGE_CURVE('',#1073,#1074,#649,.T.);
#1374=EDGE_CURVE('',#1073,#1075,#650,.T.);
#1375=EDGE_CURVE('',#1076,#1074,#651,.T.);
#1376=EDGE_CURVE('',#1075,#1076,#652,.T.);
#1377=EDGE_CURVE('',#1075,#1077,#89,.T.);
#1378=EDGE_CURVE('',#1078,#1076,#90,.T.);
#1379=EDGE_CURVE('',#1077,#1078,#653,.T.);
#1380=EDGE_CURVE('',#1077,#1079,#654,.T.);
#1381=EDGE_CURVE('',#1080,#1078,#655,.T.);
#1382=EDGE_CURVE('',#1079,#1080,#656,.T.);
#1383=EDGE_CURVE('',#1079,#1065,#91,.T.);
#1384=EDGE_CURVE('',#1067,#1080,#92,.T.);
#1385=EDGE_CURVE('',#1081,#1081,#145,.T.);
#1386=EDGE_CURVE('',#1081,#1082,#657,.T.);
#1387=EDGE_CURVE('',#1082,#1082,#146,.T.);
#1388=EDGE_CURVE('',#1083,#1083,#147,.T.);
#1389=EDGE_CURVE('',#1083,#1084,#658,.T.);
#1390=EDGE_CURVE('',#1084,#1084,#148,.T.);
#1391=EDGE_CURVE('',#1085,#1085,#149,.T.);
#1392=EDGE_CURVE('',#1085,#1086,#659,.T.);
#1393=EDGE_CURVE('',#1086,#1086,#150,.T.);
#1394=EDGE_CURVE('',#1087,#1087,#151,.T.);
#1395=EDGE_CURVE('',#1087,#1088,#660,.T.);
#1396=EDGE_CURVE('',#1088,#1088,#152,.T.);
#1397=EDGE_CURVE('',#1089,#1090,#661,.T.);
#1398=EDGE_CURVE('',#1090,#1091,#662,.T.);
#1399=EDGE_CURVE('',#1091,#1092,#663,.T.);
#1400=EDGE_CURVE('',#1092,#1089,#664,.T.);
#1401=EDGE_CURVE('',#1093,#1094,#665,.T.);
#1402=EDGE_CURVE('',#1094,#1095,#666,.T.);
#1403=EDGE_CURVE('',#1095,#1096,#667,.T.);
#1404=EDGE_CURVE('',#1096,#1093,#668,.T.);
#1405=EDGE_CURVE('',#1092,#1095,#669,.T.);
#1406=EDGE_CURVE('',#1089,#1094,#670,.T.);
#1407=EDGE_CURVE('',#1091,#1096,#671,.T.);
#1408=EDGE_CURVE('',#1090,#1093,#672,.T.);
#1409=ORIENTED_EDGE('',*,*,#1097,.F.);
#1410=ORIENTED_EDGE('',*,*,#1098,.F.);
#1411=ORIENTED_EDGE('',*,*,#1099,.F.);
#1412=ORIENTED_EDGE('',*,*,#1100,.T.);
#1413=ORIENTED_EDGE('',*,*,#1101,.F.);
#1414=ORIENTED_EDGE('',*,*,#1100,.F.);
#1415=ORIENTED_EDGE('',*,*,#1102,.F.);
#1416=ORIENTED_EDGE('',*,*,#1103,.T.);
#1417=ORIENTED_EDGE('',*,*,#1104,.F.);
#1418=ORIENTED_EDGE('',*,*,#1103,.F.);
#1419=ORIENTED_EDGE('',*,*,#1105,.F.);
#1420=ORIENTED_EDGE('',*,*,#1106,.T.);
#1421=ORIENTED_EDGE('',*,*,#1107,.F.);
#1422=ORIENTED_EDGE('',*,*,#1106,.F.);
#1423=ORIENTED_EDGE('',*,*,#1108,.F.);
#1424=ORIENTED_EDGE('',*,*,#1098,.T.);
#1425=ORIENTED_EDGE('',*,*,#1109,.F.);
#1426=ORIENTED_EDGE('',*,*,#1110,.F.);
#1427=ORIENTED_EDGE('',*,*,#1111,.F.);
#1428=ORIENTED_EDGE('',*,*,#1112,.F.);
#1429=ORIENTED_EDGE('',*,*,#1104,.T.);
#1430=ORIENTED_EDGE('',*,*,#1107,.T.);
#1431=ORIENTED_EDGE('',*,*,#1097,.T.);
#1432=ORIENTED_EDGE('',*,*,#1101,.T.);
#1433=ORIENTED_EDGE('',*,*,#1113,.F.);
#1434=ORIENTED_EDGE('',*,*,#1112,.T.);
#1435=ORIENTED_EDGE('',*,*,#1114,.T.);
#1436=ORIENTED_EDGE('',*,*,#1115,.T.);
#1437=ORIENTED_EDGE('',*,*,#1116,.F.);
#1438=ORIENTED_EDGE('',*,*,#1115,.F.);
#1439=ORIENTED_EDGE('',*,*,#1117,.F.);
#1440=ORIENTED_EDGE('',*,*,#1118,.F.);
#1441=ORIENTED_EDGE('',*,*,#1114,.F.);
#1442=ORIENTED_EDGE('',*,*,#1111,.T.);
#1443=ORIENTED_EDGE('',*,*,#1119,.T.);
#1444=ORIENTED_EDGE('',*,*,#1117,.T.);
#1445=ORIENTED_EDGE('',*,*,#1120,.F.);
#1446=ORIENTED_EDGE('',*,*,#1118,.T.);
#1447=ORIENTED_EDGE('',*,*,#1119,.F.);
#1448=ORIENTED_EDGE('',*,*,#1110,.T.);
#1449=ORIENTED_EDGE('',*,*,#1121,.F.);
#1450=ORIENTED_EDGE('',*,*,#1122,.T.);
#1451=ORIENTED_EDGE('',*,*,#1123,.F.);
#1452=ORIENTED_EDGE('',*,*,#1122,.F.);
#1453=ORIENTED_EDGE('',*,*,#1121,.T.);
#1454=ORIENTED_EDGE('',*,*,#1124,.F.);
#1455=ORIENTED_EDGE('',*,*,#1125,.T.);
#1456=ORIENTED_EDGE('',*,*,#1126,.F.);
#1457=ORIENTED_EDGE('',*,*,#1125,.F.);
#1458=ORIENTED_EDGE('',*,*,#1124,.T.);
#1459=ORIENTED_EDGE('',*,*,#1127,.F.);
#1460=ORIENTED_EDGE('',*,*,#1128,.T.);
#1461=ORIENTED_EDGE('',*,*,#1129,.F.);
#1462=ORIENTED_EDGE('',*,*,#1128,.F.);
#1463=ORIENTED_EDGE('',*,*,#1127,.T.);
#1464=ORIENTED_EDGE('',*,*,#1130,.F.);
#1465=ORIENTED_EDGE('',*,*,#1131,.T.);
#1466=ORIENTED_EDGE('',*,*,#1132,.F.);
#1467=ORIENTED_EDGE('',*,*,#1131,.F.);
#1468=ORIENTED_EDGE('',*,*,#1130,.T.);
#1469=ORIENTED_EDGE('',*,*,#1133,.T.);
#1470=ORIENTED_EDGE('',*,*,#1134,.T.);
#1471=ORIENTED_EDGE('',*,*,#1135,.T.);
#1472=ORIENTED_EDGE('',*,*,#1136,.T.);
#1473=ORIENTED_EDGE('',*,*,#1105,.T.);
#1474=ORIENTED_EDGE('',*,*,#1102,.T.);
#1475=ORIENTED_EDGE('',*,*,#1099,.T.);
#1476=ORIENTED_EDGE('',*,*,#1108,.T.);
#1477=ORIENTED_EDGE('',*,*,#1137,.T.);
#1478=ORIENTED_EDGE('',*,*,#1138,.T.);
#1479=ORIENTED_EDGE('',*,*,#1139,.T.);
#1480=ORIENTED_EDGE('',*,*,#1140,.T.);
#1481=ORIENTED_EDGE('',*,*,#1141,.T.);
#1482=ORIENTED_EDGE('',*,*,#1138,.F.);
#1483=ORIENTED_EDGE('',*,*,#1142,.F.);
#1484=ORIENTED_EDGE('',*,*,#1136,.F.);
#1485=ORIENTED_EDGE('',*,*,#1143,.T.);
#1486=ORIENTED_EDGE('',*,*,#1139,.F.);
#1487=ORIENTED_EDGE('',*,*,#1141,.F.);
#1488=ORIENTED_EDGE('',*,*,#1135,.F.);
#1489=ORIENTED_EDGE('',*,*,#1144,.T.);
#1490=ORIENTED_EDGE('',*,*,#1140,.F.);
#1491=ORIENTED_EDGE('',*,*,#1143,.F.);
#1492=ORIENTED_EDGE('',*,*,#1134,.F.);
#1493=ORIENTED_EDGE('',*,*,#1116,.T.);
#1494=ORIENTED_EDGE('',*,*,#1120,.T.);
#1495=ORIENTED_EDGE('',*,*,#1109,.T.);
#1496=ORIENTED_EDGE('',*,*,#1113,.T.);
#1497=ORIENTED_EDGE('',*,*,#1123,.T.);
#1498=ORIENTED_EDGE('',*,*,#1126,.T.);
#1499=ORIENTED_EDGE('',*,*,#1129,.T.);
#1500=ORIENTED_EDGE('',*,*,#1132,.T.);
#1501=ORIENTED_EDGE('',*,*,#1142,.T.);
#1502=ORIENTED_EDGE('',*,*,#1137,.F.);
#1503=ORIENTED_EDGE('',*,*,#1144,.F.);
#1504=ORIENTED_EDGE('',*,*,#1133,.F.);
#1505=ORIENTED_EDGE('',*,*,#1145,.F.);
#1506=ORIENTED_EDGE('',*,*,#1146,.T.);
#1507=ORIENTED_EDGE('',*,*,#1147,.F.);
#1508=ORIENTED_EDGE('',*,*,#1148,.F.);
#1509=ORIENTED_EDGE('',*,*,#1149,.F.);
#1510=ORIENTED_EDGE('',*,*,#1148,.T.);
#1511=ORIENTED_EDGE('',*,*,#1150,.F.);
#1512=ORIENTED_EDGE('',*,*,#1151,.F.);
#1513=ORIENTED_EDGE('',*,*,#1152,.F.);
#1514=ORIENTED_EDGE('',*,*,#1151,.T.);
#1515=ORIENTED_EDGE('',*,*,#1153,.F.);
#1516=ORIENTED_EDGE('',*,*,#1154,.F.);
#1517=ORIENTED_EDGE('',*,*,#1155,.F.);
#1518=ORIENTED_EDGE('',*,*,#1154,.T.);
#1519=ORIENTED_EDGE('',*,*,#1156,.F.);
#1520=ORIENTED_EDGE('',*,*,#1157,.F.);
#1521=ORIENTED_EDGE('',*,*,#1158,.F.);
#1522=ORIENTED_EDGE('',*,*,#1157,.T.);
#1523=ORIENTED_EDGE('',*,*,#1159,.F.);
#1524=ORIENTED_EDGE('',*,*,#1160,.F.);
#1525=ORIENTED_EDGE('',*,*,#1161,.F.);
#1526=ORIENTED_EDGE('',*,*,#1160,.T.);
#1527=ORIENTED_EDGE('',*,*,#1162,.F.);
#1528=ORIENTED_EDGE('',*,*,#1163,.F.);
#1529=ORIENTED_EDGE('',*,*,#1164,.F.);
#1530=ORIENTED_EDGE('',*,*,#1163,.T.);
#1531=ORIENTED_EDGE('',*,*,#1165,.F.);
#1532=ORIENTED_EDGE('',*,*,#1166,.F.);
#1533=ORIENTED_EDGE('',*,*,#1167,.F.);
#1534=ORIENTED_EDGE('',*,*,#1166,.T.);
#1535=ORIENTED_EDGE('',*,*,#1168,.F.);
#1536=ORIENTED_EDGE('',*,*,#1146,.F.);
#1537=ORIENTED_EDGE('',*,*,#1169,.F.);
#1538=ORIENTED_EDGE('',*,*,#1170,.T.);
#1539=ORIENTED_EDGE('',*,*,#1171,.F.);
#1540=ORIENTED_EDGE('',*,*,#1172,.F.);
#1541=ORIENTED_EDGE('',*,*,#1173,.F.);
#1542=ORIENTED_EDGE('',*,*,#1172,.T.);
#1543=ORIENTED_EDGE('',*,*,#1174,.F.);
#1544=ORIENTED_EDGE('',*,*,#1175,.F.);
#1545=ORIENTED_EDGE('',*,*,#1176,.F.);
#1546=ORIENTED_EDGE('',*,*,#1175,.T.);
#1547=ORIENTED_EDGE('',*,*,#1177,.F.);
#1548=ORIENTED_EDGE('',*,*,#1178,.F.);
#1549=ORIENTED_EDGE('',*,*,#1179,.F.);
#1550=ORIENTED_EDGE('',*,*,#1178,.T.);
#1551=ORIENTED_EDGE('',*,*,#1180,.F.);
#1552=ORIENTED_EDGE('',*,*,#1181,.F.);
#1553=ORIENTED_EDGE('',*,*,#1182,.F.);
#1554=ORIENTED_EDGE('',*,*,#1181,.T.);
#1555=ORIENTED_EDGE('',*,*,#1183,.F.);
#1556=ORIENTED_EDGE('',*,*,#1184,.F.);
#1557=ORIENTED_EDGE('',*,*,#1185,.F.);
#1558=ORIENTED_EDGE('',*,*,#1184,.T.);
#1559=ORIENTED_EDGE('',*,*,#1186,.F.);
#1560=ORIENTED_EDGE('',*,*,#1187,.F.);
#1561=ORIENTED_EDGE('',*,*,#1188,.F.);
#1562=ORIENTED_EDGE('',*,*,#1187,.T.);
#1563=ORIENTED_EDGE('',*,*,#1189,.F.);
#1564=ORIENTED_EDGE('',*,*,#1190,.F.);
#1565=ORIENTED_EDGE('',*,*,#1191,.F.);
#1566=ORIENTED_EDGE('',*,*,#1190,.T.);
#1567=ORIENTED_EDGE('',*,*,#1192,.F.);
#1568=ORIENTED_EDGE('',*,*,#1170,.F.);
#1569=ORIENTED_EDGE('',*,*,#1193,.F.);
#1570=ORIENTED_EDGE('',*,*,#1194,.T.);
#1571=ORIENTED_EDGE('',*,*,#1195,.F.);
#1572=ORIENTED_EDGE('',*,*,#1196,.F.);
#1573=ORIENTED_EDGE('',*,*,#1197,.F.);
#1574=ORIENTED_EDGE('',*,*,#1196,.T.);
#1575=ORIENTED_EDGE('',*,*,#1198,.F.);
#1576=ORIENTED_EDGE('',*,*,#1199,.F.);
#1577=ORIENTED_EDGE('',*,*,#1200,.F.);
#1578=ORIENTED_EDGE('',*,*,#1199,.T.);
#1579=ORIENTED_EDGE('',*,*,#1201,.F.);
#1580=ORIENTED_EDGE('',*,*,#1202,.F.);
#1581=ORIENTED_EDGE('',*,*,#1203,.F.);
#1582=ORIENTED_EDGE('',*,*,#1202,.T.);
#1583=ORIENTED_EDGE('',*,*,#1204,.F.);
#1584=ORIENTED_EDGE('',*,*,#1205,.F.);
#1585=ORIENTED_EDGE('',*,*,#1206,.F.);
#1586=ORIENTED_EDGE('',*,*,#1205,.T.);
#1587=ORIENTED_EDGE('',*,*,#1207,.F.);
#1588=ORIENTED_EDGE('',*,*,#1208,.F.);
#1589=ORIENTED_EDGE('',*,*,#1209,.F.);
#1590=ORIENTED_EDGE('',*,*,#1208,.T.);
#1591=ORIENTED_EDGE('',*,*,#1210,.F.);
#1592=ORIENTED_EDGE('',*,*,#1211,.F.);
#1593=ORIENTED_EDGE('',*,*,#1212,.F.);
#1594=ORIENTED_EDGE('',*,*,#1211,.T.);
#1595=ORIENTED_EDGE('',*,*,#1213,.F.);
#1596=ORIENTED_EDGE('',*,*,#1214,.F.);
#1597=ORIENTED_EDGE('',*,*,#1215,.F.);
#1598=ORIENTED_EDGE('',*,*,#1214,.T.);
#1599=ORIENTED_EDGE('',*,*,#1216,.F.);
#1600=ORIENTED_EDGE('',*,*,#1194,.F.);
#1601=ORIENTED_EDGE('',*,*,#1217,.F.);
#1602=ORIENTED_EDGE('',*,*,#1218,.T.);
#1603=ORIENTED_EDGE('',*,*,#1219,.F.);
#1604=ORIENTED_EDGE('',*,*,#1220,.F.);
#1605=ORIENTED_EDGE('',*,*,#1221,.F.);
#1606=ORIENTED_EDGE('',*,*,#1220,.T.);
#1607=ORIENTED_EDGE('',*,*,#1222,.F.);
#1608=ORIENTED_EDGE('',*,*,#1223,.F.);
#1609=ORIENTED_EDGE('',*,*,#1224,.F.);
#1610=ORIENTED_EDGE('',*,*,#1223,.T.);
#1611=ORIENTED_EDGE('',*,*,#1225,.F.);
#1612=ORIENTED_EDGE('',*,*,#1226,.F.);
#1613=ORIENTED_EDGE('',*,*,#1227,.F.);
#1614=ORIENTED_EDGE('',*,*,#1226,.T.);
#1615=ORIENTED_EDGE('',*,*,#1228,.F.);
#1616=ORIENTED_EDGE('',*,*,#1229,.F.);
#1617=ORIENTED_EDGE('',*,*,#1230,.F.);
#1618=ORIENTED_EDGE('',*,*,#1229,.T.);
#1619=ORIENTED_EDGE('',*,*,#1231,.F.);
#1620=ORIENTED_EDGE('',*,*,#1232,.F.);
#1621=ORIENTED_EDGE('',*,*,#1233,.F.);
#1622=ORIENTED_EDGE('',*,*,#1232,.T.);
#1623=ORIENTED_EDGE('',*,*,#1234,.F.);
#1624=ORIENTED_EDGE('',*,*,#1235,.F.);
#1625=ORIENTED_EDGE('',*,*,#1236,.F.);
#1626=ORIENTED_EDGE('',*,*,#1235,.T.);
#1627=ORIENTED_EDGE('',*,*,#1237,.F.);
#1628=ORIENTED_EDGE('',*,*,#1238,.F.);
#1629=ORIENTED_EDGE('',*,*,#1239,.F.);
#1630=ORIENTED_EDGE('',*,*,#1238,.T.);
#1631=ORIENTED_EDGE('',*,*,#1240,.F.);
#1632=ORIENTED_EDGE('',*,*,#1218,.F.);
#1633=ORIENTED_EDGE('',*,*,#1241,.F.);
#1634=ORIENTED_EDGE('',*,*,#1242,.T.);
#1635=ORIENTED_EDGE('',*,*,#1243,.F.);
#1636=ORIENTED_EDGE('',*,*,#1244,.F.);
#1637=ORIENTED_EDGE('',*,*,#1245,.F.);
#1638=ORIENTED_EDGE('',*,*,#1244,.T.);
#1639=ORIENTED_EDGE('',*,*,#1246,.F.);
#1640=ORIENTED_EDGE('',*,*,#1247,.F.);
#1641=ORIENTED_EDGE('',*,*,#1248,.F.);
#1642=ORIENTED_EDGE('',*,*,#1247,.T.);
#1643=ORIENTED_EDGE('',*,*,#1249,.F.);
#1644=ORIENTED_EDGE('',*,*,#1250,.F.);
#1645=ORIENTED_EDGE('',*,*,#1251,.F.);
#1646=ORIENTED_EDGE('',*,*,#1250,.T.);
#1647=ORIENTED_EDGE('',*,*,#1252,.F.);
#1648=ORIENTED_EDGE('',*,*,#1253,.F.);
#1649=ORIENTED_EDGE('',*,*,#1254,.F.);
#1650=ORIENTED_EDGE('',*,*,#1253,.T.);
#1651=ORIENTED_EDGE('',*,*,#1255,.F.);
#1652=ORIENTED_EDGE('',*,*,#1256,.F.);
#1653=ORIENTED_EDGE('',*,*,#1257,.F.);
#1654=ORIENTED_EDGE('',*,*,#1256,.T.);
#1655=ORIENTED_EDGE('',*,*,#1258,.F.);
#1656=ORIENTED_EDGE('',*,*,#1259,.F.);
#1657=ORIENTED_EDGE('',*,*,#1260,.F.);
#1658=ORIENTED_EDGE('',*,*,#1259,.T.);
#1659=ORIENTED_EDGE('',*,*,#1261,.F.);
#1660=ORIENTED_EDGE('',*,*,#1262,.F.);
#1661=ORIENTED_EDGE('',*,*,#1263,.F.);
#1662=ORIENTED_EDGE('',*,*,#1262,.T.);
#1663=ORIENTED_EDGE('',*,*,#1264,.F.);
#1664=ORIENTED_EDGE('',*,*,#1242,.F.);
#1665=ORIENTED_EDGE('',*,*,#1265,.F.);
#1666=ORIENTED_EDGE('',*,*,#1266,.T.);
#1667=ORIENTED_EDGE('',*,*,#1267,.F.);
#1668=ORIENTED_EDGE('',*,*,#1268,.F.);
#1669=ORIENTED_EDGE('',*,*,#1269,.F.);
#1670=ORIENTED_EDGE('',*,*,#1268,.T.);
#1671=ORIENTED_EDGE('',*,*,#1270,.F.);
#1672=ORIENTED_EDGE('',*,*,#1271,.F.);
#1673=ORIENTED_EDGE('',*,*,#1272,.F.);
#1674=ORIENTED_EDGE('',*,*,#1271,.T.);
#1675=ORIENTED_EDGE('',*,*,#1273,.F.);
#1676=ORIENTED_EDGE('',*,*,#1274,.F.);
#1677=ORIENTED_EDGE('',*,*,#1275,.F.);
#1678=ORIENTED_EDGE('',*,*,#1274,.T.);
#1679=ORIENTED_EDGE('',*,*,#1276,.F.);
#1680=ORIENTED_EDGE('',*,*,#1277,.F.);
#1681=ORIENTED_EDGE('',*,*,#1278,.F.);
#1682=ORIENTED_EDGE('',*,*,#1277,.T.);
#1683=ORIENTED_EDGE('',*,*,#1279,.F.);
#1684=ORIENTED_EDGE('',*,*,#1280,.F.);
#1685=ORIENTED_EDGE('',*,*,#1281,.F.);
#1686=ORIENTED_EDGE('',*,*,#1280,.T.);
#1687=ORIENTED_EDGE('',*,*,#1282,.F.);
#1688=ORIENTED_EDGE('',*,*,#1283,.F.);
#1689=ORIENTED_EDGE('',*,*,#1284,.F.);
#1690=ORIENTED_EDGE('',*,*,#1283,.T.);
#1691=ORIENTED_EDGE('',*,*,#1285,.F.);
#1692=ORIENTED_EDGE('',*,*,#1286,.F.);
#1693=ORIENTED_EDGE('',*,*,#1287,.F.);
#1694=ORIENTED_EDGE('',*,*,#1286,.T.);
#1695=ORIENTED_EDGE('',*,*,#1288,.F.);
#1696=ORIENTED_EDGE('',*,*,#1266,.F.);
#1697=ORIENTED_EDGE('',*,*,#1289,.F.);
#1698=ORIENTED_EDGE('',*,*,#1290,.T.);
#1699=ORIENTED_EDGE('',*,*,#1291,.F.);
#1700=ORIENTED_EDGE('',*,*,#1292,.F.);
#1701=ORIENTED_EDGE('',*,*,#1293,.F.);
#1702=ORIENTED_EDGE('',*,*,#1292,.T.);
#1703=ORIENTED_EDGE('',*,*,#1294,.F.);
#1704=ORIENTED_EDGE('',*,*,#1295,.F.);
#1705=ORIENTED_EDGE('',*,*,#1296,.F.);
#1706=ORIENTED_EDGE('',*,*,#1295,.T.);
#1707=ORIENTED_EDGE('',*,*,#1297,.F.);
#1708=ORIENTED_EDGE('',*,*,#1298,.F.);
#1709=ORIENTED_EDGE('',*,*,#1299,.F.);
#1710=ORIENTED_EDGE('',*,*,#1298,.T.);
#1711=ORIENTED_EDGE('',*,*,#1300,.F.);
#1712=ORIENTED_EDGE('',*,*,#1301,.F.);
#1713=ORIENTED_EDGE('',*,*,#1302,.F.);
#1714=ORIENTED_EDGE('',*,*,#1301,.T.);
#1715=ORIENTED_EDGE('',*,*,#1303,.F.);
#1716=ORIENTED_EDGE('',*,*,#1304,.F.);
#1717=ORIENTED_EDGE('',*,*,#1305,.F.);
#1718=ORIENTED_EDGE('',*,*,#1304,.T.);
#1719=ORIENTED_EDGE('',*,*,#1306,.F.);
#1720=ORIENTED_EDGE('',*,*,#1307,.F.);
#1721=ORIENTED_EDGE('',*,*,#1308,.F.);
#1722=ORIENTED_EDGE('',*,*,#1307,.T.);
#1723=ORIENTED_EDGE('',*,*,#1309,.F.);
#1724=ORIENTED_EDGE('',*,*,#1310,.F.);
#1725=ORIENTED_EDGE('',*,*,#1311,.F.);
#1726=ORIENTED_EDGE('',*,*,#1310,.T.);
#1727=ORIENTED_EDGE('',*,*,#1312,.F.);
#1728=ORIENTED_EDGE('',*,*,#1290,.F.);
#1729=ORIENTED_EDGE('',*,*,#1313,.F.);
#1730=ORIENTED_EDGE('',*,*,#1314,.T.);
#1731=ORIENTED_EDGE('',*,*,#1315,.F.);
#1732=ORIENTED_EDGE('',*,*,#1316,.F.);
#1733=ORIENTED_EDGE('',*,*,#1317,.F.);
#1734=ORIENTED_EDGE('',*,*,#1316,.T.);
#1735=ORIENTED_EDGE('',*,*,#1318,.F.);
#1736=ORIENTED_EDGE('',*,*,#1319,.F.);
#1737=ORIENTED_EDGE('',*,*,#1320,.F.);
#1738=ORIENTED_EDGE('',*,*,#1319,.T.);
#1739=ORIENTED_EDGE('',*,*,#1321,.F.);
#1740=ORIENTED_EDGE('',*,*,#1322,.F.);
#1741=ORIENTED_EDGE('',*,*,#1323,.F.);
#1742=ORIENTED_EDGE('',*,*,#1322,.T.);
#1743=ORIENTED_EDGE('',*,*,#1324,.F.);
#1744=ORIENTED_EDGE('',*,*,#1325,.F.);
#1745=ORIENTED_EDGE('',*,*,#1326,.F.);
#1746=ORIENTED_EDGE('',*,*,#1325,.T.);
#1747=ORIENTED_EDGE('',*,*,#1327,.F.);
#1748=ORIENTED_EDGE('',*,*,#1328,.F.);
#1749=ORIENTED_EDGE('',*,*,#1329,.F.);
#1750=ORIENTED_EDGE('',*,*,#1328,.T.);
#1751=ORIENTED_EDGE('',*,*,#1330,.F.);
#1752=ORIENTED_EDGE('',*,*,#1331,.F.);
#1753=ORIENTED_EDGE('',*,*,#1332,.F.);
#1754=ORIENTED_EDGE('',*,*,#1331,.T.);
#1755=ORIENTED_EDGE('',*,*,#1333,.F.);
#1756=ORIENTED_EDGE('',*,*,#1334,.F.);
#1757=ORIENTED_EDGE('',*,*,#1335,.F.);
#1758=ORIENTED_EDGE('',*,*,#1334,.T.);
#1759=ORIENTED_EDGE('',*,*,#1336,.F.);
#1760=ORIENTED_EDGE('',*,*,#1314,.F.);
#1761=ORIENTED_EDGE('',*,*,#1337,.F.);
#1762=ORIENTED_EDGE('',*,*,#1338,.T.);
#1763=ORIENTED_EDGE('',*,*,#1339,.F.);
#1764=ORIENTED_EDGE('',*,*,#1340,.F.);
#1765=ORIENTED_EDGE('',*,*,#1341,.F.);
#1766=ORIENTED_EDGE('',*,*,#1340,.T.);
#1767=ORIENTED_EDGE('',*,*,#1342,.F.);
#1768=ORIENTED_EDGE('',*,*,#1343,.F.);
#1769=ORIENTED_EDGE('',*,*,#1344,.F.);
#1770=ORIENTED_EDGE('',*,*,#1343,.T.);
#1771=ORIENTED_EDGE('',*,*,#1345,.F.);
#1772=ORIENTED_EDGE('',*,*,#1346,.F.);
#1773=ORIENTED_EDGE('',*,*,#1347,.F.);
#1774=ORIENTED_EDGE('',*,*,#1346,.T.);
#1775=ORIENTED_EDGE('',*,*,#1348,.F.);
#1776=ORIENTED_EDGE('',*,*,#1349,.F.);
#1777=ORIENTED_EDGE('',*,*,#1350,.F.);
#1778=ORIENTED_EDGE('',*,*,#1349,.T.);
#1779=ORIENTED_EDGE('',*,*,#1351,.F.);
#1780=ORIENTED_EDGE('',*,*,#1352,.F.);
#1781=ORIENTED_EDGE('',*,*,#1353,.F.);
#1782=ORIENTED_EDGE('',*,*,#1352,.T.);
#1783=ORIENTED_EDGE('',*,*,#1354,.F.);
#1784=ORIENTED_EDGE('',*,*,#1355,.F.);
#1785=ORIENTED_EDGE('',*,*,#1356,.F.);
#1786=ORIENTED_EDGE('',*,*,#1355,.T.);
#1787=ORIENTED_EDGE('',*,*,#1357,.F.);
#1788=ORIENTED_EDGE('',*,*,#1358,.F.);
#1789=ORIENTED_EDGE('',*,*,#1359,.F.);
#1790=ORIENTED_EDGE('',*,*,#1358,.T.);
#1791=ORIENTED_EDGE('',*,*,#1360,.F.);
#1792=ORIENTED_EDGE('',*,*,#1338,.F.);
#1793=ORIENTED_EDGE('',*,*,#1361,.F.);
#1794=ORIENTED_EDGE('',*,*,#1362,.T.);
#1795=ORIENTED_EDGE('',*,*,#1363,.F.);
#1796=ORIENTED_EDGE('',*,*,#1364,.F.);
#1797=ORIENTED_EDGE('',*,*,#1365,.F.);
#1798=ORIENTED_EDGE('',*,*,#1364,.T.);
#1799=ORIENTED_EDGE('',*,*,#1366,.F.);
#1800=ORIENTED_EDGE('',*,*,#1367,.F.);
#1801=ORIENTED_EDGE('',*,*,#1368,.F.);
#1802=ORIENTED_EDGE('',*,*,#1367,.T.);
#1803=ORIENTED_EDGE('',*,*,#1369,.F.);
#1804=ORIENTED_EDGE('',*,*,#1370,.F.);
#1805=ORIENTED_EDGE('',*,*,#1371,.F.);
#1806=ORIENTED_EDGE('',*,*,#1370,.T.);
#1807=ORIENTED_EDGE('',*,*,#1372,.F.);
#1808=ORIENTED_EDGE('',*,*,#1373,.F.);
#1809=ORIENTED_EDGE('',*,*,#1374,.F.);
#1810=ORIENTED_EDGE('',*,*,#1373,.T.);
#1811=ORIENTED_EDGE('',*,*,#1375,.F.);
#1812=ORIENTED_EDGE('',*,*,#1376,.F.);
#1813=ORIENTED_EDGE('',*,*,#1377,.F.);
#1814=ORIENTED_EDGE('',*,*,#1376,.T.);
#1815=ORIENTED_EDGE('',*,*,#1378,.F.);
#1816=ORIENTED_EDGE('',*,*,#1379,.F.);
#1817=ORIENTED_EDGE('',*,*,#1380,.F.);
#1818=ORIENTED_EDGE('',*,*,#1379,.T.);
#1819=ORIENTED_EDGE('',*,*,#1381,.F.);
#1820=ORIENTED_EDGE('',*,*,#1382,.F.);
#1821=ORIENTED_EDGE('',*,*,#1383,.F.);
#1822=ORIENTED_EDGE('',*,*,#1382,.T.);
#1823=ORIENTED_EDGE('',*,*,#1384,.F.);
#1824=ORIENTED_EDGE('',*,*,#1362,.F.);
#1825=ORIENTED_EDGE('',*,*,#1385,.F.);
#1826=ORIENTED_EDGE('',*,*,#1386,.T.);
#1827=ORIENTED_EDGE('',*,*,#1387,.F.);
#1828=ORIENTED_EDGE('',*,*,#1386,.F.);
#1829=ORIENTED_EDGE('',*,*,#1385,.T.);
#1830=ORIENTED_EDGE('',*,*,#1388,.F.);
#1831=ORIENTED_EDGE('',*,*,#1389,.T.);
#1832=ORIENTED_EDGE('',*,*,#1390,.F.);
#1833=ORIENTED_EDGE('',*,*,#1389,.F.);
#1834=ORIENTED_EDGE('',*,*,#1388,.T.);
#1835=ORIENTED_EDGE('',*,*,#1391,.F.);
#1836=ORIENTED_EDGE('',*,*,#1392,.T.);
#1837=ORIENTED_EDGE('',*,*,#1393,.F.);
#1838=ORIENTED_EDGE('',*,*,#1392,.F.);
#1839=ORIENTED_EDGE('',*,*,#1391,.T.);
#1840=ORIENTED_EDGE('',*,*,#1394,.F.);
#1841=ORIENTED_EDGE('',*,*,#1395,.T.);
#1842=ORIENTED_EDGE('',*,*,#1396,.F.);
#1843=ORIENTED_EDGE('',*,*,#1395,.F.);
#1844=ORIENTED_EDGE('',*,*,#1394,.T.);
#1845=ORIENTED_EDGE('',*,*,#1397,.T.);
#1846=ORIENTED_EDGE('',*,*,#1398,.T.);
#1847=ORIENTED_EDGE('',*,*,#1399,.T.);
#1848=ORIENTED_EDGE('',*,*,#1400,.T.);
#1849=ORIENTED_EDGE('',*,*,#1401,.T.);
#1850=ORIENTED_EDGE('',*,*,#1402,.T.);
#1851=ORIENTED_EDGE('',*,*,#1403,.T.);
#1852=ORIENTED_EDGE('',*,*,#1404,.T.);
#1853=ORIENTED_EDGE('',*,*,#1405,.T.);
#1854=ORIENTED_EDGE('',*,*,#1402,.F.);
#1855=ORIENTED_EDGE('',*,*,#1406,.F.);
#1856=ORIENTED_EDGE('',*,*,#1400,.F.);
#1857=ORIENTED_EDGE('',*,*,#1158,.T.);
#1858=ORIENTED_EDGE('',*,*,#1161,.T.);
#1859=ORIENTED_EDGE('',*,*,#1164,.T.);
#1860=ORIENTED_EDGE('',*,*,#1167,.T.);
#1861=ORIENTED_EDGE('',*,*,#1145,.T.);
#1862=ORIENTED_EDGE('',*,*,#1149,.T.);
#1863=ORIENTED_EDGE('',*,*,#1152,.T.);
#1864=ORIENTED_EDGE('',*,*,#1155,.T.);
#1865=ORIENTED_EDGE('',*,*,#1182,.T.);
#1866=ORIENTED_EDGE('',*,*,#1185,.T.);
#1867=ORIENTED_EDGE('',*,*,#1188,.T.);
#1868=ORIENTED_EDGE('',*,*,#1191,.T.);
#1869=ORIENTED_EDGE('',*,*,#1169,.T.);
#1870=ORIENTED_EDGE('',*,*,#1173,.T.);
#1871=ORIENTED_EDGE('',*,*,#1176,.T.);
#1872=ORIENTED_EDGE('',*,*,#1179,.T.);
#1873=ORIENTED_EDGE('',*,*,#1206,.T.);
#1874=ORIENTED_EDGE('',*,*,#1209,.T.);
#1875=ORIENTED_EDGE('',*,*,#1212,.T.);
#1876=ORIENTED_EDGE('',*,*,#1215,.T.);
#1877=ORIENTED_EDGE('',*,*,#1193,.T.);
#1878=ORIENTED_EDGE('',*,*,#1197,.T.);
#1879=ORIENTED_EDGE('',*,*,#1200,.T.);
#1880=ORIENTED_EDGE('',*,*,#1203,.T.);
#1881=ORIENTED_EDGE('',*,*,#1230,.T.);
#1882=ORIENTED_EDGE('',*,*,#1233,.T.);
#1883=ORIENTED_EDGE('',*,*,#1236,.T.);
#1884=ORIENTED_EDGE('',*,*,#1239,.T.);
#1885=ORIENTED_EDGE('',*,*,#1217,.T.);
#1886=ORIENTED_EDGE('',*,*,#1221,.T.);
#1887=ORIENTED_EDGE('',*,*,#1224,.T.);
#1888=ORIENTED_EDGE('',*,*,#1227,.T.);
#1889=ORIENTED_EDGE('',*,*,#1254,.T.);
#1890=ORIENTED_EDGE('',*,*,#1257,.T.);
#1891=ORIENTED_EDGE('',*,*,#1260,.T.);
#1892=ORIENTED_EDGE('',*,*,#1263,.T.);
#1893=ORIENTED_EDGE('',*,*,#1241,.T.);
#1894=ORIENTED_EDGE('',*,*,#1245,.T.);
#1895=ORIENTED_EDGE('',*,*,#1248,.T.);
#1896=ORIENTED_EDGE('',*,*,#1251,.T.);
#1897=ORIENTED_EDGE('',*,*,#1278,.T.);
#1898=ORIENTED_EDGE('',*,*,#1281,.T.);
#1899=ORIENTED_EDGE('',*,*,#1284,.T.);
#1900=ORIENTED_EDGE('',*,*,#1287,.T.);
#1901=ORIENTED_EDGE('',*,*,#1265,.T.);
#1902=ORIENTED_EDGE('',*,*,#1269,.T.);
#1903=ORIENTED_EDGE('',*,*,#1272,.T.);
#1904=ORIENTED_EDGE('',*,*,#1275,.T.);
#1905=ORIENTED_EDGE('',*,*,#1302,.T.);
#1906=ORIENTED_EDGE('',*,*,#1305,.T.);
#1907=ORIENTED_EDGE('',*,*,#1308,.T.);
#1908=ORIENTED_EDGE('',*,*,#1311,.T.);
#1909=ORIENTED_EDGE('',*,*,#1289,.T.);
#1910=ORIENTED_EDGE('',*,*,#1293,.T.);
#1911=ORIENTED_EDGE('',*,*,#1296,.T.);
#1912=ORIENTED_EDGE('',*,*,#1299,.T.);
#1913=ORIENTED_EDGE('',*,*,#1326,.T.);
#1914=ORIENTED_EDGE('',*,*,#1329,.T.);
#1915=ORIENTED_EDGE('',*,*,#1332,.T.);
#1916=ORIENTED_EDGE('',*,*,#1335,.T.);
#1917=ORIENTED_EDGE('',*,*,#1313,.T.);
#1918=ORIENTED_EDGE('',*,*,#1317,.T.);
#1919=ORIENTED_EDGE('',*,*,#1320,.T.);
#1920=ORIENTED_EDGE('',*,*,#1323,.T.);
#1921=ORIENTED_EDGE('',*,*,#1350,.T.);
#1922=ORIENTED_EDGE('',*,*,#1353,.T.);
#1923=ORIENTED_EDGE('',*,*,#1356,.T.);
#1924=ORIENTED_EDGE('',*,*,#1359,.T.);
#1925=ORIENTED_EDGE('',*,*,#1337,.T.);
#1926=ORIENTED_EDGE('',*,*,#1341,.T.);
#1927=ORIENTED_EDGE('',*,*,#1344,.T.);
#1928=ORIENTED_EDGE('',*,*,#1347,.T.);
#1929=ORIENTED_EDGE('',*,*,#1374,.T.);
#1930=ORIENTED_EDGE('',*,*,#1377,.T.);
#1931=ORIENTED_EDGE('',*,*,#1380,.T.);
#1932=ORIENTED_EDGE('',*,*,#1383,.T.);
#1933=ORIENTED_EDGE('',*,*,#1361,.T.);
#1934=ORIENTED_EDGE('',*,*,#1365,.T.);
#1935=ORIENTED_EDGE('',*,*,#1368,.T.);
#1936=ORIENTED_EDGE('',*,*,#1371,.T.);
#1937=ORIENTED_EDGE('',*,*,#1407,.T.);
#1938=ORIENTED_EDGE('',*,*,#1403,.F.);
#1939=ORIENTED_EDGE('',*,*,#1405,.F.);
#1940=ORIENTED_EDGE('',*,*,#1399,.F.);
#1941=ORIENTED_EDGE('',*,*,#1408,.T.);
#1942=ORIENTED_EDGE('',*,*,#1404,.F.);
#1943=ORIENTED_EDGE('',*,*,#1407,.F.);
#1944=ORIENTED_EDGE('',*,*,#1398,.F.);
#1945=ORIENTED_EDGE('',*,*,#1159,.T.);
#1946=ORIENTED_EDGE('',*,*,#1156,.T.);
#1947=ORIENTED_EDGE('',*,*,#1153,.T.);
#1948=ORIENTED_EDGE('',*,*,#1150,.T.);
#1949=ORIENTED_EDGE('',*,*,#1147,.T.);
#1950=ORIENTED_EDGE('',*,*,#1168,.T.);
#1951=ORIENTED_EDGE('',*,*,#1165,.T.);
#1952=ORIENTED_EDGE('',*,*,#1162,.T.);
#1953=ORIENTED_EDGE('',*,*,#1183,.T.);
#1954=ORIENTED_EDGE('',*,*,#1180,.T.);
#1955=ORIENTED_EDGE('',*,*,#1177,.T.);
#1956=ORIENTED_EDGE('',*,*,#1174,.T.);
#1957=ORIENTED_EDGE('',*,*,#1171,.T.);
#1958=ORIENTED_EDGE('',*,*,#1192,.T.);
#1959=ORIENTED_EDGE('',*,*,#1189,.T.);
#1960=ORIENTED_EDGE('',*,*,#1186,.T.);
#1961=ORIENTED_EDGE('',*,*,#1207,.T.);
#1962=ORIENTED_EDGE('',*,*,#1204,.T.);
#1963=ORIENTED_EDGE('',*,*,#1201,.T.);
#1964=ORIENTED_EDGE('',*,*,#1198,.T.);
#1965=ORIENTED_EDGE('',*,*,#1195,.T.);
#1966=ORIENTED_EDGE('',*,*,#1216,.T.);
#1967=ORIENTED_EDGE('',*,*,#1213,.T.);
#1968=ORIENTED_EDGE('',*,*,#1210,.T.);
#1969=ORIENTED_EDGE('',*,*,#1231,.T.);
#1970=ORIENTED_EDGE('',*,*,#1228,.T.);
#1971=ORIENTED_EDGE('',*,*,#1225,.T.);
#1972=ORIENTED_EDGE('',*,*,#1222,.T.);
#1973=ORIENTED_EDGE('',*,*,#1219,.T.);
#1974=ORIENTED_EDGE('',*,*,#1240,.T.);
#1975=ORIENTED_EDGE('',*,*,#1237,.T.);
#1976=ORIENTED_EDGE('',*,*,#1234,.T.);
#1977=ORIENTED_EDGE('',*,*,#1255,.T.);
#1978=ORIENTED_EDGE('',*,*,#1252,.T.);
#1979=ORIENTED_EDGE('',*,*,#1249,.T.);
#1980=ORIENTED_EDGE('',*,*,#1246,.T.);
#1981=ORIENTED_EDGE('',*,*,#1243,.T.);
#1982=ORIENTED_EDGE('',*,*,#1264,.T.);
#1983=ORIENTED_EDGE('',*,*,#1261,.T.);
#1984=ORIENTED_EDGE('',*,*,#1258,.T.);
#1985=ORIENTED_EDGE('',*,*,#1279,.T.);
#1986=ORIENTED_EDGE('',*,*,#1276,.T.);
#1987=ORIENTED_EDGE('',*,*,#1273,.T.);
#1988=ORIENTED_EDGE('',*,*,#1270,.T.);
#1989=ORIENTED_EDGE('',*,*,#1267,.T.);
#1990=ORIENTED_EDGE('',*,*,#1288,.T.);
#1991=ORIENTED_EDGE('',*,*,#1285,.T.);
#1992=ORIENTED_EDGE('',*,*,#1282,.T.);
#1993=ORIENTED_EDGE('',*,*,#1303,.T.);
#1994=ORIENTED_EDGE('',*,*,#1300,.T.);
#1995=ORIENTED_EDGE('',*,*,#1297,.T.);
#1996=ORIENTED_EDGE('',*,*,#1294,.T.);
#1997=ORIENTED_EDGE('',*,*,#1291,.T.);
#1998=ORIENTED_EDGE('',*,*,#1312,.T.);
#1999=ORIENTED_EDGE('',*,*,#1309,.T.);
#2000=ORIENTED_EDGE('',*,*,#1306,.T.);
#2001=ORIENTED_EDGE('',*,*,#1327,.T.);
#2002=ORIENTED_EDGE('',*,*,#1324,.T.);
#2003=ORIENTED_EDGE('',*,*,#1321,.T.);
#2004=ORIENTED_EDGE('',*,*,#1318,.T.);
#2005=ORIENTED_EDGE('',*,*,#1315,.T.);
#2006=ORIENTED_EDGE('',*,*,#1336,.T.);
#2007=ORIENTED_EDGE('',*,*,#1333,.T.);
#2008=ORIENTED_EDGE('',*,*,#1330,.T.);
#2009=ORIENTED_EDGE('',*,*,#1351,.T.);
#2010=ORIENTED_EDGE('',*,*,#1348,.T.);
#2011=ORIENTED_EDGE('',*,*,#1345,.T.);
#2012=ORIENTED_EDGE('',*,*,#1342,.T.);
#2013=ORIENTED_EDGE('',*,*,#1339,.T.);
#2014=ORIENTED_EDGE('',*,*,#1360,.T.);
#2015=ORIENTED_EDGE('',*,*,#1357,.T.);
#2016=ORIENTED_EDGE('',*,*,#1354,.T.);
#2017=ORIENTED_EDGE('',*,*,#1375,.T.);
#2018=ORIENTED_EDGE('',*,*,#1372,.T.);
#2019=ORIENTED_EDGE('',*,*,#1369,.T.);
#2020=ORIENTED_EDGE('',*,*,#1366,.T.);
#2021=ORIENTED_EDGE('',*,*,#1363,.T.);
#2022=ORIENTED_EDGE('',*,*,#1384,.T.);
#2023=ORIENTED_EDGE('',*,*,#1381,.T.);
#2024=ORIENTED_EDGE('',*,*,#1378,.T.);
#2025=ORIENTED_EDGE('',*,*,#1387,.T.);
#2026=ORIENTED_EDGE('',*,*,#1390,.T.);
#2027=ORIENTED_EDGE('',*,*,#1393,.T.);
#2028=ORIENTED_EDGE('',*,*,#1396,.T.);
#2029=ORIENTED_EDGE('',*,*,#1406,.T.);
#2030=ORIENTED_EDGE('',*,*,#1401,.F.);
#2031=ORIENTED_EDGE('',*,*,#1408,.F.);
#2032=ORIENTED_EDGE('',*,*,#1397,.F.);
#2033=PLANE('',#2234);
#2034=PLANE('',#2235);
#2035=PLANE('',#2236);
#2036=PLANE('',#2237);
#2037=PLANE('',#2238);
#2038=PLANE('',#2239);
#2039=PLANE('',#2240);
#2040=PLANE('',#2241);
#2041=PLANE('',#2242);
#2042=PLANE('',#2246);
#2043=PLANE('',#2250);
#2044=PLANE('',#2254);
#2045=PLANE('',#2258);
#2046=PLANE('',#2259);
#2047=PLANE('',#2260);
#2048=PLANE('',#2261);
#2049=PLANE('',#2262);
#2050=PLANE('',#2263);
#2051=PLANE('',#2264);
#2052=PLANE('',#2265);
#2053=PLANE('',#2266);
#2054=PLANE('',#2267);
#2055=PLANE('',#2268);
#2056=PLANE('',#2269);
#2057=PLANE('',#2270);
#2058=PLANE('',#2271);
#2059=PLANE('',#2272);
#2060=PLANE('',#2273);
#2061=PLANE('',#2274);
#2062=PLANE('',#2275);
#2063=PLANE('',#2276);
#2064=PLANE('',#2277);
#2065=PLANE('',#2278);
#2066=PLANE('',#2279);
#2067=PLANE('',#2280);
#2068=PLANE('',#2281);
#2069=PLANE('',#2282);
#2070=PLANE('',#2283);
#2071=PLANE('',#2284);
#2072=PLANE('',#2285);
#2073=PLANE('',#2286);
#2074=PLANE('',#2287);
#2075=PLANE('',#2288);
#2076=PLANE('',#2289);
#2077=PLANE('',#2290);
#2078=PLANE('',#2291);
#2079=PLANE('',#2292);
#2080=PLANE('',#2293);
#2081=PLANE('',#2294);
#2082=PLANE('',#2295);
#2083=PLANE('',#2296);
#2084=PLANE('',#2297);
#2085=PLANE('',#2298);
#2086=PLANE('',#2299);
#2087=PLANE('',#2300);
#2088=PLANE('',#2301);
#2089=PLANE('',#2302);
#2090=PLANE('',#2303);
#2091=PLANE('',#2304);
#2092=PLANE('',#2308);
#2093=PLANE('',#2312);
#2094=PLANE('',#2316);
#2095=PLANE('',#2320);
#2096=PLANE('',#2321);
#2097=PLANE('',#2322);
#2098=PLANE('',#2323);
#2099=PLANE('',#2324);
#2100=PLANE('',#2325);
#2101=PLANE('',#2326);
#2102=ADVANCED_FACE('',(#192),#2033,.T.);
#2103=ADVANCED_FACE('',(#193),#2034,.T.);
#2104=ADVANCED_FACE('',(#194),#2035,.T.);
#2105=ADVANCED_FACE('',(#195),#2036,.T.);
#2106=ADVANCED_FACE('',(#196,#161),#2037,.F.);
#2107=ADVANCED_FACE('',(#197),#2038,.T.);
#2108=ADVANCED_FACE('',(#198),#2039,.T.);
#2109=ADVANCED_FACE('',(#199),#2040,.T.);
#2110=ADVANCED_FACE('',(#200),#2041,.T.);
#2111=ADVANCED_FACE('',(#201),#153,.F.);
#2112=ADVANCED_FACE('',(#202),#2042,.T.);
#2113=ADVANCED_FACE('',(#203),#154,.F.);
#2114=ADVANCED_FACE('',(#204),#2043,.T.);
#2115=ADVANCED_FACE('',(#205),#155,.F.);
#2116=ADVANCED_FACE('',(#206),#2044,.T.);
#2117=ADVANCED_FACE('',(#207),#156,.F.);
#2118=ADVANCED_FACE('',(#208),#2045,.T.);
#2119=ADVANCED_FACE('',(#209,#162),#2046,.T.);
#2120=ADVANCED_FACE('',(#210),#2047,.F.);
#2121=ADVANCED_FACE('',(#211),#2048,.F.);
#2122=ADVANCED_FACE('',(#212),#2049,.F.);
#2123=ADVANCED_FACE('',(#213,#163,#164,#165,#166,#167),#2050,.F.);
#2124=ADVANCED_FACE('',(#214),#2051,.F.);
#2125=ADVANCED_FACE('',(#215),#2052,.T.);
#2126=ADVANCED_FACE('',(#216),#93,.T.);
#2127=ADVANCED_FACE('',(#217),#2053,.T.);
#2128=ADVANCED_FACE('',(#218),#94,.T.);
#2129=ADVANCED_FACE('',(#219),#2054,.T.);
#2130=ADVANCED_FACE('',(#220),#95,.T.);
#2131=ADVANCED_FACE('',(#221),#2055,.T.);
#2132=ADVANCED_FACE('',(#222),#96,.T.);
#2133=ADVANCED_FACE('',(#223),#97,.T.);
#2134=ADVANCED_FACE('',(#224),#2056,.T.);
#2135=ADVANCED_FACE('',(#225),#98,.T.);
#2136=ADVANCED_FACE('',(#226),#2057,.T.);
#2137=ADVANCED_FACE('',(#227),#99,.T.);
#2138=ADVANCED_FACE('',(#228),#2058,.T.);
#2139=ADVANCED_FACE('',(#229),#100,.T.);
#2140=ADVANCED_FACE('',(#230),#2059,.T.);
#2141=ADVANCED_FACE('',(#231),#101,.T.);
#2142=ADVANCED_FACE('',(#232),#2060,.T.);
#2143=ADVANCED_FACE('',(#233),#102,.T.);
#2144=ADVANCED_FACE('',(#234),#2061,.T.);
#2145=ADVANCED_FACE('',(#235),#103,.T.);
#2146=ADVANCED_FACE('',(#236),#2062,.T.);
#2147=ADVANCED_FACE('',(#237),#104,.T.);
#2148=ADVANCED_FACE('',(#238),#2063,.T.);
#2149=ADVANCED_FACE('',(#239),#105,.T.);
#2150=ADVANCED_FACE('',(#240),#2064,.T.);
#2151=ADVANCED_FACE('',(#241),#106,.T.);
#2152=ADVANCED_FACE('',(#242),#2065,.T.);
#2153=ADVANCED_FACE('',(#243),#107,.T.);
#2154=ADVANCED_FACE('',(#244),#2066,.T.);
#2155=ADVANCED_FACE('',(#245),#108,.T.);
#2156=ADVANCED_FACE('',(#246),#2067,.T.);
#2157=ADVANCED_FACE('',(#247),#109,.T.);
#2158=ADVANCED_FACE('',(#248),#2068,.T.);
#2159=ADVANCED_FACE('',(#249),#110,.T.);
#2160=ADVANCED_FACE('',(#250),#2069,.T.);
#2161=ADVANCED_FACE('',(#251),#111,.T.);
#2162=ADVANCED_FACE('',(#252),#2070,.T.);
#2163=ADVANCED_FACE('',(#253),#112,.T.);
#2164=ADVANCED_FACE('',(#254),#2071,.T.);
#2165=ADVANCED_FACE('',(#255),#2072,.T.);
#2166=ADVANCED_FACE('',(#256),#113,.T.);
#2167=ADVANCED_FACE('',(#257),#2073,.T.);
#2168=ADVANCED_FACE('',(#258),#114,.T.);
#2169=ADVANCED_FACE('',(#259),#2074,.T.);
#2170=ADVANCED_FACE('',(#260),#115,.T.);
#2171=ADVANCED_FACE('',(#261),#2075,.T.);
#2172=ADVANCED_FACE('',(#262),#116,.T.);
#2173=ADVANCED_FACE('',(#263),#2076,.T.);
#2174=ADVANCED_FACE('',(#264),#117,.T.);
#2175=ADVANCED_FACE('',(#265),#2077,.T.);
#2176=ADVANCED_FACE('',(#266),#118,.T.);
#2177=ADVANCED_FACE('',(#267),#2078,.T.);
#2178=ADVANCED_FACE('',(#268),#119,.T.);
#2179=ADVANCED_FACE('',(#269),#2079,.T.);
#2180=ADVANCED_FACE('',(#270),#120,.T.);
#2181=ADVANCED_FACE('',(#271),#2080,.T.);
#2182=ADVANCED_FACE('',(#272),#121,.T.);
#2183=ADVANCED_FACE('',(#273),#2081,.T.);
#2184=ADVANCED_FACE('',(#274),#122,.T.);
#2185=ADVANCED_FACE('',(#275),#2082,.T.);
#2186=ADVANCED_FACE('',(#276),#123,.T.);
#2187=ADVANCED_FACE('',(#277),#2083,.T.);
#2188=ADVANCED_FACE('',(#278),#124,.T.);
#2189=ADVANCED_FACE('',(#279),#2084,.T.);
#2190=ADVANCED_FACE('',(#280),#125,.T.);
#2191=ADVANCED_FACE('',(#281),#2085,.T.);
#2192=ADVANCED_FACE('',(#282),#126,.T.);
#2193=ADVANCED_FACE('',(#283),#2086,.T.);
#2194=ADVANCED_FACE('',(#284),#127,.T.);
#2195=ADVANCED_FACE('',(#285),#2087,.T.);
#2196=ADVANCED_FACE('',(#286),#128,.T.);
#2197=ADVANCED_FACE('',(#287),#2088,.T.);
#2198=ADVANCED_FACE('',(#288),#129,.T.);
#2199=ADVANCED_FACE('',(#289),#2089,.T.);
#2200=ADVANCED_FACE('',(#290),#130,.T.);
#2201=ADVANCED_FACE('',(#291),#2090,.T.);
#2202=ADVANCED_FACE('',(#292),#131,.T.);
#2203=ADVANCED_FACE('',(#293),#2091,.T.);
#2204=ADVANCED_FACE('',(#294),#132,.T.);
#2205=ADVANCED_FACE('',(#295),#157,.F.);
#2206=ADVANCED_FACE('',(#296),#2092,.T.);
#2207=ADVANCED_FACE('',(#297),#158,.F.);
#2208=ADVANCED_FACE('',(#298),#2093,.T.);
#2209=ADVANCED_FACE('',(#299),#159,.F.);
#2210=ADVANCED_FACE('',(#300),#2094,.T.);
#2211=ADVANCED_FACE('',(#301),#160,.F.);
#2212=ADVANCED_FACE('',(#302),#2095,.T.);
#2213=ADVANCED_FACE('',(#303),#2096,.T.);
#2214=ADVANCED_FACE('',(#304),#2097,.F.);
#2215=ADVANCED_FACE('',(#305,#168,#169,#170,#171,#172,#173,#174,#175,#176,
#177),#2098,.F.);
#2216=ADVANCED_FACE('',(#306),#2099,.F.);
#2217=ADVANCED_FACE('',(#307,#178,#179,#180,#181,#182,#183,#184,#185,#186,
#187,#188,#189,#190,#191),#2100,.F.);
#2218=ADVANCED_FACE('',(#308),#2101,.F.);
#2219=CLOSED_SHELL('',(#2102,#2103,#2104,#2105,#2106,#2107,#2108,#2109,
#2110,#2111,#2112,#2113,#2114,#2115,#2116,#2117,#2118,#2119,#2120,#2121,
#2122,#2123,#2124));
#2220=CLOSED_SHELL('',(#2125,#2126,#2127,#2128,#2129,#2130,#2131,#2132,
#2133,#2134,#2135,#2136,#2137,#2138,#2139,#2140,#2141,#2142,#2143,#2144,
#2145,#2146,#2147,#2148,#2149,#2150,#2151,#2152,#2153,#2154,#2155,#2156,
#2157,#2158,#2159,#2160,#2161,#2162,#2163,#2164,#2165,#2166,#2167,#2168,
#2169,#2170,#2171,#2172,#2173,#2174,#2175,#2176,#2177,#2178,#2179,#2180,
#2181,#2182,#2183,#2184,#2185,#2186,#2187,#2188,#2189,#2190,#2191,#2192,
#2193,#2194,#2195,#2196,#2197,#2198,#2199,#2200,#2201,#2202,#2203,#2204,
#2205,#2206,#2207,#2208,#2209,#2210,#2211,#2212,#2213,#2214,#2215,#2216,
#2217,#2218));
#2221=DERIVED_UNIT_ELEMENT(#2223,1.);
#2222=DERIVED_UNIT_ELEMENT(#4214,-3.);
#2223=(
MASS_UNIT()
NAMED_UNIT(*)
SI_UNIT(.KILO.,.GRAM.)
);
#2224=DERIVED_UNIT((#2221,#2222));
#2225=MEASURE_REPRESENTATION_ITEM('density measure',
POSITIVE_RATIO_MEASURE(7850.),#2224);
#2226=PROPERTY_DEFINITION_REPRESENTATION(#2231,#2228);
#2227=PROPERTY_DEFINITION_REPRESENTATION(#2232,#2229);
#2228=REPRESENTATION('material name',(#2230),#4211);
#2229=REPRESENTATION('density',(#2225),#4211);
#2230=DESCRIPTIVE_REPRESENTATION_ITEM('Steel','Steel');
#2231=PROPERTY_DEFINITION('material property','material name',#4221);
#2232=PROPERTY_DEFINITION('material property','density of part',#4221);
#2233=AXIS2_PLACEMENT_3D('',#2731,#2327,#2328);
#2234=AXIS2_PLACEMENT_3D('',#2732,#2329,#2330);
#2235=AXIS2_PLACEMENT_3D('',#2741,#2335,#2336);
#2236=AXIS2_PLACEMENT_3D('',#2747,#2340,#2341);
#2237=AXIS2_PLACEMENT_3D('',#2753,#2345,#2346);
#2238=AXIS2_PLACEMENT_3D('',#2756,#2349,#2350);
#2239=AXIS2_PLACEMENT_3D('',#2765,#2355,#2356);
#2240=AXIS2_PLACEMENT_3D('',#2771,#2360,#2361);
#2241=AXIS2_PLACEMENT_3D('',#2777,#2365,#2366);
#2242=AXIS2_PLACEMENT_3D('',#2779,#2368,#2369);
#2243=AXIS2_PLACEMENT_3D('',#2781,#2371,#2372);
#2244=AXIS2_PLACEMENT_3D('',#2783,#2373,#2374);
#2245=AXIS2_PLACEMENT_3D('',#2786,#2376,#2377);
#2246=AXIS2_PLACEMENT_3D('',#2787,#2378,#2379);
#2247=AXIS2_PLACEMENT_3D('',#2788,#2380,#2381);
#2248=AXIS2_PLACEMENT_3D('',#2790,#2382,#2383);
#2249=AXIS2_PLACEMENT_3D('',#2793,#2385,#2386);
#2250=AXIS2_PLACEMENT_3D('',#2794,#2387,#2388);
#2251=AXIS2_PLACEMENT_3D('',#2795,#2389,#2390);
#2252=AXIS2_PLACEMENT_3D('',#2797,#2391,#2392);
#2253=AXIS2_PLACEMENT_3D('',#2800,#2394,#2395);
#2254=AXIS2_PLACEMENT_3D('',#2801,#2396,#2397);
#2255=AXIS2_PLACEMENT_3D('',#2802,#2398,#2399);
#2256=AXIS2_PLACEMENT_3D('',#2804,#2400,#2401);
#2257=AXIS2_PLACEMENT_3D('',#2807,#2403,#2404);
#2258=AXIS2_PLACEMENT_3D('',#2808,#2405,#2406);
#2259=AXIS2_PLACEMENT_3D('',#2809,#2407,#2408);
#2260=AXIS2_PLACEMENT_3D('',#2818,#2413,#2414);
#2261=AXIS2_PLACEMENT_3D('',#2827,#2419,#2420);
#2262=AXIS2_PLACEMENT_3D('',#2830,#2423,#2424);
#2263=AXIS2_PLACEMENT_3D('',#2832,#2426,#2427);
#2264=AXIS2_PLACEMENT_3D('',#2834,#2429,#2430);
#2265=AXIS2_PLACEMENT_3D('',#2835,#2431,#2432);
#2266=AXIS2_PLACEMENT_3D('',#2871,#2438,#2439);
#2267=AXIS2_PLACEMENT_3D('',#2904,#2444,#2445);
#2268=AXIS2_PLACEMENT_3D('',#2937,#2450,#2451);
#2269=AXIS2_PLACEMENT_3D('',#2997,#2457,#2458);
#2270=AXIS2_PLACEMENT_3D('',#3030,#2463,#2464);
#2271=AXIS2_PLACEMENT_3D('',#3063,#2469,#2470);
#2272=AXIS2_PLACEMENT_3D('',#3096,#2475,#2476);
#2273=AXIS2_PLACEMENT_3D('',#3129,#2481,#2482);
#2274=AXIS2_PLACEMENT_3D('',#3162,#2487,#2488);
#2275=AXIS2_PLACEMENT_3D('',#3195,#2493,#2494);
#2276=AXIS2_PLACEMENT_3D('',#3228,#2499,#2500);
#2277=AXIS2_PLACEMENT_3D('',#3261,#2505,#2506);
#2278=AXIS2_PLACEMENT_3D('',#3294,#2511,#2512);
#2279=AXIS2_PLACEMENT_3D('',#3327,#2517,#2518);
#2280=AXIS2_PLACEMENT_3D('',#3360,#2523,#2524);
#2281=AXIS2_PLACEMENT_3D('',#3393,#2529,#2530);
#2282=AXIS2_PLACEMENT_3D('',#3426,#2535,#2536);
#2283=AXIS2_PLACEMENT_3D('',#3459,#2541,#2542);
#2284=AXIS2_PLACEMENT_3D('',#3492,#2547,#2548);
#2285=AXIS2_PLACEMENT_3D('',#3495,#2551,#2552);
#2286=AXIS2_PLACEMENT_3D('',#3531,#2558,#2559);
#2287=AXIS2_PLACEMENT_3D('',#3564,#2564,#2565);
#2288=AXIS2_PLACEMENT_3D('',#3597,#2570,#2571);
#2289=AXIS2_PLACEMENT_3D('',#3627,#2575,#2576);
#2290=AXIS2_PLACEMENT_3D('',#3663,#2582,#2583);
#2291=AXIS2_PLACEMENT_3D('',#3696,#2588,#2589);
#2292=AXIS2_PLACEMENT_3D('',#3729,#2594,#2595);
#2293=AXIS2_PLACEMENT_3D('',#3759,#2599,#2600);
#2294=AXIS2_PLACEMENT_3D('',#3795,#2606,#2607);
#2295=AXIS2_PLACEMENT_3D('',#3828,#2612,#2613);
#2296=AXIS2_PLACEMENT_3D('',#3861,#2618,#2619);
#2297=AXIS2_PLACEMENT_3D('',#3891,#2623,#2624);
#2298=AXIS2_PLACEMENT_3D('',#3927,#2630,#2631);
#2299=AXIS2_PLACEMENT_3D('',#3960,#2636,#2637);
#2300=AXIS2_PLACEMENT_3D('',#3993,#2642,#2643);
#2301=AXIS2_PLACEMENT_3D('',#4023,#2647,#2648);
#2302=AXIS2_PLACEMENT_3D('',#4059,#2654,#2655);
#2303=AXIS2_PLACEMENT_3D('',#4092,#2660,#2661);
#2304=AXIS2_PLACEMENT_3D('',#4125,#2666,#2667);
#2305=AXIS2_PLACEMENT_3D('',#4155,#2671,#2672);
#2306=AXIS2_PLACEMENT_3D('',#4157,#2673,#2674);
#2307=AXIS2_PLACEMENT_3D('',#4160,#2676,#2677);
#2308=AXIS2_PLACEMENT_3D('',#4161,#2678,#2679);
#2309=AXIS2_PLACEMENT_3D('',#4162,#2680,#2681);
#2310=AXIS2_PLACEMENT_3D('',#4164,#2682,#2683);
#2311=AXIS2_PLACEMENT_3D('',#4167,#2685,#2686);
#2312=AXIS2_PLACEMENT_3D('',#4168,#2687,#2688);
#2313=AXIS2_PLACEMENT_3D('',#4169,#2689,#2690);
#2314=AXIS2_PLACEMENT_3D('',#4171,#2691,#2692);
#2315=AXIS2_PLACEMENT_3D('',#4174,#2694,#2695);
#2316=AXIS2_PLACEMENT_3D('',#4175,#2696,#2697);
#2317=AXIS2_PLACEMENT_3D('',#4176,#2698,#2699);
#2318=AXIS2_PLACEMENT_3D('',#4178,#2700,#2701);
#2319=AXIS2_PLACEMENT_3D('',#4181,#2703,#2704);
#2320=AXIS2_PLACEMENT_3D('',#4182,#2705,#2706);
#2321=AXIS2_PLACEMENT_3D('',#4183,#2707,#2708);
#2322=AXIS2_PLACEMENT_3D('',#4192,#2713,#2714);
#2323=AXIS2_PLACEMENT_3D('',#4201,#2719,#2720);
#2324=AXIS2_PLACEMENT_3D('',#4204,#2723,#2724);
#2325=AXIS2_PLACEMENT_3D('',#4206,#2726,#2727);
#2326=AXIS2_PLACEMENT_3D('',#4208,#2729,#2730);
#2327=DIRECTION('axis',(0.,0.,1.));
#2328=DIRECTION('refdir',(1.,0.,0.));
#2329=DIRECTION('center_axis',(0.,2.10874337372848E-16,-1.));
#2330=DIRECTION('ref_axis',(-1.,0.,0.));
#2331=DIRECTION('',(-1.,0.,0.));
#2332=DIRECTION('',(0.,1.,2.10874337372848E-16));
#2333=DIRECTION('',(1.,0.,0.));
#2334=DIRECTION('',(0.,1.,2.10874337372848E-16));
#2335=DIRECTION('center_axis',(1.,0.,0.));
#2336=DIRECTION('ref_axis',(0.,0.,-1.));
#2337=DIRECTION('',(0.,-5.90988626587112E-16,-1.));
#2338=DIRECTION('',(0.,6.00695974861399E-16,1.));
#2339=DIRECTION('',(0.,1.,2.10874337372848E-16));
#2340=DIRECTION('center_axis',(0.,-2.10874337372848E-16,1.));
#2341=DIRECTION('ref_axis',(1.,0.,0.));
#2342=DIRECTION('',(1.,0.,0.));
#2343=DIRECTION('',(-1.,0.,0.));
#2344=DIRECTION('',(0.,1.,2.10874337372848E-16));
#2345=DIRECTION('center_axis',(-1.,0.,0.));
#2346=DIRECTION('ref_axis',(0.,0.,1.));
#2347=DIRECTION('',(0.,5.90988626587112E-16,1.));
#2348=DIRECTION('',(0.,-6.00695974861399E-16,-1.));
#2349=DIRECTION('center_axis',(0.,-1.,5.90988626587112E-16));
#2350=DIRECTION('ref_axis',(0.,-5.90988626587112E-16,-1.));
#2351=DIRECTION('',(-1.,0.,0.));
#2352=DIRECTION('',(0.,5.90988626587112E-16,1.));
#2353=DIRECTION('',(1.,0.,0.));
#2354=DIRECTION('',(0.,-5.90988626587112E-16,-1.));
#2355=DIRECTION('center_axis',(1.,0.,0.));
#2356=DIRECTION('ref_axis',(0.,0.,-1.));
#2357=DIRECTION('',(0.,1.,-2.3194658800061E-16));
#2358=DIRECTION('',(0.,1.,-2.3251334789099E-16));
#2359=DIRECTION('',(0.,5.90988626587112E-16,1.));
#2360=DIRECTION('center_axis',(0.,-1.,5.90988626587112E-16));
#2361=DIRECTION('ref_axis',(0.,-5.90988626587112E-16,-1.));
#2362=DIRECTION('',(1.,0.,0.));
#2363=DIRECTION('',(-1.,0.,0.));
#2364=DIRECTION('',(0.,-5.90988626587112E-16,-1.));
#2365=DIRECTION('center_axis',(0.,2.3251334789099E-16,1.));
#2366=DIRECTION('ref_axis',(1.,0.,0.));
#2367=DIRECTION('',(0.,1.,-2.3251334789099E-16));
#2368=DIRECTION('center_axis',(-1.,0.,0.));
#2369=DIRECTION('ref_axis',(0.,0.,1.));
#2370=DIRECTION('',(0.,-1.,2.3194658800061E-16));
#2371=DIRECTION('center_axis',(0.,2.08576396473438E-16,1.));
#2372=DIRECTION('ref_axis',(1.,0.,0.));
#2373=DIRECTION('center_axis',(0.,-1.54420803761317E-15,1.));
#2374=DIRECTION('ref_axis',(1.,0.,0.));
#2375=DIRECTION('',(0.,2.08576396473438E-16,1.));
#2376=DIRECTION('center_axis',(0.,-2.3194658800061E-16,-1.));
#2377=DIRECTION('ref_axis',(1.,0.,0.));
#2378=DIRECTION('center_axis',(0.,-1.54420803761317E-15,1.));
#2379=DIRECTION('ref_axis',(1.,0.,0.));
#2380=DIRECTION('center_axis',(0.,2.08576396473438E-16,1.));
#2381=DIRECTION('ref_axis',(1.,0.,0.));
#2382=DIRECTION('center_axis',(0.,-1.54420803761317E-15,1.));
#2383=DIRECTION('ref_axis',(1.,0.,0.));
#2384=DIRECTION('',(0.,2.08576396473438E-16,1.));
#2385=DIRECTION('center_axis',(0.,-2.3194658800061E-16,-1.));
#2386=DIRECTION('ref_axis',(1.,0.,0.));
#2387=DIRECTION('center_axis',(0.,-1.54420803761317E-15,1.));
#2388=DIRECTION('ref_axis',(1.,0.,0.));
#2389=DIRECTION('center_axis',(0.,2.08576396473438E-16,1.));
#2390=DIRECTION('ref_axis',(1.,0.,0.));
#2391=DIRECTION('center_axis',(0.,-1.54420803761317E-15,1.));
#2392=DIRECTION('ref_axis',(1.,0.,0.));
#2393=DIRECTION('',(0.,2.08576396473438E-16,1.));
#2394=DIRECTION('center_axis',(0.,-2.3194658800061E-16,-1.));
#2395=DIRECTION('ref_axis',(1.,0.,0.));
#2396=DIRECTION('center_axis',(0.,-1.54420803761317E-15,1.));
#2397=DIRECTION('ref_axis',(1.,0.,0.));
#2398=DIRECTION('center_axis',(0.,2.08576396473438E-16,1.));
#2399=DIRECTION('ref_axis',(1.,0.,0.));
#2400=DIRECTION('center_axis',(0.,-1.54420803761317E-15,1.));
#2401=DIRECTION('ref_axis',(1.,0.,0.));
#2402=DIRECTION('',(0.,2.08576396473438E-16,1.));
#2403=DIRECTION('center_axis',(0.,-2.3194658800061E-16,-1.));
#2404=DIRECTION('ref_axis',(1.,0.,0.));
#2405=DIRECTION('center_axis',(0.,-1.54420803761317E-15,1.));
#2406=DIRECTION('ref_axis',(1.,0.,0.));
#2407=DIRECTION('center_axis',(0.,-1.,6.00695974861399E-16));
#2408=DIRECTION('ref_axis',(0.,-6.00695974861399E-16,-1.));
#2409=DIRECTION('',(0.,6.00695974861399E-16,1.));
#2410=DIRECTION('',(-1.,0.,0.));
#2411=DIRECTION('',(0.,-6.00695974861399E-16,-1.));
#2412=DIRECTION('',(1.,0.,0.));
#2413=DIRECTION('center_axis',(0.,-1.,6.00695974861399E-16));
#2414=DIRECTION('ref_axis',(0.,-6.00695974861399E-16,-1.));
#2415=DIRECTION('',(0.,-6.00695974861399E-16,-1.));
#2416=DIRECTION('',(-1.,0.,0.));
#2417=DIRECTION('',(0.,6.00695974861399E-16,1.));
#2418=DIRECTION('',(1.,0.,0.));
#2419=DIRECTION('center_axis',(0.,2.3194658800061E-16,1.));
#2420=DIRECTION('ref_axis',(1.,0.,0.));
#2421=DIRECTION('',(0.,1.,-2.3194658800061E-16));
#2422=DIRECTION('',(0.,1.,-2.3194658800061E-16));
#2423=DIRECTION('center_axis',(1.,0.,0.));
#2424=DIRECTION('ref_axis',(0.,0.,-1.));
#2425=DIRECTION('',(0.,1.,-2.3194658800061E-16));
#2426=DIRECTION('center_axis',(0.,-2.3194658800061E-16,-1.));
#2427=DIRECTION('ref_axis',(-1.,0.,0.));
#2428=DIRECTION('',(0.,1.,-2.3194658800061E-16));
#2429=DIRECTION('center_axis',(-1.,0.,0.));
#2430=DIRECTION('ref_axis',(0.,0.,1.));
#2431=DIRECTION('center_axis',(1.,0.,0.));
#2432=DIRECTION('ref_axis',(0.,0.,-1.));
#2433=DIRECTION('',(0.,-1.,2.24329677942473E-16));
#2434=DIRECTION('',(0.,-5.12618725444557E-16,1.));
#2435=DIRECTION('',(0.,1.,-2.24329677942473E-16));
#2436=DIRECTION('',(0.,-5.12618725444557E-16,1.));
#2437=DIRECTION('',(0.,-5.12618725444557E-16,1.));
#2438=DIRECTION('center_axis',(0.,1.,5.12618725444557E-16));
#2439=DIRECTION('ref_axis',(0.,-5.12618725444557E-16,1.));
#2440=DIRECTION('',(1.,0.,0.));
#2441=DIRECTION('',(-1.,0.,0.));
#2442=DIRECTION('',(0.,-5.12618725444557E-16,1.));
#2443=DIRECTION('',(0.,-5.12618725444557E-16,1.));
#2444=DIRECTION('center_axis',(-1.,0.,0.));
#2445=DIRECTION('ref_axis',(0.,0.,1.));
#2446=DIRECTION('',(0.,1.,-2.24329677942473E-16));
#2447=DIRECTION('',(0.,-1.,2.24329677942473E-16));
#2448=DIRECTION('',(0.,-5.12618725444557E-16,1.));
#2449=DIRECTION('',(0.,-5.12618725444557E-16,1.));
#2450=DIRECTION('center_axis',(0.,-1.,-5.12618725444557E-16));
#2451=DIRECTION('ref_axis',(0.,5.12618725444557E-16,-1.));
#2452=DIRECTION('',(-1.,0.,0.));
#2453=DIRECTION('',(1.,0.,0.));
#2454=DIRECTION('',(0.,-5.12618725444557E-16,1.));
#2455=DIRECTION('',(0.,-5.12618725444557E-16,1.));
#2456=DIRECTION('',(0.,-5.12618725444557E-16,1.));
#2457=DIRECTION('center_axis',(-1.,0.,0.));
#2458=DIRECTION('ref_axis',(0.,0.,1.));
#2459=DIRECTION('',(0.,1.,-2.24329677942473E-16));
#2460=DIRECTION('',(0.,-1.,2.24329677942473E-16));
#2461=DIRECTION('',(0.,-5.12618725444557E-16,1.));
#2462=DIRECTION('',(0.,-5.12618725444557E-16,1.));
#2463=DIRECTION('center_axis',(0.,-1.,-5.12618725444557E-16));
#2464=DIRECTION('ref_axis',(0.,5.12618725444557E-16,-1.));
#2465=DIRECTION('',(-1.,0.,0.));
#2466=DIRECTION('',(1.,0.,0.));
#2467=DIRECTION('',(0.,-5.12618725444557E-16,1.));
#2468=DIRECTION('',(0.,-5.12618725444557E-16,1.));
#2469=DIRECTION('center_axis',(1.,0.,0.));
#2470=DIRECTION('ref_axis',(0.,0.,-1.));
#2471=DIRECTION('',(0.,-1.,2.24329677942473E-16));
#2472=DIRECTION('',(0.,1.,-2.24329677942473E-16));
#2473=DIRECTION('',(0.,-5.12618725444557E-16,1.));
#2474=DIRECTION('',(0.,-5.12618725444557E-16,1.));
#2475=DIRECTION('center_axis',(0.,1.,5.12618725444557E-16));
#2476=DIRECTION('ref_axis',(0.,-5.12618725444557E-16,1.));
#2477=DIRECTION('',(1.,0.,0.));
#2478=DIRECTION('',(-1.,0.,0.));
#2479=DIRECTION('',(0.,-5.12618725444557E-16,1.));
#2480=DIRECTION('',(0.,-5.12618725444557E-16,1.));
#2481=DIRECTION('center_axis',(-1.,0.,0.));
#2482=DIRECTION('ref_axis',(0.,0.,1.));
#2483=DIRECTION('',(0.,1.,-2.24329677942473E-16));
#2484=DIRECTION('',(0.,-1.,2.24329677942473E-16));
#2485=DIRECTION('',(0.,-5.12618725444557E-16,1.));
#2486=DIRECTION('',(0.,-5.12618725444557E-16,1.));
#2487=DIRECTION('center_axis',(0.,-1.,-5.12618725444557E-16));
#2488=DIRECTION('ref_axis',(0.,5.12618725444557E-16,-1.));
#2489=DIRECTION('',(-1.,0.,0.));
#2490=DIRECTION('',(1.,0.,0.));
#2491=DIRECTION('',(0.,-5.12618725444557E-16,1.));
#2492=DIRECTION('',(0.,-5.12618725444557E-16,1.));
#2493=DIRECTION('center_axis',(1.,0.,0.));
#2494=DIRECTION('ref_axis',(0.,0.,-1.));
#2495=DIRECTION('',(0.,-1.,2.24329677942473E-16));
#2496=DIRECTION('',(0.,1.,-2.24329677942473E-16));
#2497=DIRECTION('',(0.,-5.12618725444557E-16,1.));
#2498=DIRECTION('',(0.,-5.12618725444557E-16,1.));
#2499=DIRECTION('center_axis',(0.,1.,5.12618725444557E-16));
#2500=DIRECTION('ref_axis',(0.,-5.12618725444557E-16,1.));
#2501=DIRECTION('',(1.,0.,0.));
#2502=DIRECTION('',(-1.,0.,0.));
#2503=DIRECTION('',(0.,-5.12618725444557E-16,1.));
#2504=DIRECTION('',(0.,-5.12618725444557E-16,1.));
#2505=DIRECTION('center_axis',(-1.,0.,0.));
#2506=DIRECTION('ref_axis',(0.,0.,1.));
#2507=DIRECTION('',(0.,1.,-2.24329677942473E-16));
#2508=DIRECTION('',(0.,-1.,2.24329677942473E-16));
#2509=DIRECTION('',(0.,-5.12618725444557E-16,1.));
#2510=DIRECTION('',(0.,-5.12618725444557E-16,1.));
#2511=DIRECTION('center_axis',(0.,-1.,-5.12618725444557E-16));
#2512=DIRECTION('ref_axis',(0.,5.12618725444557E-16,-1.));
#2513=DIRECTION('',(-1.,0.,0.));
#2514=DIRECTION('',(1.,0.,0.));
#2515=DIRECTION('',(0.,-5.12618725444557E-16,1.));
#2516=DIRECTION('',(0.,-5.12618725444557E-16,1.));
#2517=DIRECTION('center_axis',(1.,0.,0.));
#2518=DIRECTION('ref_axis',(0.,0.,-1.));
#2519=DIRECTION('',(0.,-1.,2.24329677942473E-16));
#2520=DIRECTION('',(0.,1.,-2.24329677942473E-16));
#2521=DIRECTION('',(0.,-5.12618725444557E-16,1.));
#2522=DIRECTION('',(0.,-5.12618725444557E-16,1.));
#2523=DIRECTION('center_axis',(0.,1.,5.12618725444557E-16));
#2524=DIRECTION('ref_axis',(0.,-5.12618725444557E-16,1.));
#2525=DIRECTION('',(1.,0.,0.));
#2526=DIRECTION('',(-1.,0.,0.));
#2527=DIRECTION('',(0.,-5.12618725444557E-16,1.));
#2528=DIRECTION('',(0.,-5.12618725444557E-16,1.));
#2529=DIRECTION('center_axis',(-1.,0.,0.));
#2530=DIRECTION('ref_axis',(0.,0.,1.));
#2531=DIRECTION('',(0.,1.,-2.24329677942473E-16));
#2532=DIRECTION('',(0.,-1.,2.24329677942473E-16));
#2533=DIRECTION('',(0.,-5.12618725444557E-16,1.));
#2534=DIRECTION('',(0.,-5.12618725444557E-16,1.));
#2535=DIRECTION('center_axis',(0.,-1.,-5.12618725444557E-16));
#2536=DIRECTION('ref_axis',(0.,5.12618725444557E-16,-1.));
#2537=DIRECTION('',(-1.,0.,0.));
#2538=DIRECTION('',(1.,0.,0.));
#2539=DIRECTION('',(0.,-5.12618725444557E-16,1.));
#2540=DIRECTION('',(0.,-5.12618725444557E-16,1.));
#2541=DIRECTION('center_axis',(1.,0.,0.));
#2542=DIRECTION('ref_axis',(0.,0.,-1.));
#2543=DIRECTION('',(0.,-1.,2.24329677942473E-16));
#2544=DIRECTION('',(0.,1.,-2.24329677942473E-16));
#2545=DIRECTION('',(0.,-5.12618725444557E-16,1.));
#2546=DIRECTION('',(0.,-5.12618725444557E-16,1.));
#2547=DIRECTION('center_axis',(0.,1.,5.12618725444557E-16));
#2548=DIRECTION('ref_axis',(0.,-5.12618725444557E-16,1.));
#2549=DIRECTION('',(1.,0.,0.));
#2550=DIRECTION('',(-1.,0.,0.));
#2551=DIRECTION('center_axis',(1.,0.,0.));
#2552=DIRECTION('ref_axis',(0.,0.,-1.));
#2553=DIRECTION('',(0.,-1.,2.24329677942473E-16));
#2554=DIRECTION('',(0.,-5.12618725444557E-16,1.));
#2555=DIRECTION('',(0.,1.,-2.24329677942473E-16));
#2556=DIRECTION('',(0.,-5.12618725444557E-16,1.));
#2557=DIRECTION('',(0.,-5.12618725444557E-16,1.));
#2558=DIRECTION('center_axis',(0.,1.,5.12618725444557E-16));
#2559=DIRECTION('ref_axis',(0.,-5.12618725444557E-16,1.));
#2560=DIRECTION('',(1.,0.,0.));
#2561=DIRECTION('',(-1.,0.,0.));
#2562=DIRECTION('',(0.,-5.12618725444557E-16,1.));
#2563=DIRECTION('',(0.,-5.12618725444557E-16,1.));
#2564=DIRECTION('center_axis',(-1.,0.,0.));
#2565=DIRECTION('ref_axis',(0.,0.,1.));
#2566=DIRECTION('',(0.,1.,-2.24329677942473E-16));
#2567=DIRECTION('',(0.,-1.,2.24329677942473E-16));
#2568=DIRECTION('',(0.,-5.12618725444557E-16,1.));
#2569=DIRECTION('',(0.,-5.12618725444557E-16,1.));
#2570=DIRECTION('center_axis',(0.,-1.,-5.12618725444557E-16));
#2571=DIRECTION('ref_axis',(0.,5.12618725444557E-16,-1.));
#2572=DIRECTION('',(-1.,0.,0.));
#2573=DIRECTION('',(1.,0.,0.));
#2574=DIRECTION('',(0.,-5.12618725444557E-16,1.));
#2575=DIRECTION('center_axis',(1.,0.,0.));
#2576=DIRECTION('ref_axis',(0.,0.,-1.));
#2577=DIRECTION('',(0.,-1.,2.24329677942473E-16));
#2578=DIRECTION('',(0.,-5.12618725444557E-16,1.));
#2579=DIRECTION('',(0.,1.,-2.24329677942473E-16));
#2580=DIRECTION('',(0.,-5.12618725444557E-16,1.));
#2581=DIRECTION('',(0.,-5.12618725444557E-16,1.));
#2582=DIRECTION('center_axis',(0.,1.,5.12618725444557E-16));
#2583=DIRECTION('ref_axis',(0.,-5.12618725444557E-16,1.));
#2584=DIRECTION('',(1.,0.,0.));
#2585=DIRECTION('',(-1.,0.,0.));
#2586=DIRECTION('',(0.,-5.12618725444557E-16,1.));
#2587=DIRECTION('',(0.,-5.12618725444557E-16,1.));
#2588=DIRECTION('center_axis',(-1.,0.,0.));
#2589=DIRECTION('ref_axis',(0.,0.,1.));
#2590=DIRECTION('',(0.,1.,-2.24329677942473E-16));
#2591=DIRECTION('',(0.,-1.,2.24329677942473E-16));
#2592=DIRECTION('',(0.,-5.12618725444557E-16,1.));
#2593=DIRECTION('',(0.,-5.12618725444557E-16,1.));
#2594=DIRECTION('center_axis',(0.,-1.,-5.12618725444557E-16));
#2595=DIRECTION('ref_axis',(0.,5.12618725444557E-16,-1.));
#2596=DIRECTION('',(-1.,0.,0.));
#2597=DIRECTION('',(1.,0.,0.));
#2598=DIRECTION('',(0.,-5.12618725444557E-16,1.));
#2599=DIRECTION('center_axis',(1.,0.,0.));
#2600=DIRECTION('ref_axis',(0.,0.,-1.));
#2601=DIRECTION('',(0.,-1.,2.24329677942473E-16));
#2602=DIRECTION('',(0.,-5.12618725444557E-16,1.));
#2603=DIRECTION('',(0.,1.,-2.24329677942473E-16));
#2604=DIRECTION('',(0.,-5.12618725444557E-16,1.));
#2605=DIRECTION('',(0.,-5.12618725444557E-16,1.));
#2606=DIRECTION('center_axis',(0.,1.,5.12618725444557E-16));
#2607=DIRECTION('ref_axis',(0.,-5.12618725444557E-16,1.));
#2608=DIRECTION('',(1.,0.,0.));
#2609=DIRECTION('',(-1.,0.,0.));
#2610=DIRECTION('',(0.,-5.12618725444557E-16,1.));
#2611=DIRECTION('',(0.,-5.12618725444557E-16,1.));
#2612=DIRECTION('center_axis',(-1.,0.,0.));
#2613=DIRECTION('ref_axis',(0.,0.,1.));
#2614=DIRECTION('',(0.,1.,-2.24329677942473E-16));
#2615=DIRECTION('',(0.,-1.,2.24329677942473E-16));
#2616=DIRECTION('',(0.,-5.12618725444557E-16,1.));
#2617=DIRECTION('',(0.,-5.12618725444557E-16,1.));
#2618=DIRECTION('center_axis',(0.,-1.,-5.12618725444557E-16));
#2619=DIRECTION('ref_axis',(0.,5.12618725444557E-16,-1.));
#2620=DIRECTION('',(-1.,0.,0.));
#2621=DIRECTION('',(1.,0.,0.));
#2622=DIRECTION('',(0.,-5.12618725444557E-16,1.));
#2623=DIRECTION('center_axis',(1.,0.,0.));
#2624=DIRECTION('ref_axis',(0.,0.,-1.));
#2625=DIRECTION('',(0.,-1.,2.24329677942473E-16));
#2626=DIRECTION('',(0.,-5.12618725444557E-16,1.));
#2627=DIRECTION('',(0.,1.,-2.24329677942473E-16));
#2628=DIRECTION('',(0.,-5.12618725444557E-16,1.));
#2629=DIRECTION('',(0.,-5.12618725444557E-16,1.));
#2630=DIRECTION('center_axis',(0.,1.,5.12618725444557E-16));
#2631=DIRECTION('ref_axis',(0.,-5.12618725444557E-16,1.));
#2632=DIRECTION('',(1.,0.,0.));
#2633=DIRECTION('',(-1.,0.,0.));
#2634=DIRECTION('',(0.,-5.12618725444557E-16,1.));
#2635=DIRECTION('',(0.,-5.12618725444557E-16,1.));
#2636=DIRECTION('center_axis',(-1.,0.,0.));
#2637=DIRECTION('ref_axis',(0.,0.,1.));
#2638=DIRECTION('',(0.,1.,-2.24329677942473E-16));
#2639=DIRECTION('',(0.,-1.,2.24329677942473E-16));
#2640=DIRECTION('',(0.,-5.12618725444557E-16,1.));
#2641=DIRECTION('',(0.,-5.12618725444557E-16,1.));
#2642=DIRECTION('center_axis',(0.,-1.,-5.12618725444557E-16));
#2643=DIRECTION('ref_axis',(0.,5.12618725444557E-16,-1.));
#2644=DIRECTION('',(-1.,0.,0.));
#2645=DIRECTION('',(1.,0.,0.));
#2646=DIRECTION('',(0.,-5.12618725444557E-16,1.));
#2647=DIRECTION('center_axis',(1.,0.,0.));
#2648=DIRECTION('ref_axis',(0.,0.,-1.));
#2649=DIRECTION('',(0.,-1.,2.24329677942473E-16));
#2650=DIRECTION('',(0.,-5.12618725444557E-16,1.));
#2651=DIRECTION('',(0.,1.,-2.24329677942473E-16));
#2652=DIRECTION('',(0.,-5.12618725444557E-16,1.));
#2653=DIRECTION('',(0.,-5.12618725444557E-16,1.));
#2654=DIRECTION('center_axis',(0.,1.,5.12618725444557E-16));
#2655=DIRECTION('ref_axis',(0.,-5.12618725444557E-16,1.));
#2656=DIRECTION('',(1.,0.,0.));
#2657=DIRECTION('',(-1.,0.,0.));
#2658=DIRECTION('',(0.,-5.12618725444557E-16,1.));
#2659=DIRECTION('',(0.,-5.12618725444557E-16,1.));
#2660=DIRECTION('center_axis',(-1.,0.,0.));
#2661=DIRECTION('ref_axis',(0.,0.,1.));
#2662=DIRECTION('',(0.,1.,-2.24329677942473E-16));
#2663=DIRECTION('',(0.,-1.,2.24329677942473E-16));
#2664=DIRECTION('',(0.,-5.12618725444557E-16,1.));
#2665=DIRECTION('',(0.,-5.12618725444557E-16,1.));
#2666=DIRECTION('center_axis',(0.,-1.,-5.12618725444557E-16));
#2667=DIRECTION('ref_axis',(0.,5.12618725444557E-16,-1.));
#2668=DIRECTION('',(-1.,0.,0.));
#2669=DIRECTION('',(1.,0.,0.));
#2670=DIRECTION('',(0.,-5.12618725444557E-16,1.));
#2671=DIRECTION('center_axis',(0.,1.59456643441281E-16,1.));
#2672=DIRECTION('ref_axis',(1.,0.,0.));
#2673=DIRECTION('center_axis',(0.,-1.86787384676923E-16,1.));
#2674=DIRECTION('ref_axis',(1.,0.,0.));
#2675=DIRECTION('',(0.,1.59456643441281E-16,1.));
#2676=DIRECTION('center_axis',(0.,-2.24329677942473E-16,-1.));
#2677=DIRECTION('ref_axis',(1.,0.,0.));
#2678=DIRECTION('center_axis',(0.,-1.86787384676923E-16,1.));
#2679=DIRECTION('ref_axis',(1.,0.,0.));
#2680=DIRECTION('center_axis',(0.,1.59456643441281E-16,1.));
#2681=DIRECTION('ref_axis',(1.,0.,0.));
#2682=DIRECTION('center_axis',(0.,-1.86787384676923E-16,1.));
#2683=DIRECTION('ref_axis',(1.,0.,0.));
#2684=DIRECTION('',(0.,1.59456643441281E-16,1.));
#2685=DIRECTION('center_axis',(0.,-2.24329677942473E-16,-1.));
#2686=DIRECTION('ref_axis',(1.,0.,0.));
#2687=DIRECTION('center_axis',(0.,-1.86787384676923E-16,1.));
#2688=DIRECTION('ref_axis',(1.,0.,0.));
#2689=DIRECTION('center_axis',(0.,1.59456643441281E-16,1.));
#2690=DIRECTION('ref_axis',(1.,0.,0.));
#2691=DIRECTION('center_axis',(0.,-1.86787384676923E-16,1.));
#2692=DIRECTION('ref_axis',(1.,0.,0.));
#2693=DIRECTION('',(0.,1.59456643441281E-16,1.));
#2694=DIRECTION('center_axis',(0.,-2.24329677942473E-16,-1.));
#2695=DIRECTION('ref_axis',(1.,0.,0.));
#2696=DIRECTION('center_axis',(0.,-1.86787384676923E-16,1.));
#2697=DIRECTION('ref_axis',(1.,0.,0.));
#2698=DIRECTION('center_axis',(0.,1.59456643441281E-16,1.));
#2699=DIRECTION('ref_axis',(1.,0.,0.));
#2700=DIRECTION('center_axis',(0.,-1.86787384676923E-16,1.));
#2701=DIRECTION('ref_axis',(1.,0.,0.));
#2702=DIRECTION('',(0.,1.59456643441281E-16,1.));
#2703=DIRECTION('center_axis',(0.,-2.24329677942473E-16,-1.));
#2704=DIRECTION('ref_axis',(1.,0.,0.));
#2705=DIRECTION('center_axis',(0.,-1.86787384676923E-16,1.));
#2706=DIRECTION('ref_axis',(1.,0.,0.));
#2707=DIRECTION('center_axis',(0.,-1.,1.86286720798261E-15));
#2708=DIRECTION('ref_axis',(0.,-1.86286720798261E-15,-1.));
#2709=DIRECTION('',(0.,1.86286720798261E-15,1.));
#2710=DIRECTION('',(-1.,0.,0.));
#2711=DIRECTION('',(0.,-1.86286720798261E-15,-1.));
#2712=DIRECTION('',(1.,0.,0.));
#2713=DIRECTION('center_axis',(0.,-1.,1.86286720798261E-15));
#2714=DIRECTION('ref_axis',(0.,-1.86286720798261E-15,-1.));
#2715=DIRECTION('',(0.,-1.86286720798261E-15,-1.));
#2716=DIRECTION('',(-1.,0.,0.));
#2717=DIRECTION('',(0.,1.86286720798261E-15,1.));
#2718=DIRECTION('',(1.,0.,0.));
#2719=DIRECTION('center_axis',(0.,2.24329677942473E-16,1.));
#2720=DIRECTION('ref_axis',(1.,0.,0.));
#2721=DIRECTION('',(0.,1.,-2.24329677942473E-16));
#2722=DIRECTION('',(0.,1.,-2.24329677942473E-16));
#2723=DIRECTION('center_axis',(1.,0.,0.));
#2724=DIRECTION('ref_axis',(0.,0.,-1.));
#2725=DIRECTION('',(0.,1.,-2.24329677942473E-16));
#2726=DIRECTION('center_axis',(0.,-2.24329677942473E-16,-1.));
#2727=DIRECTION('ref_axis',(-1.,0.,0.));
#2728=DIRECTION('',(0.,1.,-2.24329677942473E-16));
#2729=DIRECTION('center_axis',(-1.,0.,0.));
#2730=DIRECTION('ref_axis',(0.,0.,1.));
#2731=CARTESIAN_POINT('',(0.,0.,0.));
#2732=CARTESIAN_POINT('Origin',(-2.03838210983198,-33.3930015563965,11.0085));
#2733=CARTESIAN_POINT('',(1.97011789016802,-33.3985038146972,11.0085));
#2734=CARTESIAN_POINT('',(-6.04688210983198,-33.3985038146972,11.0085));
#2735=CARTESIAN_POINT('',(-2.08169105491599,-33.3985038146972,11.0085));
#2736=CARTESIAN_POINT('',(1.97011789016802,-43.3900038146972,11.0085));
#2737=CARTESIAN_POINT('',(1.97011789016802,-33.3930015563965,11.0085));
#2738=CARTESIAN_POINT('',(-6.04688210983198,-43.3900038146972,11.0085));
#2739=CARTESIAN_POINT('',(-1.7066910549161,-43.3900038146972,11.0085));
#2740=CARTESIAN_POINT('',(-6.04688210983198,-33.3930015563965,11.0085));
#2741=CARTESIAN_POINT('Origin',(-6.04688210983198,-33.3930015563965,7.50000000000002));
#2742=CARTESIAN_POINT('',(-6.04688210983198,-33.3985038146972,3.99150000000002));
#2743=CARTESIAN_POINT('',(-6.04688210983198,-33.3985038146972,7.75000000000001));
#2744=CARTESIAN_POINT('',(-6.04688210983198,-43.3900038146972,3.99150000000001));
#2745=CARTESIAN_POINT('',(-6.04688210983198,-43.3900038146972,7.00000000000002));
#2746=CARTESIAN_POINT('',(-6.04688210983198,-33.3930015563965,3.99150000000002));
#2747=CARTESIAN_POINT('Origin',(-2.03838210983198,-33.3930015563965,3.99150000000002));
#2748=CARTESIAN_POINT('',(1.97011789016802,-33.3985038146972,3.99150000000002));
#2749=CARTESIAN_POINT('',(-2.08169105491599,-33.3985038146972,3.99150000000002));
#2750=CARTESIAN_POINT('',(1.97011789016802,-43.3900038146972,3.99150000000001));
#2751=CARTESIAN_POINT('',(-1.7066910549161,-43.3900038146972,3.99150000000001));
#2752=CARTESIAN_POINT('',(1.97011789016802,-33.3930015563965,3.99150000000002));
#2753=CARTESIAN_POINT('Origin',(1.97011789016802,-33.3930015563965,7.50000000000002));
#2754=CARTESIAN_POINT('',(1.97011789016802,-33.3985038146972,7.75000000000001));
#2755=CARTESIAN_POINT('',(1.97011789016802,-43.3900038146972,7.00000000000002));
#2756=CARTESIAN_POINT('Origin',(-2.12500000000001,-33.3985038146972,8.00000000000001));
#2757=CARTESIAN_POINT('',(47.5085,-33.3985038146972,13.));
#2758=CARTESIAN_POINT('',(-51.7585,-33.3985038146972,13.));
#2759=CARTESIAN_POINT('',(-1.75000000000012,-33.3985038146972,13.));
#2760=CARTESIAN_POINT('',(47.5085,-33.3985038146972,2.99150000000001));
#2761=CARTESIAN_POINT('',(47.5085,-33.3985038146972,8.00000000000001));
#2762=CARTESIAN_POINT('',(-51.7585,-33.3985038146972,2.99150000000001));
#2763=CARTESIAN_POINT('',(-2.12500000000001,-33.3985038146972,2.99150000000001));
#2764=CARTESIAN_POINT('',(-51.7585,-33.3985038146972,8.00000000000001));
#2765=CARTESIAN_POINT('Origin',(-51.7585,-3.19500381469724,8.));
#2766=CARTESIAN_POINT('',(-51.7585,27.0084961853028,13.));
#2767=CARTESIAN_POINT('',(-51.7585,-3.19500381469729,13.));
#2768=CARTESIAN_POINT('',(-51.7585,27.0084961853028,2.99149999999999));
#2769=CARTESIAN_POINT('',(-51.7585,-3.19500381469724,2.9915));
#2770=CARTESIAN_POINT('',(-51.7585,27.0084961853028,7.99999999999999));
#2771=CARTESIAN_POINT('Origin',(-2.12500000000001,27.0084961853028,7.99999999999999));
#2772=CARTESIAN_POINT('',(47.5085,27.0084961853028,13.));
#2773=CARTESIAN_POINT('',(-1.75000000000012,27.0084961853028,13.));
#2774=CARTESIAN_POINT('',(47.5085,27.0084961853028,2.99149999999999));
#2775=CARTESIAN_POINT('',(-2.12500000000001,27.0084961853028,2.99149999999999));
#2776=CARTESIAN_POINT('',(47.5085,27.0084961853028,7.99999999999999));
#2777=CARTESIAN_POINT('Origin',(-2.12500000000001,-3.19500381469724,2.9915));
#2778=CARTESIAN_POINT('',(47.5085,-3.19500381469724,2.9915));
#2779=CARTESIAN_POINT('Origin',(47.5085,-3.19500381469724,8.));
#2780=CARTESIAN_POINT('',(47.5085,-3.19500381469729,13.));
#2781=CARTESIAN_POINT('Origin',(-56.2,-38.4500038146972,2.9915));
#2782=CARTESIAN_POINT('',(-57.6585,-38.4500038146972,2.9915));
#2783=CARTESIAN_POINT('Origin',(-56.2,-38.4500038146972,2.9915));
#2784=CARTESIAN_POINT('',(-57.6585,-38.4500038146972,13.));
#2785=CARTESIAN_POINT('',(-57.6585,-38.4500038146972,2.9915));
#2786=CARTESIAN_POINT('Origin',(-56.2,-38.4500038146972,13.));
#2787=CARTESIAN_POINT('Origin',(-56.2,-38.4500038146972,2.9915));
#2788=CARTESIAN_POINT('Origin',(-56.2,31.5499961853028,2.9915));
#2789=CARTESIAN_POINT('',(-57.6585,31.5499961853028,2.9915));
#2790=CARTESIAN_POINT('Origin',(-56.2,31.5499961853028,2.9915));
#2791=CARTESIAN_POINT('',(-57.6585,31.5499961853028,13.));
#2792=CARTESIAN_POINT('',(-57.6585,31.5499961853028,2.9915));
#2793=CARTESIAN_POINT('Origin',(-56.2,31.5499961853028,13.));
#2794=CARTESIAN_POINT('Origin',(-56.2,31.5499961853028,2.9915));
#2795=CARTESIAN_POINT('Origin',(52.8,31.4499961853028,2.9915));
#2796=CARTESIAN_POINT('',(51.3415,31.4499961853028,2.9915));
#2797=CARTESIAN_POINT('Origin',(52.8,31.4499961853028,2.9915));
#2798=CARTESIAN_POINT('',(51.3415,31.4499961853028,13.));
#2799=CARTESIAN_POINT('',(51.3415,31.4499961853028,2.9915));
#2800=CARTESIAN_POINT('Origin',(52.8,31.4499961853028,13.));
#2801=CARTESIAN_POINT('Origin',(52.8,31.4499961853028,2.9915));
#2802=CARTESIAN_POINT('Origin',(52.8,-38.5500038146972,2.9915));
#2803=CARTESIAN_POINT('',(51.3415,-38.5500038146972,2.9915));
#2804=CARTESIAN_POINT('Origin',(52.8,-38.5500038146972,2.9915));
#2805=CARTESIAN_POINT('',(51.3415,-38.5500038146972,13.));
#2806=CARTESIAN_POINT('',(51.3415,-38.5500038146972,2.9915));
#2807=CARTESIAN_POINT('Origin',(52.8,-38.5500038146972,13.));
#2808=CARTESIAN_POINT('Origin',(52.8,-38.5500038146972,2.9915));
#2809=CARTESIAN_POINT('Origin',(-1.37500000000023,-43.3900038146972,6.50000000000001));
#2810=CARTESIAN_POINT('',(58.2499999999995,-43.3900038146972,1.04333169763426E-14));
#2811=CARTESIAN_POINT('',(58.2499999999995,-43.3900038146972,13.));
#2812=CARTESIAN_POINT('',(58.2499999999995,-43.3900038146972,6.50000000000001));
#2813=CARTESIAN_POINT('',(-61.,-43.3900038146972,13.));
#2814=CARTESIAN_POINT('',(-1.37500000000023,-43.3900038146972,13.));
#2815=CARTESIAN_POINT('',(-61.,-43.3900038146972,1.04333169763426E-14));
#2816=CARTESIAN_POINT('',(-61.,-43.3900038146972,6.50000000000001));
#2817=CARTESIAN_POINT('',(-1.37500000000023,-43.3900038146972,1.04333169763426E-14));
#2818=CARTESIAN_POINT('Origin',(-1.37500000000023,36.9999961853026,6.49999999999999));
#2819=CARTESIAN_POINT('',(58.2499999999995,36.9999961853026,13.));
#2820=CARTESIAN_POINT('',(58.2499999999995,36.9999961853026,-8.2128692330264E-15));
#2821=CARTESIAN_POINT('',(58.2499999999995,36.9999961853026,6.49999999999999));
#2822=CARTESIAN_POINT('',(-61.,36.9999961853026,-8.2128692330264E-15));
#2823=CARTESIAN_POINT('',(-1.37500000000023,36.9999961853026,-8.2128692330264E-15));
#2824=CARTESIAN_POINT('',(-61.,36.9999961853026,13.));
#2825=CARTESIAN_POINT('',(-61.,36.9999961853026,6.49999999999999));
#2826=CARTESIAN_POINT('',(-1.37500000000023,36.9999961853026,13.));
#2827=CARTESIAN_POINT('Origin',(-1.37500000000023,-3.19500381469734,1.1102238716581E-15));
#2828=CARTESIAN_POINT('',(-61.,-3.19500381469734,1.1102238716581E-15));
#2829=CARTESIAN_POINT('',(58.2499999999995,-3.19500381469734,1.1102238716581E-15));
#2830=CARTESIAN_POINT('Origin',(-61.,-3.19500381469734,6.5));
#2831=CARTESIAN_POINT('',(-61.,-3.19500381469734,13.));
#2832=CARTESIAN_POINT('Origin',(-1.37500000000023,-3.19500381469734,13.));
#2833=CARTESIAN_POINT('',(58.2499999999995,-3.19500381469734,13.));
#2834=CARTESIAN_POINT('Origin',(58.2499999999995,-3.19500381469734,6.5));
#2835=CARTESIAN_POINT('Origin',(28.7348424327815,8.46915484430852,12.9829518333333));
#2836=CARTESIAN_POINT('',(28.7348424327815,21.4777056940212,13.));
#2837=CARTESIAN_POINT('',(28.7348424327815,8.46915484430852,13.));
#2838=CARTESIAN_POINT('',(28.7348424327815,2.63707742215429,13.));
#2839=CARTESIAN_POINT('',(28.7348424327815,21.4777056940212,16.));
#2840=CARTESIAN_POINT('',(28.7348424327815,21.4777056940212,12.9829518333333));
#2841=CARTESIAN_POINT('',(28.7348424327815,8.46915484430851,16.));
#2842=CARTESIAN_POINT('',(28.7348424327815,2.63707742215429,16.));
#2843=CARTESIAN_POINT('',(28.7348424327815,8.46915484430852,12.9829518333333));
#2844=CARTESIAN_POINT('Ctrl Pts',(29.2350029631742,7.96882596547341,13.));
#2845=CARTESIAN_POINT('Ctrl Pts',(29.2350029631742,7.96882596547341,14.));
#2846=CARTESIAN_POINT('Ctrl Pts',(29.2350029631742,7.96882596547341,15.));
#2847=CARTESIAN_POINT('Ctrl Pts',(29.2350029631742,7.96882596547341,16.));
#2848=CARTESIAN_POINT('Ctrl Pts',(28.9588143182913,7.96882596547341,13.));
#2849=CARTESIAN_POINT('Ctrl Pts',(28.9588143182913,7.96882596547341,14.));
#2850=CARTESIAN_POINT('Ctrl Pts',(28.9588143182913,7.96882596547341,15.));
#2851=CARTESIAN_POINT('Ctrl Pts',(28.9588143182913,7.96882596547341,16.));
#2852=CARTESIAN_POINT('Ctrl Pts',(28.7348424327814,8.19287323741577,13.));
#2853=CARTESIAN_POINT('Ctrl Pts',(28.7348424327814,8.19287323741577,14.));
#2854=CARTESIAN_POINT('Ctrl Pts',(28.7348424327814,8.19287323741577,15.));
#2855=CARTESIAN_POINT('Ctrl Pts',(28.7348424327814,8.19287323741577,16.));
#2856=CARTESIAN_POINT('Ctrl Pts',(28.7348424327814,8.46915484430852,13.));
#2857=CARTESIAN_POINT('Ctrl Pts',(28.7348424327814,8.46915484430852,14.));
#2858=CARTESIAN_POINT('Ctrl Pts',(28.7348424327814,8.46915484430851,15.));
#2859=CARTESIAN_POINT('Ctrl Pts',(28.7348424327814,8.46915484430851,16.));
#2860=CARTESIAN_POINT('',(29.2350029631742,7.96882596547341,13.));
#2861=CARTESIAN_POINT('Ctrl Pts',(28.7348424327814,8.46915484430852,13.));
#2862=CARTESIAN_POINT('Ctrl Pts',(28.7348424327814,8.19287323741577,13.));
#2863=CARTESIAN_POINT('Ctrl Pts',(28.9588143182913,7.96882596547341,13.));
#2864=CARTESIAN_POINT('Ctrl Pts',(29.2350029631742,7.96882596547341,13.));
#2865=CARTESIAN_POINT('',(29.2350029631742,7.96882596547341,16.));
#2866=CARTESIAN_POINT('Ctrl Pts',(29.2350029631742,7.96882596547341,16.));
#2867=CARTESIAN_POINT('Ctrl Pts',(28.9588143182913,7.96882596547341,16.));
#2868=CARTESIAN_POINT('Ctrl Pts',(28.7348424327814,8.19287323741577,16.));
#2869=CARTESIAN_POINT('Ctrl Pts',(28.7348424327814,8.46915484430851,16.));
#2870=CARTESIAN_POINT('',(29.2350029631742,7.96882596547341,12.9829518333333));
#2871=CARTESIAN_POINT('Origin',(42.2391767533876,7.96882596547341,12.9829518333333));
#2872=CARTESIAN_POINT('',(42.2391767533876,7.96882596547341,13.));
#2873=CARTESIAN_POINT('',(20.432088376694,7.96882596547341,13.));
#2874=CARTESIAN_POINT('',(42.2391767533876,7.96882596547341,16.));
#2875=CARTESIAN_POINT('',(20.432088376694,7.96882596547341,16.));
#2876=CARTESIAN_POINT('',(42.2391767533876,7.96882596547341,12.9829518333333));
#2877=CARTESIAN_POINT('Ctrl Pts',(42.7393372837804,8.46915484430852,13.));
#2878=CARTESIAN_POINT('Ctrl Pts',(42.7393372837804,8.46915484430852,14.));
#2879=CARTESIAN_POINT('Ctrl Pts',(42.7393372837804,8.46915484430851,15.));
#2880=CARTESIAN_POINT('Ctrl Pts',(42.7393372837804,8.46915484430851,16.));
#2881=CARTESIAN_POINT('Ctrl Pts',(42.7393372837804,8.19287323741577,13.));
#2882=CARTESIAN_POINT('Ctrl Pts',(42.7393372837804,8.19287323741577,14.));
#2883=CARTESIAN_POINT('Ctrl Pts',(42.7393372837804,8.19287323741577,15.));
#2884=CARTESIAN_POINT('Ctrl Pts',(42.7393372837804,8.19287323741577,16.));
#2885=CARTESIAN_POINT('Ctrl Pts',(42.5153653982705,7.96882596547341,13.));
#2886=CARTESIAN_POINT('Ctrl Pts',(42.5153653982705,7.96882596547341,14.));
#2887=CARTESIAN_POINT('Ctrl Pts',(42.5153653982705,7.96882596547341,15.));
#2888=CARTESIAN_POINT('Ctrl Pts',(42.5153653982705,7.96882596547341,16.));
#2889=CARTESIAN_POINT('Ctrl Pts',(42.2391767533876,7.96882596547341,13.));
#2890=CARTESIAN_POINT('Ctrl Pts',(42.2391767533876,7.96882596547341,14.));
#2891=CARTESIAN_POINT('Ctrl Pts',(42.2391767533876,7.96882596547341,15.));
#2892=CARTESIAN_POINT('Ctrl Pts',(42.2391767533876,7.96882596547341,16.));
#2893=CARTESIAN_POINT('',(42.7393372837804,8.46915484430852,13.));
#2894=CARTESIAN_POINT('Ctrl Pts',(42.2391767533876,7.96882596547341,13.));
#2895=CARTESIAN_POINT('Ctrl Pts',(42.5153653982705,7.96882596547341,13.));
#2896=CARTESIAN_POINT('Ctrl Pts',(42.7393372837804,8.19287323741577,13.));
#2897=CARTESIAN_POINT('Ctrl Pts',(42.7393372837804,8.46915484430852,13.));
#2898=CARTESIAN_POINT('',(42.7393372837804,8.46915484430851,16.));
#2899=CARTESIAN_POINT('Ctrl Pts',(42.7393372837804,8.46915484430851,16.));
#2900=CARTESIAN_POINT('Ctrl Pts',(42.7393372837804,8.19287323741577,16.));
#2901=CARTESIAN_POINT('Ctrl Pts',(42.5153653982705,7.96882596547341,16.));
#2902=CARTESIAN_POINT('Ctrl Pts',(42.2391767533876,7.96882596547341,16.));
#2903=CARTESIAN_POINT('',(42.7393372837804,8.46915484430852,12.9829518333333));
#2904=CARTESIAN_POINT('Origin',(42.7393372837803,21.4777056940212,12.9829518333333));
#2905=CARTESIAN_POINT('',(42.7393372837803,21.4777056940212,13.));
#2906=CARTESIAN_POINT('',(42.7393372837803,9.14135284701061,13.));
#2907=CARTESIAN_POINT('',(42.7393372837803,21.4777056940212,16.));
#2908=CARTESIAN_POINT('',(42.7393372837803,9.14135284701061,16.));
#2909=CARTESIAN_POINT('',(42.7393372837803,21.4777056940212,12.9829518333333));
#2910=CARTESIAN_POINT('Ctrl Pts',(42.2391767533876,21.9780345728563,13.));
#2911=CARTESIAN_POINT('Ctrl Pts',(42.2391767533876,21.9780345728563,14.));
#2912=CARTESIAN_POINT('Ctrl Pts',(42.2391767533876,21.9780345728563,15.));
#2913=CARTESIAN_POINT('Ctrl Pts',(42.2391767533876,21.9780345728563,16.));
#2914=CARTESIAN_POINT('Ctrl Pts',(42.5153653982705,21.9780345728563,13.));
#2915=CARTESIAN_POINT('Ctrl Pts',(42.5153653982705,21.9780345728563,14.));
#2916=CARTESIAN_POINT('Ctrl Pts',(42.5153653982705,21.9780345728563,15.));
#2917=CARTESIAN_POINT('Ctrl Pts',(42.5153653982705,21.9780345728563,16.));
#2918=CARTESIAN_POINT('Ctrl Pts',(42.7393372837804,21.7539873009139,13.));
#2919=CARTESIAN_POINT('Ctrl Pts',(42.7393372837804,21.7539873009139,14.));
#2920=CARTESIAN_POINT('Ctrl Pts',(42.7393372837804,21.7539873009139,15.));
#2921=CARTESIAN_POINT('Ctrl Pts',(42.7393372837804,21.7539873009139,16.));
#2922=CARTESIAN_POINT('Ctrl Pts',(42.7393372837804,21.4777056940212,13.));
#2923=CARTESIAN_POINT('Ctrl Pts',(42.7393372837804,21.4777056940212,14.));
#2924=CARTESIAN_POINT('Ctrl Pts',(42.7393372837804,21.4777056940212,15.));
#2925=CARTESIAN_POINT('Ctrl Pts',(42.7393372837804,21.4777056940212,16.));
#2926=CARTESIAN_POINT('',(42.2391767533876,21.9780345728563,13.));
#2927=CARTESIAN_POINT('Ctrl Pts',(42.7393372837804,21.4777056940212,13.));
#2928=CARTESIAN_POINT('Ctrl Pts',(42.7393372837804,21.7539873009139,13.));
#2929=CARTESIAN_POINT('Ctrl Pts',(42.5153653982705,21.9780345728563,13.));
#2930=CARTESIAN_POINT('Ctrl Pts',(42.2391767533876,21.9780345728563,13.));
#2931=CARTESIAN_POINT('',(42.2391767533876,21.9780345728563,16.));
#2932=CARTESIAN_POINT('Ctrl Pts',(42.2391767533876,21.9780345728563,16.));
#2933=CARTESIAN_POINT('Ctrl Pts',(42.5153653982705,21.9780345728563,16.));
#2934=CARTESIAN_POINT('Ctrl Pts',(42.7393372837804,21.7539873009139,16.));
#2935=CARTESIAN_POINT('Ctrl Pts',(42.7393372837804,21.4777056940212,16.));
#2936=CARTESIAN_POINT('',(42.2391767533876,21.9780345728563,12.9829518333333));
#2937=CARTESIAN_POINT('Origin',(29.2350029631742,21.9780345728563,12.9829518333333));
#2938=CARTESIAN_POINT('',(29.2350029631742,21.9780345728563,13.));
#2939=CARTESIAN_POINT('',(13.9300014815873,21.9780345728563,13.));
#2940=CARTESIAN_POINT('',(29.2350029631742,21.9780345728563,16.));
#2941=CARTESIAN_POINT('',(13.9300014815873,21.9780345728563,16.));
#2942=CARTESIAN_POINT('',(29.2350029631742,21.9780345728563,12.9829518333333));
#2943=CARTESIAN_POINT('Ctrl Pts',(28.7348424327814,21.4777056940212,13.));
#2944=CARTESIAN_POINT('Ctrl Pts',(28.7348424327814,21.4777056940212,14.));
#2945=CARTESIAN_POINT('Ctrl Pts',(28.7348424327814,21.4777056940212,15.));
#2946=CARTESIAN_POINT('Ctrl Pts',(28.7348424327814,21.4777056940212,16.));
#2947=CARTESIAN_POINT('Ctrl Pts',(28.7348424327814,21.7539873009139,13.));
#2948=CARTESIAN_POINT('Ctrl Pts',(28.7348424327814,21.7539873009139,14.));
#2949=CARTESIAN_POINT('Ctrl Pts',(28.7348424327814,21.7539873009139,15.));
#2950=CARTESIAN_POINT('Ctrl Pts',(28.7348424327814,21.7539873009139,16.));
#2951=CARTESIAN_POINT('Ctrl Pts',(28.9588143182913,21.9780345728563,13.));
#2952=CARTESIAN_POINT('Ctrl Pts',(28.9588143182913,21.9780345728563,14.));
#2953=CARTESIAN_POINT('Ctrl Pts',(28.9588143182913,21.9780345728563,15.));
#2954=CARTESIAN_POINT('Ctrl Pts',(28.9588143182913,21.9780345728563,16.));
#2955=CARTESIAN_POINT('Ctrl Pts',(29.2350029631742,21.9780345728563,13.));
#2956=CARTESIAN_POINT('Ctrl Pts',(29.2350029631742,21.9780345728563,14.));
#2957=CARTESIAN_POINT('Ctrl Pts',(29.2350029631742,21.9780345728563,15.));
#2958=CARTESIAN_POINT('Ctrl Pts',(29.2350029631742,21.9780345728563,16.));
#2959=CARTESIAN_POINT('Ctrl Pts',(29.2350029631742,21.9780345728563,13.));
#2960=CARTESIAN_POINT('Ctrl Pts',(28.9588143182913,21.9780345728563,13.));
#2961=CARTESIAN_POINT('Ctrl Pts',(28.7348424327814,21.7539873009139,13.));
#2962=CARTESIAN_POINT('Ctrl Pts',(28.7348424327814,21.4777056940212,13.));
#2963=CARTESIAN_POINT('Ctrl Pts',(28.7348424327814,21.4777056940212,16.));
#2964=CARTESIAN_POINT('Ctrl Pts',(28.7348424327814,21.7539873009139,16.));
#2965=CARTESIAN_POINT('Ctrl Pts',(28.9588143182913,21.9780345728563,16.));
#2966=CARTESIAN_POINT('Ctrl Pts',(29.2350029631742,21.9780345728563,16.));
#2967=CARTESIAN_POINT('Ctrl Pts',(-33.4851275480854,-10.5933754393089,13.));
#2968=CARTESIAN_POINT('Ctrl Pts',(-33.4851275480854,-10.5933754393089,14.));
#2969=CARTESIAN_POINT('Ctrl Pts',(-33.4851275480854,-10.5933754393089,15.));
#2970=CARTESIAN_POINT('Ctrl Pts',(-33.4851275480854,-10.5933754393089,16.0000000000001));
#2971=CARTESIAN_POINT('Ctrl Pts',(-33.4851275480854,-10.8696570462016,13.));
#2972=CARTESIAN_POINT('Ctrl Pts',(-33.4851275480854,-10.8696570462016,14.));
#2973=CARTESIAN_POINT('Ctrl Pts',(-33.4851275480854,-10.8696570462016,15.));
#2974=CARTESIAN_POINT('Ctrl Pts',(-33.4851275480854,-10.8696570462016,16.0000000000001));
#2975=CARTESIAN_POINT('Ctrl Pts',(-33.7090994335953,-11.093704318144,13.));
#2976=CARTESIAN_POINT('Ctrl Pts',(-33.7090994335953,-11.093704318144,14.));
#2977=CARTESIAN_POINT('Ctrl Pts',(-33.7090994335953,-11.093704318144,15.));
#2978=CARTESIAN_POINT('Ctrl Pts',(-33.7090994335953,-11.093704318144,16.0000000000001));
#2979=CARTESIAN_POINT('Ctrl Pts',(-33.9852880784782,-11.093704318144,13.));
#2980=CARTESIAN_POINT('Ctrl Pts',(-33.9852880784782,-11.093704318144,14.));
#2981=CARTESIAN_POINT('Ctrl Pts',(-33.9852880784782,-11.093704318144,15.));
#2982=CARTESIAN_POINT('Ctrl Pts',(-33.9852880784782,-11.093704318144,16.0000000000001));
#2983=CARTESIAN_POINT('',(-33.9852880784782,-11.0937043181439,13.));
#2984=CARTESIAN_POINT('',(-33.4851275480854,-10.5933754393089,13.));
#2985=CARTESIAN_POINT('Ctrl Pts',(-33.9852880784782,-11.093704318144,13.));
#2986=CARTESIAN_POINT('Ctrl Pts',(-33.7090994335953,-11.093704318144,13.));
#2987=CARTESIAN_POINT('Ctrl Pts',(-33.4851275480854,-10.8696570462016,13.));
#2988=CARTESIAN_POINT('Ctrl Pts',(-33.4851275480854,-10.5933754393089,13.));
#2989=CARTESIAN_POINT('',(-33.9852880784782,-11.0937043181439,16.));
#2990=CARTESIAN_POINT('',(-33.9852880784782,-11.0937043181439,12.9829518333333));
#2991=CARTESIAN_POINT('',(-33.4851275480854,-10.5933754393089,16.));
#2992=CARTESIAN_POINT('Ctrl Pts',(-33.4851275480854,-10.5933754393089,16.));
#2993=CARTESIAN_POINT('Ctrl Pts',(-33.4851275480854,-10.8696570462016,16.));
#2994=CARTESIAN_POINT('Ctrl Pts',(-33.7090994335953,-11.093704318144,16.));
#2995=CARTESIAN_POINT('Ctrl Pts',(-33.9852880784782,-11.093704318144,16.));
#2996=CARTESIAN_POINT('',(-33.4851275480854,-10.5933754393089,12.9829518333333));
#2997=CARTESIAN_POINT('Origin',(-33.4851275480854,2.41517541040379,12.9829518333333));
#2998=CARTESIAN_POINT('',(-33.4851275480854,2.41517541040379,13.));
#2999=CARTESIAN_POINT('',(-33.4851275480854,-0.389912294798077,13.));
#3000=CARTESIAN_POINT('',(-33.4851275480854,2.41517541040379,16.));
#3001=CARTESIAN_POINT('',(-33.4851275480854,-0.389912294798073,16.));
#3002=CARTESIAN_POINT('',(-33.4851275480854,2.41517541040379,12.9829518333333));
#3003=CARTESIAN_POINT('Ctrl Pts',(-33.9852880784782,2.91550428923889,13.));
#3004=CARTESIAN_POINT('Ctrl Pts',(-33.9852880784782,2.91550428923889,14.));
#3005=CARTESIAN_POINT('Ctrl Pts',(-33.9852880784782,2.91550428923889,15.));
#3006=CARTESIAN_POINT('Ctrl Pts',(-33.9852880784782,2.91550428923889,16.));
#3007=CARTESIAN_POINT('Ctrl Pts',(-33.7090994335953,2.91550428923889,13.));
#3008=CARTESIAN_POINT('Ctrl Pts',(-33.7090994335953,2.91550428923889,14.));
#3009=CARTESIAN_POINT('Ctrl Pts',(-33.7090994335953,2.91550428923889,15.));
#3010=CARTESIAN_POINT('Ctrl Pts',(-33.7090994335953,2.91550428923889,16.));
#3011=CARTESIAN_POINT('Ctrl Pts',(-33.4851275480854,2.69145701729653,13.));
#3012=CARTESIAN_POINT('Ctrl Pts',(-33.4851275480854,2.69145701729653,14.));
#3013=CARTESIAN_POINT('Ctrl Pts',(-33.4851275480854,2.69145701729653,15.));
#3014=CARTESIAN_POINT('Ctrl Pts',(-33.4851275480854,2.69145701729653,16.));
#3015=CARTESIAN_POINT('Ctrl Pts',(-33.4851275480854,2.41517541040379,13.));
#3016=CARTESIAN_POINT('Ctrl Pts',(-33.4851275480854,2.41517541040379,14.));
#3017=CARTESIAN_POINT('Ctrl Pts',(-33.4851275480854,2.41517541040378,15.));
#3018=CARTESIAN_POINT('Ctrl Pts',(-33.4851275480854,2.41517541040378,16.));
#3019=CARTESIAN_POINT('',(-33.9852880784782,2.91550428923889,13.));
#3020=CARTESIAN_POINT('Ctrl Pts',(-33.4851275480854,2.41517541040379,13.));
#3021=CARTESIAN_POINT('Ctrl Pts',(-33.4851275480854,2.69145701729653,13.));
#3022=CARTESIAN_POINT('Ctrl Pts',(-33.7090994335953,2.91550428923889,13.));
#3023=CARTESIAN_POINT('Ctrl Pts',(-33.9852880784782,2.91550428923889,13.));
#3024=CARTESIAN_POINT('',(-33.9852880784782,2.91550428923889,16.));
#3025=CARTESIAN_POINT('Ctrl Pts',(-33.9852880784782,2.91550428923889,16.));
#3026=CARTESIAN_POINT('Ctrl Pts',(-33.7090994335953,2.91550428923889,16.));
#3027=CARTESIAN_POINT('Ctrl Pts',(-33.4851275480854,2.69145701729653,16.));
#3028=CARTESIAN_POINT('Ctrl Pts',(-33.4851275480854,2.41517541040378,16.));
#3029=CARTESIAN_POINT('',(-33.9852880784782,2.91550428923889,12.9829518333333));
#3030=CARTESIAN_POINT('Origin',(-46.9894618686916,2.9155042892389,12.9829518333333));
#3031=CARTESIAN_POINT('',(-46.9894618686916,2.9155042892389,13.));
#3032=CARTESIAN_POINT('',(-24.1822309343456,2.9155042892389,13.));
#3033=CARTESIAN_POINT('',(-46.9894618686916,2.9155042892389,16.));
#3034=CARTESIAN_POINT('',(-24.1822309343456,2.9155042892389,16.));
#3035=CARTESIAN_POINT('',(-46.9894618686916,2.9155042892389,12.9829518333333));
#3036=CARTESIAN_POINT('Ctrl Pts',(-47.4896223990844,2.41517541040379,13.));
#3037=CARTESIAN_POINT('Ctrl Pts',(-47.4896223990844,2.41517541040379,14.));
#3038=CARTESIAN_POINT('Ctrl Pts',(-47.4896223990844,2.41517541040378,15.));
#3039=CARTESIAN_POINT('Ctrl Pts',(-47.4896223990844,2.41517541040378,16.));
#3040=CARTESIAN_POINT('Ctrl Pts',(-47.4896223990844,2.69145701729653,13.));
#3041=CARTESIAN_POINT('Ctrl Pts',(-47.4896223990844,2.69145701729653,14.));
#3042=CARTESIAN_POINT('Ctrl Pts',(-47.4896223990844,2.69145701729653,15.));
#3043=CARTESIAN_POINT('Ctrl Pts',(-47.4896223990844,2.69145701729653,16.));
#3044=CARTESIAN_POINT('Ctrl Pts',(-47.2656505135745,2.91550428923889,13.));
#3045=CARTESIAN_POINT('Ctrl Pts',(-47.2656505135745,2.91550428923889,14.));
#3046=CARTESIAN_POINT('Ctrl Pts',(-47.2656505135745,2.91550428923889,15.));
#3047=CARTESIAN_POINT('Ctrl Pts',(-47.2656505135745,2.91550428923889,16.));
#3048=CARTESIAN_POINT('Ctrl Pts',(-46.9894618686916,2.91550428923889,13.));
#3049=CARTESIAN_POINT('Ctrl Pts',(-46.9894618686916,2.91550428923889,14.));
#3050=CARTESIAN_POINT('Ctrl Pts',(-46.9894618686916,2.91550428923889,15.));
#3051=CARTESIAN_POINT('Ctrl Pts',(-46.9894618686916,2.91550428923889,16.));
#3052=CARTESIAN_POINT('',(-47.4896223990844,2.41517541040379,13.));
#3053=CARTESIAN_POINT('Ctrl Pts',(-46.9894618686916,2.91550428923889,13.));
#3054=CARTESIAN_POINT('Ctrl Pts',(-47.2656505135745,2.91550428923889,13.));
#3055=CARTESIAN_POINT('Ctrl Pts',(-47.4896223990844,2.69145701729653,13.));
#3056=CARTESIAN_POINT('Ctrl Pts',(-47.4896223990844,2.41517541040379,13.));
#3057=CARTESIAN_POINT('',(-47.4896223990844,2.41517541040379,16.));
#3058=CARTESIAN_POINT('Ctrl Pts',(-47.4896223990844,2.41517541040378,16.));
#3059=CARTESIAN_POINT('Ctrl Pts',(-47.4896223990844,2.69145701729653,16.));
#3060=CARTESIAN_POINT('Ctrl Pts',(-47.2656505135745,2.91550428923889,16.));
#3061=CARTESIAN_POINT('Ctrl Pts',(-46.9894618686916,2.91550428923889,16.));
#3062=CARTESIAN_POINT('',(-47.4896223990844,2.41517541040379,12.9829518333333));
#3063=CARTESIAN_POINT('Origin',(-47.4896223990844,-10.5933754393089,12.9829518333333));
#3064=CARTESIAN_POINT('',(-47.4896223990844,-10.5933754393089,13.));
#3065=CARTESIAN_POINT('',(-47.4896223990844,-6.8941877196544,13.));
#3066=CARTESIAN_POINT('',(-47.4896223990844,-10.5933754393089,16.));
#3067=CARTESIAN_POINT('',(-47.4896223990844,-6.8941877196544,16.));
#3068=CARTESIAN_POINT('',(-47.4896223990844,-10.5933754393089,12.9829518333333));
#3069=CARTESIAN_POINT('Ctrl Pts',(-46.9894618686916,-11.093704318144,13.));
#3070=CARTESIAN_POINT('Ctrl Pts',(-46.9894618686916,-11.093704318144,14.));
#3071=CARTESIAN_POINT('Ctrl Pts',(-46.9894618686916,-11.093704318144,15.));
#3072=CARTESIAN_POINT('Ctrl Pts',(-46.9894618686916,-11.093704318144,16.0000000000001));
#3073=CARTESIAN_POINT('Ctrl Pts',(-47.2656505135745,-11.093704318144,13.));
#3074=CARTESIAN_POINT('Ctrl Pts',(-47.2656505135745,-11.093704318144,14.));
#3075=CARTESIAN_POINT('Ctrl Pts',(-47.2656505135745,-11.093704318144,15.));
#3076=CARTESIAN_POINT('Ctrl Pts',(-47.2656505135745,-11.093704318144,16.0000000000001));
#3077=CARTESIAN_POINT('Ctrl Pts',(-47.4896223990844,-10.8696570462016,13.));
#3078=CARTESIAN_POINT('Ctrl Pts',(-47.4896223990844,-10.8696570462016,14.));
#3079=CARTESIAN_POINT('Ctrl Pts',(-47.4896223990844,-10.8696570462016,15.));
#3080=CARTESIAN_POINT('Ctrl Pts',(-47.4896223990844,-10.8696570462016,16.0000000000001));
#3081=CARTESIAN_POINT('Ctrl Pts',(-47.4896223990844,-10.5933754393089,13.));
#3082=CARTESIAN_POINT('Ctrl Pts',(-47.4896223990844,-10.5933754393089,14.));
#3083=CARTESIAN_POINT('Ctrl Pts',(-47.4896223990844,-10.5933754393089,15.));
#3084=CARTESIAN_POINT('Ctrl Pts',(-47.4896223990844,-10.5933754393089,16.0000000000001));
#3085=CARTESIAN_POINT('',(-46.9894618686916,-11.093704318144,13.));
#3086=CARTESIAN_POINT('Ctrl Pts',(-47.4896223990844,-10.5933754393089,13.));
#3087=CARTESIAN_POINT('Ctrl Pts',(-47.4896223990844,-10.8696570462016,13.));
#3088=CARTESIAN_POINT('Ctrl Pts',(-47.2656505135745,-11.093704318144,13.));
#3089=CARTESIAN_POINT('Ctrl Pts',(-46.9894618686916,-11.093704318144,13.));
#3090=CARTESIAN_POINT('',(-46.9894618686916,-11.093704318144,16.));
#3091=CARTESIAN_POINT('Ctrl Pts',(-46.9894618686916,-11.093704318144,16.));
#3092=CARTESIAN_POINT('Ctrl Pts',(-47.2656505135745,-11.093704318144,16.));
#3093=CARTESIAN_POINT('Ctrl Pts',(-47.4896223990844,-10.8696570462016,16.));
#3094=CARTESIAN_POINT('Ctrl Pts',(-47.4896223990844,-10.5933754393089,16.));
#3095=CARTESIAN_POINT('',(-46.9894618686916,-11.093704318144,12.9829518333333));
#3096=CARTESIAN_POINT('Origin',(-33.9852880784782,-11.0937043181439,12.9829518333333));
#3097=CARTESIAN_POINT('',(-17.680144039239,-11.0937043181439,13.));
#3098=CARTESIAN_POINT('',(-17.680144039239,-11.0937043181439,16.));
#3099=CARTESIAN_POINT('Ctrl Pts',(4.62710486784749,-10.5933754393089,13.));
#3100=CARTESIAN_POINT('Ctrl Pts',(4.62710486784749,-10.5933754393089,14.));
#3101=CARTESIAN_POINT('Ctrl Pts',(4.62710486784749,-10.5933754393089,15.));
#3102=CARTESIAN_POINT('Ctrl Pts',(4.62710486784749,-10.5933754393089,16.0000000000001));
#3103=CARTESIAN_POINT('Ctrl Pts',(4.62710486784749,-10.8696570462016,13.));
#3104=CARTESIAN_POINT('Ctrl Pts',(4.62710486784749,-10.8696570462016,14.));
#3105=CARTESIAN_POINT('Ctrl Pts',(4.62710486784749,-10.8696570462016,15.));
#3106=CARTESIAN_POINT('Ctrl Pts',(4.62710486784749,-10.8696570462016,16.0000000000001));
#3107=CARTESIAN_POINT('Ctrl Pts',(4.40313298233758,-11.093704318144,13.));
#3108=CARTESIAN_POINT('Ctrl Pts',(4.40313298233758,-11.093704318144,14.));
#3109=CARTESIAN_POINT('Ctrl Pts',(4.40313298233758,-11.093704318144,15.));
#3110=CARTESIAN_POINT('Ctrl Pts',(4.40313298233758,-11.093704318144,16.0000000000001));
#3111=CARTESIAN_POINT('Ctrl Pts',(4.12694433745467,-11.093704318144,13.));
#3112=CARTESIAN_POINT('Ctrl Pts',(4.12694433745467,-11.093704318144,14.));
#3113=CARTESIAN_POINT('Ctrl Pts',(4.12694433745467,-11.093704318144,15.));
#3114=CARTESIAN_POINT('Ctrl Pts',(4.12694433745467,-11.093704318144,16.0000000000001));
#3115=CARTESIAN_POINT('',(4.12694433745467,-11.0937043181439,13.));
#3116=CARTESIAN_POINT('',(4.62710486784749,-10.5933754393089,13.));
#3117=CARTESIAN_POINT('Ctrl Pts',(4.12694433745467,-11.093704318144,13.));
#3118=CARTESIAN_POINT('Ctrl Pts',(4.40313298233758,-11.093704318144,13.));
#3119=CARTESIAN_POINT('Ctrl Pts',(4.62710486784749,-10.8696570462016,13.));
#3120=CARTESIAN_POINT('Ctrl Pts',(4.62710486784749,-10.5933754393089,13.));
#3121=CARTESIAN_POINT('',(4.12694433745467,-11.0937043181439,16.));
#3122=CARTESIAN_POINT('',(4.12694433745467,-11.0937043181439,12.9829518333333));
#3123=CARTESIAN_POINT('',(4.62710486784749,-10.5933754393089,16.));
#3124=CARTESIAN_POINT('Ctrl Pts',(4.62710486784749,-10.5933754393089,16.));
#3125=CARTESIAN_POINT('Ctrl Pts',(4.62710486784749,-10.8696570462016,16.));
#3126=CARTESIAN_POINT('Ctrl Pts',(4.40313298233758,-11.093704318144,16.));
#3127=CARTESIAN_POINT('Ctrl Pts',(4.12694433745467,-11.093704318144,16.));
#3128=CARTESIAN_POINT('',(4.62710486784749,-10.5933754393089,12.9829518333333));
#3129=CARTESIAN_POINT('Origin',(4.62710486784749,2.41517541040379,12.9829518333333));
#3130=CARTESIAN_POINT('',(4.62710486784749,2.41517541040379,13.));
#3131=CARTESIAN_POINT('',(4.62710486784749,-0.389912294798077,13.));
#3132=CARTESIAN_POINT('',(4.62710486784749,2.41517541040379,16.));
#3133=CARTESIAN_POINT('',(4.62710486784749,-0.389912294798073,16.));
#3134=CARTESIAN_POINT('',(4.62710486784749,2.41517541040379,12.9829518333333));
#3135=CARTESIAN_POINT('Ctrl Pts',(4.12694433745467,2.91550428923889,13.));
#3136=CARTESIAN_POINT('Ctrl Pts',(4.12694433745467,2.91550428923889,14.));
#3137=CARTESIAN_POINT('Ctrl Pts',(4.12694433745467,2.91550428923889,15.));
#3138=CARTESIAN_POINT('Ctrl Pts',(4.12694433745467,2.91550428923889,16.));
#3139=CARTESIAN_POINT('Ctrl Pts',(4.40313298233758,2.91550428923889,13.));
#3140=CARTESIAN_POINT('Ctrl Pts',(4.40313298233758,2.91550428923889,14.));
#3141=CARTESIAN_POINT('Ctrl Pts',(4.40313298233758,2.91550428923889,15.));
#3142=CARTESIAN_POINT('Ctrl Pts',(4.40313298233758,2.91550428923889,16.));
#3143=CARTESIAN_POINT('Ctrl Pts',(4.62710486784749,2.69145701729653,13.));
#3144=CARTESIAN_POINT('Ctrl Pts',(4.62710486784749,2.69145701729653,14.));
#3145=CARTESIAN_POINT('Ctrl Pts',(4.62710486784749,2.69145701729653,15.));
#3146=CARTESIAN_POINT('Ctrl Pts',(4.62710486784749,2.69145701729653,16.));
#3147=CARTESIAN_POINT('Ctrl Pts',(4.62710486784749,2.41517541040379,13.));
#3148=CARTESIAN_POINT('Ctrl Pts',(4.62710486784749,2.41517541040379,14.));
#3149=CARTESIAN_POINT('Ctrl Pts',(4.62710486784749,2.41517541040378,15.));
#3150=CARTESIAN_POINT('Ctrl Pts',(4.62710486784749,2.41517541040378,16.));
#3151=CARTESIAN_POINT('',(4.12694433745467,2.91550428923889,13.));
#3152=CARTESIAN_POINT('Ctrl Pts',(4.62710486784749,2.41517541040379,13.));
#3153=CARTESIAN_POINT('Ctrl Pts',(4.62710486784749,2.69145701729653,13.));
#3154=CARTESIAN_POINT('Ctrl Pts',(4.40313298233758,2.91550428923889,13.));
#3155=CARTESIAN_POINT('Ctrl Pts',(4.12694433745467,2.91550428923889,13.));
#3156=CARTESIAN_POINT('',(4.12694433745467,2.91550428923889,16.));
#3157=CARTESIAN_POINT('Ctrl Pts',(4.12694433745467,2.91550428923889,16.));
#3158=CARTESIAN_POINT('Ctrl Pts',(4.40313298233758,2.91550428923889,16.));
#3159=CARTESIAN_POINT('Ctrl Pts',(4.62710486784749,2.69145701729653,16.));
#3160=CARTESIAN_POINT('Ctrl Pts',(4.62710486784749,2.41517541040378,16.));
#3161=CARTESIAN_POINT('',(4.12694433745467,2.91550428923889,12.9829518333333));
#3162=CARTESIAN_POINT('Origin',(-8.87722945275866,2.9155042892389,12.9829518333333));
#3163=CARTESIAN_POINT('',(-8.87722945275866,2.9155042892389,13.));
#3164=CARTESIAN_POINT('',(-5.12611472637916,2.9155042892389,13.));
#3165=CARTESIAN_POINT('',(-8.87722945275866,2.9155042892389,16.));
#3166=CARTESIAN_POINT('',(-5.12611472637916,2.9155042892389,16.));
#3167=CARTESIAN_POINT('',(-8.87722945275866,2.9155042892389,12.9829518333333));
#3168=CARTESIAN_POINT('Ctrl Pts',(-9.37738998315148,2.41517541040379,13.));
#3169=CARTESIAN_POINT('Ctrl Pts',(-9.37738998315148,2.41517541040379,14.));
#3170=CARTESIAN_POINT('Ctrl Pts',(-9.37738998315148,2.41517541040378,15.));
#3171=CARTESIAN_POINT('Ctrl Pts',(-9.37738998315148,2.41517541040378,16.));
#3172=CARTESIAN_POINT('Ctrl Pts',(-9.37738998315148,2.69145701729653,13.));
#3173=CARTESIAN_POINT('Ctrl Pts',(-9.37738998315148,2.69145701729653,14.));
#3174=CARTESIAN_POINT('Ctrl Pts',(-9.37738998315148,2.69145701729653,15.));
#3175=CARTESIAN_POINT('Ctrl Pts',(-9.37738998315148,2.69145701729653,16.));
#3176=CARTESIAN_POINT('Ctrl Pts',(-9.15341809764158,2.91550428923889,13.));
#3177=CARTESIAN_POINT('Ctrl Pts',(-9.15341809764158,2.91550428923889,14.));
#3178=CARTESIAN_POINT('Ctrl Pts',(-9.15341809764158,2.91550428923889,15.));
#3179=CARTESIAN_POINT('Ctrl Pts',(-9.15341809764158,2.91550428923889,16.));
#3180=CARTESIAN_POINT('Ctrl Pts',(-8.87722945275866,2.91550428923889,13.));
#3181=CARTESIAN_POINT('Ctrl Pts',(-8.87722945275866,2.91550428923889,14.));
#3182=CARTESIAN_POINT('Ctrl Pts',(-8.87722945275866,2.91550428923889,15.));
#3183=CARTESIAN_POINT('Ctrl Pts',(-8.87722945275866,2.91550428923889,16.));
#3184=CARTESIAN_POINT('',(-9.37738998315148,2.41517541040379,13.));
#3185=CARTESIAN_POINT('Ctrl Pts',(-8.87722945275866,2.91550428923889,13.));
#3186=CARTESIAN_POINT('Ctrl Pts',(-9.15341809764158,2.91550428923889,13.));
#3187=CARTESIAN_POINT('Ctrl Pts',(-9.37738998315148,2.69145701729653,13.));
#3188=CARTESIAN_POINT('Ctrl Pts',(-9.37738998315148,2.41517541040379,13.));
#3189=CARTESIAN_POINT('',(-9.37738998315148,2.41517541040379,16.));
#3190=CARTESIAN_POINT('Ctrl Pts',(-9.37738998315148,2.41517541040378,16.));
#3191=CARTESIAN_POINT('Ctrl Pts',(-9.37738998315148,2.69145701729653,16.));
#3192=CARTESIAN_POINT('Ctrl Pts',(-9.15341809764158,2.91550428923889,16.));
#3193=CARTESIAN_POINT('Ctrl Pts',(-8.87722945275866,2.91550428923889,16.));
#3194=CARTESIAN_POINT('',(-9.37738998315148,2.41517541040379,12.9829518333333));
#3195=CARTESIAN_POINT('Origin',(-9.37738998315148,-10.5933754393089,12.9829518333333));
#3196=CARTESIAN_POINT('',(-9.37738998315148,-10.5933754393089,13.));
#3197=CARTESIAN_POINT('',(-9.37738998315148,-6.8941877196544,13.));
#3198=CARTESIAN_POINT('',(-9.37738998315148,-10.5933754393089,16.));
#3199=CARTESIAN_POINT('',(-9.37738998315148,-6.8941877196544,16.));
#3200=CARTESIAN_POINT('',(-9.37738998315148,-10.5933754393089,12.9829518333333));
#3201=CARTESIAN_POINT('Ctrl Pts',(-8.87722945275866,-11.093704318144,13.));
#3202=CARTESIAN_POINT('Ctrl Pts',(-8.87722945275866,-11.093704318144,14.));
#3203=CARTESIAN_POINT('Ctrl Pts',(-8.87722945275866,-11.093704318144,15.));
#3204=CARTESIAN_POINT('Ctrl Pts',(-8.87722945275866,-11.093704318144,16.0000000000001));
#3205=CARTESIAN_POINT('Ctrl Pts',(-9.15341809764158,-11.093704318144,13.));
#3206=CARTESIAN_POINT('Ctrl Pts',(-9.15341809764158,-11.093704318144,14.));
#3207=CARTESIAN_POINT('Ctrl Pts',(-9.15341809764158,-11.093704318144,15.));
#3208=CARTESIAN_POINT('Ctrl Pts',(-9.15341809764158,-11.093704318144,16.0000000000001));
#3209=CARTESIAN_POINT('Ctrl Pts',(-9.37738998315148,-10.8696570462016,13.));
#3210=CARTESIAN_POINT('Ctrl Pts',(-9.37738998315148,-10.8696570462016,14.));
#3211=CARTESIAN_POINT('Ctrl Pts',(-9.37738998315148,-10.8696570462016,15.));
#3212=CARTESIAN_POINT('Ctrl Pts',(-9.37738998315148,-10.8696570462016,16.0000000000001));
#3213=CARTESIAN_POINT('Ctrl Pts',(-9.37738998315148,-10.5933754393089,13.));
#3214=CARTESIAN_POINT('Ctrl Pts',(-9.37738998315148,-10.5933754393089,14.));
#3215=CARTESIAN_POINT('Ctrl Pts',(-9.37738998315148,-10.5933754393089,15.));
#3216=CARTESIAN_POINT('Ctrl Pts',(-9.37738998315148,-10.5933754393089,16.0000000000001));
#3217=CARTESIAN_POINT('',(-8.87722945275866,-11.093704318144,13.));
#3218=CARTESIAN_POINT('Ctrl Pts',(-9.37738998315148,-10.5933754393089,13.));
#3219=CARTESIAN_POINT('Ctrl Pts',(-9.37738998315148,-10.8696570462016,13.));
#3220=CARTESIAN_POINT('Ctrl Pts',(-9.15341809764158,-11.093704318144,13.));
#3221=CARTESIAN_POINT('Ctrl Pts',(-8.87722945275866,-11.093704318144,13.));
#3222=CARTESIAN_POINT('',(-8.87722945275866,-11.093704318144,16.));
#3223=CARTESIAN_POINT('Ctrl Pts',(-8.87722945275866,-11.093704318144,16.));
#3224=CARTESIAN_POINT('Ctrl Pts',(-9.15341809764158,-11.093704318144,16.));
#3225=CARTESIAN_POINT('Ctrl Pts',(-9.37738998315148,-10.8696570462016,16.));
#3226=CARTESIAN_POINT('Ctrl Pts',(-9.37738998315148,-10.5933754393089,16.));
#3227=CARTESIAN_POINT('',(-8.87722945275866,-11.093704318144,12.9829518333333));
#3228=CARTESIAN_POINT('Origin',(4.12694433745467,-11.0937043181439,12.9829518333333));
#3229=CARTESIAN_POINT('',(1.3759721687275,-11.0937043181439,13.));
#3230=CARTESIAN_POINT('',(1.3759721687275,-11.0937043181439,16.));
#3231=CARTESIAN_POINT('Ctrl Pts',(42.7393372837804,-10.5933754393089,13.));
#3232=CARTESIAN_POINT('Ctrl Pts',(42.7393372837804,-10.5933754393089,14.));
#3233=CARTESIAN_POINT('Ctrl Pts',(42.7393372837804,-10.5933754393089,15.));
#3234=CARTESIAN_POINT('Ctrl Pts',(42.7393372837804,-10.5933754393089,16.0000000000001));
#3235=CARTESIAN_POINT('Ctrl Pts',(42.7393372837804,-10.8696570462016,13.));
#3236=CARTESIAN_POINT('Ctrl Pts',(42.7393372837804,-10.8696570462016,14.));
#3237=CARTESIAN_POINT('Ctrl Pts',(42.7393372837804,-10.8696570462016,15.));
#3238=CARTESIAN_POINT('Ctrl Pts',(42.7393372837804,-10.8696570462016,16.0000000000001));
#3239=CARTESIAN_POINT('Ctrl Pts',(42.5153653982705,-11.093704318144,13.));
#3240=CARTESIAN_POINT('Ctrl Pts',(42.5153653982705,-11.093704318144,14.));
#3241=CARTESIAN_POINT('Ctrl Pts',(42.5153653982705,-11.093704318144,15.));
#3242=CARTESIAN_POINT('Ctrl Pts',(42.5153653982705,-11.093704318144,16.0000000000001));
#3243=CARTESIAN_POINT('Ctrl Pts',(42.2391767533876,-11.093704318144,13.));
#3244=CARTESIAN_POINT('Ctrl Pts',(42.2391767533876,-11.093704318144,14.));
#3245=CARTESIAN_POINT('Ctrl Pts',(42.2391767533876,-11.093704318144,15.));
#3246=CARTESIAN_POINT('Ctrl Pts',(42.2391767533876,-11.093704318144,16.0000000000001));
#3247=CARTESIAN_POINT('',(42.2391767533876,-11.0937043181439,13.));
#3248=CARTESIAN_POINT('',(42.7393372837804,-10.5933754393089,13.));
#3249=CARTESIAN_POINT('Ctrl Pts',(42.2391767533876,-11.093704318144,13.));
#3250=CARTESIAN_POINT('Ctrl Pts',(42.5153653982705,-11.093704318144,13.));
#3251=CARTESIAN_POINT('Ctrl Pts',(42.7393372837804,-10.8696570462016,13.));
#3252=CARTESIAN_POINT('Ctrl Pts',(42.7393372837804,-10.5933754393089,13.));
#3253=CARTESIAN_POINT('',(42.2391767533876,-11.0937043181439,16.));
#3254=CARTESIAN_POINT('',(42.2391767533876,-11.0937043181439,12.9829518333333));
#3255=CARTESIAN_POINT('',(42.7393372837804,-10.5933754393089,16.));
#3256=CARTESIAN_POINT('Ctrl Pts',(42.7393372837804,-10.5933754393089,16.));
#3257=CARTESIAN_POINT('Ctrl Pts',(42.7393372837804,-10.8696570462016,16.));
#3258=CARTESIAN_POINT('Ctrl Pts',(42.5153653982705,-11.093704318144,16.));
#3259=CARTESIAN_POINT('Ctrl Pts',(42.2391767533876,-11.093704318144,16.));
#3260=CARTESIAN_POINT('',(42.7393372837804,-10.5933754393089,12.9829518333333));
#3261=CARTESIAN_POINT('Origin',(42.7393372837803,2.41517541040379,12.9829518333333));
#3262=CARTESIAN_POINT('',(42.7393372837803,2.41517541040379,13.));
#3263=CARTESIAN_POINT('',(42.7393372837803,-0.389912294798077,13.));
#3264=CARTESIAN_POINT('',(42.7393372837803,2.41517541040379,16.));
#3265=CARTESIAN_POINT('',(42.7393372837803,-0.389912294798073,16.));
#3266=CARTESIAN_POINT('',(42.7393372837803,2.41517541040379,12.9829518333333));
#3267=CARTESIAN_POINT('Ctrl Pts',(42.2391767533876,2.91550428923889,13.));
#3268=CARTESIAN_POINT('Ctrl Pts',(42.2391767533876,2.91550428923889,14.));
#3269=CARTESIAN_POINT('Ctrl Pts',(42.2391767533876,2.91550428923889,15.));
#3270=CARTESIAN_POINT('Ctrl Pts',(42.2391767533876,2.91550428923889,16.));
#3271=CARTESIAN_POINT('Ctrl Pts',(42.5153653982705,2.91550428923889,13.));
#3272=CARTESIAN_POINT('Ctrl Pts',(42.5153653982705,2.91550428923889,14.));
#3273=CARTESIAN_POINT('Ctrl Pts',(42.5153653982705,2.91550428923889,15.));
#3274=CARTESIAN_POINT('Ctrl Pts',(42.5153653982705,2.91550428923889,16.));
#3275=CARTESIAN_POINT('Ctrl Pts',(42.7393372837804,2.69145701729653,13.));
#3276=CARTESIAN_POINT('Ctrl Pts',(42.7393372837804,2.69145701729653,14.));
#3277=CARTESIAN_POINT('Ctrl Pts',(42.7393372837804,2.69145701729653,15.));
#3278=CARTESIAN_POINT('Ctrl Pts',(42.7393372837804,2.69145701729653,16.));
#3279=CARTESIAN_POINT('Ctrl Pts',(42.7393372837804,2.41517541040379,13.));
#3280=CARTESIAN_POINT('Ctrl Pts',(42.7393372837804,2.41517541040379,14.));
#3281=CARTESIAN_POINT('Ctrl Pts',(42.7393372837804,2.41517541040378,15.));
#3282=CARTESIAN_POINT('Ctrl Pts',(42.7393372837804,2.41517541040378,16.));
#3283=CARTESIAN_POINT('',(42.2391767533876,2.91550428923889,13.));
#3284=CARTESIAN_POINT('Ctrl Pts',(42.7393372837804,2.41517541040379,13.));
#3285=CARTESIAN_POINT('Ctrl Pts',(42.7393372837804,2.69145701729653,13.));
#3286=CARTESIAN_POINT('Ctrl Pts',(42.5153653982705,2.91550428923889,13.));
#3287=CARTESIAN_POINT('Ctrl Pts',(42.2391767533876,2.91550428923889,13.));
#3288=CARTESIAN_POINT('',(42.2391767533876,2.91550428923889,16.));
#3289=CARTESIAN_POINT('Ctrl Pts',(42.2391767533876,2.91550428923889,16.));
#3290=CARTESIAN_POINT('Ctrl Pts',(42.5153653982705,2.91550428923889,16.));
#3291=CARTESIAN_POINT('Ctrl Pts',(42.7393372837804,2.69145701729653,16.));
#3292=CARTESIAN_POINT('Ctrl Pts',(42.7393372837804,2.41517541040378,16.));
#3293=CARTESIAN_POINT('',(42.2391767533876,2.91550428923889,12.9829518333333));
#3294=CARTESIAN_POINT('Origin',(29.2350029631742,2.9155042892389,12.9829518333333));
#3295=CARTESIAN_POINT('',(29.2350029631742,2.9155042892389,13.));
#3296=CARTESIAN_POINT('',(13.9300014815873,2.9155042892389,13.));
#3297=CARTESIAN_POINT('',(29.2350029631742,2.9155042892389,16.));
#3298=CARTESIAN_POINT('',(13.9300014815873,2.9155042892389,16.));
#3299=CARTESIAN_POINT('',(29.2350029631742,2.9155042892389,12.9829518333333));
#3300=CARTESIAN_POINT('Ctrl Pts',(28.7348424327814,2.41517541040379,13.));
#3301=CARTESIAN_POINT('Ctrl Pts',(28.7348424327814,2.41517541040379,14.));
#3302=CARTESIAN_POINT('Ctrl Pts',(28.7348424327814,2.41517541040378,15.));
#3303=CARTESIAN_POINT('Ctrl Pts',(28.7348424327814,2.41517541040378,16.));
#3304=CARTESIAN_POINT('Ctrl Pts',(28.7348424327814,2.69145701729653,13.));
#3305=CARTESIAN_POINT('Ctrl Pts',(28.7348424327814,2.69145701729653,14.));
#3306=CARTESIAN_POINT('Ctrl Pts',(28.7348424327814,2.69145701729653,15.));
#3307=CARTESIAN_POINT('Ctrl Pts',(28.7348424327814,2.69145701729653,16.));
#3308=CARTESIAN_POINT('Ctrl Pts',(28.9588143182913,2.91550428923889,13.));
#3309=CARTESIAN_POINT('Ctrl Pts',(28.9588143182913,2.91550428923889,14.));
#3310=CARTESIAN_POINT('Ctrl Pts',(28.9588143182913,2.91550428923889,15.));
#3311=CARTESIAN_POINT('Ctrl Pts',(28.9588143182913,2.91550428923889,16.));
#3312=CARTESIAN_POINT('Ctrl Pts',(29.2350029631742,2.91550428923889,13.));
#3313=CARTESIAN_POINT('Ctrl Pts',(29.2350029631742,2.91550428923889,14.));
#3314=CARTESIAN_POINT('Ctrl Pts',(29.2350029631742,2.91550428923889,15.));
#3315=CARTESIAN_POINT('Ctrl Pts',(29.2350029631742,2.91550428923889,16.));
#3316=CARTESIAN_POINT('',(28.7348424327815,2.41517541040379,13.));
#3317=CARTESIAN_POINT('Ctrl Pts',(29.2350029631742,2.91550428923889,13.));
#3318=CARTESIAN_POINT('Ctrl Pts',(28.9588143182913,2.91550428923889,13.));
#3319=CARTESIAN_POINT('Ctrl Pts',(28.7348424327814,2.69145701729653,13.));
#3320=CARTESIAN_POINT('Ctrl Pts',(28.7348424327814,2.41517541040379,13.));
#3321=CARTESIAN_POINT('',(28.7348424327815,2.41517541040379,16.));
#3322=CARTESIAN_POINT('Ctrl Pts',(28.7348424327814,2.41517541040378,16.));
#3323=CARTESIAN_POINT('Ctrl Pts',(28.7348424327814,2.69145701729653,16.));
#3324=CARTESIAN_POINT('Ctrl Pts',(28.9588143182913,2.91550428923889,16.));
#3325=CARTESIAN_POINT('Ctrl Pts',(29.2350029631742,2.91550428923889,16.));
#3326=CARTESIAN_POINT('',(28.7348424327815,2.41517541040379,12.9829518333333));
#3327=CARTESIAN_POINT('Origin',(28.7348424327815,-10.5933754393089,12.9829518333333));
#3328=CARTESIAN_POINT('',(28.7348424327815,-10.5933754393089,13.));
#3329=CARTESIAN_POINT('',(28.7348424327815,-6.8941877196544,13.));
#3330=CARTESIAN_POINT('',(28.7348424327815,-10.5933754393089,16.));
#3331=CARTESIAN_POINT('',(28.7348424327815,-6.8941877196544,16.));
#3332=CARTESIAN_POINT('',(28.7348424327815,-10.5933754393089,12.9829518333333));
#3333=CARTESIAN_POINT('Ctrl Pts',(29.2350029631742,-11.093704318144,13.));
#3334=CARTESIAN_POINT('Ctrl Pts',(29.2350029631742,-11.093704318144,14.));
#3335=CARTESIAN_POINT('Ctrl Pts',(29.2350029631742,-11.093704318144,15.));
#3336=CARTESIAN_POINT('Ctrl Pts',(29.2350029631742,-11.093704318144,16.0000000000001));
#3337=CARTESIAN_POINT('Ctrl Pts',(28.9588143182913,-11.093704318144,13.));
#3338=CARTESIAN_POINT('Ctrl Pts',(28.9588143182913,-11.093704318144,14.));
#3339=CARTESIAN_POINT('Ctrl Pts',(28.9588143182913,-11.093704318144,15.));
#3340=CARTESIAN_POINT('Ctrl Pts',(28.9588143182913,-11.093704318144,16.0000000000001));
#3341=CARTESIAN_POINT('Ctrl Pts',(28.7348424327814,-10.8696570462016,13.));
#3342=CARTESIAN_POINT('Ctrl Pts',(28.7348424327814,-10.8696570462016,14.));
#3343=CARTESIAN_POINT('Ctrl Pts',(28.7348424327814,-10.8696570462016,15.));
#3344=CARTESIAN_POINT('Ctrl Pts',(28.7348424327814,-10.8696570462016,16.0000000000001));
#3345=CARTESIAN_POINT('Ctrl Pts',(28.7348424327814,-10.5933754393089,13.));
#3346=CARTESIAN_POINT('Ctrl Pts',(28.7348424327814,-10.5933754393089,14.));
#3347=CARTESIAN_POINT('Ctrl Pts',(28.7348424327814,-10.5933754393089,15.));
#3348=CARTESIAN_POINT('Ctrl Pts',(28.7348424327814,-10.5933754393089,16.0000000000001));
#3349=CARTESIAN_POINT('',(29.2350029631742,-11.093704318144,13.));
#3350=CARTESIAN_POINT('Ctrl Pts',(28.7348424327814,-10.5933754393089,13.));
#3351=CARTESIAN_POINT('Ctrl Pts',(28.7348424327814,-10.8696570462016,13.));
#3352=CARTESIAN_POINT('Ctrl Pts',(28.9588143182913,-11.093704318144,13.));
#3353=CARTESIAN_POINT('Ctrl Pts',(29.2350029631742,-11.093704318144,13.));
#3354=CARTESIAN_POINT('',(29.2350029631742,-11.093704318144,16.));
#3355=CARTESIAN_POINT('Ctrl Pts',(29.2350029631742,-11.093704318144,16.));
#3356=CARTESIAN_POINT('Ctrl Pts',(28.9588143182913,-11.093704318144,16.));
#3357=CARTESIAN_POINT('Ctrl Pts',(28.7348424327814,-10.8696570462016,16.));
#3358=CARTESIAN_POINT('Ctrl Pts',(28.7348424327814,-10.5933754393089,16.));
#3359=CARTESIAN_POINT('',(29.2350029631742,-11.093704318144,12.9829518333333));
#3360=CARTESIAN_POINT('Origin',(42.2391767533876,-11.0937043181439,12.9829518333333));
#3361=CARTESIAN_POINT('',(20.432088376694,-11.0937043181439,13.));
#3362=CARTESIAN_POINT('',(20.432088376694,-11.0937043181439,16.));
#3363=CARTESIAN_POINT('Ctrl Pts',(4.62710486784749,8.46915484430852,13.));
#3364=CARTESIAN_POINT('Ctrl Pts',(4.62710486784749,8.46915484430852,14.));
#3365=CARTESIAN_POINT('Ctrl Pts',(4.62710486784749,8.46915484430851,15.));
#3366=CARTESIAN_POINT('Ctrl Pts',(4.62710486784749,8.46915484430851,16.));
#3367=CARTESIAN_POINT('Ctrl Pts',(4.62710486784749,8.19287323741577,13.));
#3368=CARTESIAN_POINT('Ctrl Pts',(4.62710486784749,8.19287323741577,14.));
#3369=CARTESIAN_POINT('Ctrl Pts',(4.62710486784749,8.19287323741577,15.));
#3370=CARTESIAN_POINT('Ctrl Pts',(4.62710486784749,8.19287323741577,16.));
#3371=CARTESIAN_POINT('Ctrl Pts',(4.40313298233758,7.96882596547341,13.));
#3372=CARTESIAN_POINT('Ctrl Pts',(4.40313298233758,7.96882596547341,14.));
#3373=CARTESIAN_POINT('Ctrl Pts',(4.40313298233758,7.96882596547341,15.));
#3374=CARTESIAN_POINT('Ctrl Pts',(4.40313298233758,7.96882596547341,16.));
#3375=CARTESIAN_POINT('Ctrl Pts',(4.12694433745467,7.96882596547341,13.));
#3376=CARTESIAN_POINT('Ctrl Pts',(4.12694433745467,7.96882596547341,14.));
#3377=CARTESIAN_POINT('Ctrl Pts',(4.12694433745467,7.96882596547341,15.));
#3378=CARTESIAN_POINT('Ctrl Pts',(4.12694433745467,7.96882596547341,16.));
#3379=CARTESIAN_POINT('',(4.12694433745467,7.96882596547341,13.));
#3380=CARTESIAN_POINT('',(4.62710486784749,8.46915484430852,13.));
#3381=CARTESIAN_POINT('Ctrl Pts',(4.12694433745467,7.96882596547341,13.));
#3382=CARTESIAN_POINT('Ctrl Pts',(4.40313298233758,7.96882596547341,13.));
#3383=CARTESIAN_POINT('Ctrl Pts',(4.62710486784749,8.19287323741577,13.));
#3384=CARTESIAN_POINT('Ctrl Pts',(4.62710486784749,8.46915484430852,13.));
#3385=CARTESIAN_POINT('',(4.12694433745467,7.96882596547341,16.));
#3386=CARTESIAN_POINT('',(4.12694433745467,7.96882596547341,12.9829518333333));
#3387=CARTESIAN_POINT('',(4.62710486784749,8.46915484430851,16.));
#3388=CARTESIAN_POINT('Ctrl Pts',(4.62710486784749,8.46915484430851,16.));
#3389=CARTESIAN_POINT('Ctrl Pts',(4.62710486784749,8.19287323741577,16.));
#3390=CARTESIAN_POINT('Ctrl Pts',(4.40313298233758,7.96882596547341,16.));
#3391=CARTESIAN_POINT('Ctrl Pts',(4.12694433745467,7.96882596547341,16.));
#3392=CARTESIAN_POINT('',(4.62710486784749,8.46915484430852,12.9829518333333));
#3393=CARTESIAN_POINT('Origin',(4.62710486784749,21.4777056940212,12.9829518333333));
#3394=CARTESIAN_POINT('',(4.62710486784749,21.4777056940212,13.));
#3395=CARTESIAN_POINT('',(4.62710486784749,9.14135284701061,13.));
#3396=CARTESIAN_POINT('',(4.62710486784749,21.4777056940212,16.));
#3397=CARTESIAN_POINT('',(4.62710486784749,9.14135284701061,16.));
#3398=CARTESIAN_POINT('',(4.62710486784749,21.4777056940212,12.9829518333333));
#3399=CARTESIAN_POINT('Ctrl Pts',(4.12694433745467,21.9780345728563,13.));
#3400=CARTESIAN_POINT('Ctrl Pts',(4.12694433745467,21.9780345728563,14.));
#3401=CARTESIAN_POINT('Ctrl Pts',(4.12694433745467,21.9780345728563,15.));
#3402=CARTESIAN_POINT('Ctrl Pts',(4.12694433745467,21.9780345728563,16.));
#3403=CARTESIAN_POINT('Ctrl Pts',(4.40313298233758,21.9780345728563,13.));
#3404=CARTESIAN_POINT('Ctrl Pts',(4.40313298233758,21.9780345728563,14.));
#3405=CARTESIAN_POINT('Ctrl Pts',(4.40313298233758,21.9780345728563,15.));
#3406=CARTESIAN_POINT('Ctrl Pts',(4.40313298233758,21.9780345728563,16.));
#3407=CARTESIAN_POINT('Ctrl Pts',(4.62710486784749,21.7539873009139,13.));
#3408=CARTESIAN_POINT('Ctrl Pts',(4.62710486784749,21.7539873009139,14.));
#3409=CARTESIAN_POINT('Ctrl Pts',(4.62710486784749,21.7539873009139,15.));
#3410=CARTESIAN_POINT('Ctrl Pts',(4.62710486784749,21.7539873009139,16.));
#3411=CARTESIAN_POINT('Ctrl Pts',(4.62710486784749,21.4777056940212,13.));
#3412=CARTESIAN_POINT('Ctrl Pts',(4.62710486784749,21.4777056940212,14.));
#3413=CARTESIAN_POINT('Ctrl Pts',(4.62710486784749,21.4777056940212,15.));
#3414=CARTESIAN_POINT('Ctrl Pts',(4.62710486784749,21.4777056940212,16.));
#3415=CARTESIAN_POINT('',(4.12694433745467,21.9780345728563,13.));
#3416=CARTESIAN_POINT('Ctrl Pts',(4.62710486784749,21.4777056940212,13.));
#3417=CARTESIAN_POINT('Ctrl Pts',(4.62710486784749,21.7539873009139,13.));
#3418=CARTESIAN_POINT('Ctrl Pts',(4.40313298233758,21.9780345728563,13.));
#3419=CARTESIAN_POINT('Ctrl Pts',(4.12694433745467,21.9780345728563,13.));
#3420=CARTESIAN_POINT('',(4.12694433745467,21.9780345728563,16.));
#3421=CARTESIAN_POINT('Ctrl Pts',(4.12694433745467,21.9780345728563,16.));
#3422=CARTESIAN_POINT('Ctrl Pts',(4.40313298233758,21.9780345728563,16.));
#3423=CARTESIAN_POINT('Ctrl Pts',(4.62710486784749,21.7539873009139,16.));
#3424=CARTESIAN_POINT('Ctrl Pts',(4.62710486784749,21.4777056940212,16.));
#3425=CARTESIAN_POINT('',(4.12694433745467,21.9780345728563,12.9829518333333));
#3426=CARTESIAN_POINT('Origin',(-8.87722945275866,21.9780345728563,12.9829518333333));
#3427=CARTESIAN_POINT('',(-8.87722945275866,21.9780345728563,13.));
#3428=CARTESIAN_POINT('',(-5.12611472637916,21.9780345728563,13.));
#3429=CARTESIAN_POINT('',(-8.87722945275866,21.9780345728563,16.));
#3430=CARTESIAN_POINT('',(-5.12611472637916,21.9780345728563,16.));
#3431=CARTESIAN_POINT('',(-8.87722945275866,21.9780345728563,12.9829518333333));
#3432=CARTESIAN_POINT('Ctrl Pts',(-9.37738998315148,21.4777056940212,13.));
#3433=CARTESIAN_POINT('Ctrl Pts',(-9.37738998315148,21.4777056940212,14.));
#3434=CARTESIAN_POINT('Ctrl Pts',(-9.37738998315148,21.4777056940212,15.));
#3435=CARTESIAN_POINT('Ctrl Pts',(-9.37738998315148,21.4777056940212,16.));
#3436=CARTESIAN_POINT('Ctrl Pts',(-9.37738998315148,21.7539873009139,13.));
#3437=CARTESIAN_POINT('Ctrl Pts',(-9.37738998315148,21.7539873009139,14.));
#3438=CARTESIAN_POINT('Ctrl Pts',(-9.37738998315148,21.7539873009139,15.));
#3439=CARTESIAN_POINT('Ctrl Pts',(-9.37738998315148,21.7539873009139,16.));
#3440=CARTESIAN_POINT('Ctrl Pts',(-9.15341809764158,21.9780345728563,13.));
#3441=CARTESIAN_POINT('Ctrl Pts',(-9.15341809764158,21.9780345728563,14.));
#3442=CARTESIAN_POINT('Ctrl Pts',(-9.15341809764158,21.9780345728563,15.));
#3443=CARTESIAN_POINT('Ctrl Pts',(-9.15341809764158,21.9780345728563,16.));
#3444=CARTESIAN_POINT('Ctrl Pts',(-8.87722945275866,21.9780345728563,13.));
#3445=CARTESIAN_POINT('Ctrl Pts',(-8.87722945275866,21.9780345728563,14.));
#3446=CARTESIAN_POINT('Ctrl Pts',(-8.87722945275866,21.9780345728563,15.));
#3447=CARTESIAN_POINT('Ctrl Pts',(-8.87722945275866,21.9780345728563,16.));
#3448=CARTESIAN_POINT('',(-9.37738998315148,21.4777056940212,13.));
#3449=CARTESIAN_POINT('Ctrl Pts',(-8.87722945275866,21.9780345728563,13.));
#3450=CARTESIAN_POINT('Ctrl Pts',(-9.15341809764158,21.9780345728563,13.));
#3451=CARTESIAN_POINT('Ctrl Pts',(-9.37738998315148,21.7539873009139,13.));
#3452=CARTESIAN_POINT('Ctrl Pts',(-9.37738998315148,21.4777056940212,13.));
#3453=CARTESIAN_POINT('',(-9.37738998315148,21.4777056940212,16.));
#3454=CARTESIAN_POINT('Ctrl Pts',(-9.37738998315148,21.4777056940212,16.));
#3455=CARTESIAN_POINT('Ctrl Pts',(-9.37738998315148,21.7539873009139,16.));
#3456=CARTESIAN_POINT('Ctrl Pts',(-9.15341809764158,21.9780345728563,16.));
#3457=CARTESIAN_POINT('Ctrl Pts',(-8.87722945275866,21.9780345728563,16.));
#3458=CARTESIAN_POINT('',(-9.37738998315148,21.4777056940212,12.9829518333333));
#3459=CARTESIAN_POINT('Origin',(-9.37738998315148,8.46915484430852,12.9829518333333));
#3460=CARTESIAN_POINT('',(-9.37738998315148,8.46915484430852,13.));
#3461=CARTESIAN_POINT('',(-9.37738998315148,2.63707742215429,13.));
#3462=CARTESIAN_POINT('',(-9.37738998315148,8.46915484430851,16.));
#3463=CARTESIAN_POINT('',(-9.37738998315148,2.63707742215429,16.));
#3464=CARTESIAN_POINT('',(-9.37738998315148,8.46915484430852,12.9829518333333));
#3465=CARTESIAN_POINT('Ctrl Pts',(-8.87722945275866,7.96882596547341,13.));
#3466=CARTESIAN_POINT('Ctrl Pts',(-8.87722945275866,7.96882596547341,14.));
#3467=CARTESIAN_POINT('Ctrl Pts',(-8.87722945275866,7.96882596547341,15.));
#3468=CARTESIAN_POINT('Ctrl Pts',(-8.87722945275866,7.96882596547341,16.));
#3469=CARTESIAN_POINT('Ctrl Pts',(-9.15341809764158,7.96882596547341,13.));
#3470=CARTESIAN_POINT('Ctrl Pts',(-9.15341809764158,7.96882596547341,14.));
#3471=CARTESIAN_POINT('Ctrl Pts',(-9.15341809764158,7.96882596547341,15.));
#3472=CARTESIAN_POINT('Ctrl Pts',(-9.15341809764158,7.96882596547341,16.));
#3473=CARTESIAN_POINT('Ctrl Pts',(-9.37738998315148,8.19287323741577,13.));
#3474=CARTESIAN_POINT('Ctrl Pts',(-9.37738998315148,8.19287323741577,14.));
#3475=CARTESIAN_POINT('Ctrl Pts',(-9.37738998315148,8.19287323741577,15.));
#3476=CARTESIAN_POINT('Ctrl Pts',(-9.37738998315148,8.19287323741577,16.));
#3477=CARTESIAN_POINT('Ctrl Pts',(-9.37738998315148,8.46915484430852,13.));
#3478=CARTESIAN_POINT('Ctrl Pts',(-9.37738998315148,8.46915484430852,14.));
#3479=CARTESIAN_POINT('Ctrl Pts',(-9.37738998315148,8.46915484430851,15.));
#3480=CARTESIAN_POINT('Ctrl Pts',(-9.37738998315148,8.46915484430851,16.));
#3481=CARTESIAN_POINT('',(-8.87722945275866,7.96882596547341,13.));
#3482=CARTESIAN_POINT('Ctrl Pts',(-9.37738998315148,8.46915484430852,13.));
#3483=CARTESIAN_POINT('Ctrl Pts',(-9.37738998315148,8.19287323741577,13.));
#3484=CARTESIAN_POINT('Ctrl Pts',(-9.15341809764158,7.96882596547341,13.));
#3485=CARTESIAN_POINT('Ctrl Pts',(-8.87722945275866,7.96882596547341,13.));
#3486=CARTESIAN_POINT('',(-8.87722945275866,7.96882596547341,16.));
#3487=CARTESIAN_POINT('Ctrl Pts',(-8.87722945275866,7.96882596547341,16.));
#3488=CARTESIAN_POINT('Ctrl Pts',(-9.15341809764158,7.96882596547341,16.));
#3489=CARTESIAN_POINT('Ctrl Pts',(-9.37738998315148,8.19287323741577,16.));
#3490=CARTESIAN_POINT('Ctrl Pts',(-9.37738998315148,8.46915484430851,16.));
#3491=CARTESIAN_POINT('',(-8.87722945275866,7.96882596547341,12.9829518333333));
#3492=CARTESIAN_POINT('Origin',(4.12694433745467,7.96882596547341,12.9829518333333));
#3493=CARTESIAN_POINT('',(1.3759721687275,7.96882596547341,13.));
#3494=CARTESIAN_POINT('',(1.3759721687275,7.96882596547341,16.));
#3495=CARTESIAN_POINT('Origin',(9.67872622481493,8.46915484430852,12.9829518333333));
#3496=CARTESIAN_POINT('',(9.67872622481493,21.4777056940212,13.));
#3497=CARTESIAN_POINT('',(9.67872622481493,8.46915484430852,13.));
#3498=CARTESIAN_POINT('',(9.67872622481493,2.63707742215429,13.));
#3499=CARTESIAN_POINT('',(9.67872622481493,21.4777056940212,16.));
#3500=CARTESIAN_POINT('',(9.67872622481493,21.4777056940212,12.9829518333333));
#3501=CARTESIAN_POINT('',(9.67872622481493,8.46915484430851,16.));
#3502=CARTESIAN_POINT('',(9.67872622481493,2.63707742215429,16.));
#3503=CARTESIAN_POINT('',(9.67872622481493,8.46915484430852,12.9829518333333));
#3504=CARTESIAN_POINT('Ctrl Pts',(10.1788867552078,7.96882596547341,13.));
#3505=CARTESIAN_POINT('Ctrl Pts',(10.1788867552078,7.96882596547341,14.));
#3506=CARTESIAN_POINT('Ctrl Pts',(10.1788867552078,7.96882596547341,15.));
#3507=CARTESIAN_POINT('Ctrl Pts',(10.1788867552078,7.96882596547341,16.));
#3508=CARTESIAN_POINT('Ctrl Pts',(9.90269811032487,7.96882596547341,13.));
#3509=CARTESIAN_POINT('Ctrl Pts',(9.90269811032487,7.96882596547341,14.));
#3510=CARTESIAN_POINT('Ctrl Pts',(9.90269811032487,7.96882596547341,15.));
#3511=CARTESIAN_POINT('Ctrl Pts',(9.90269811032487,7.96882596547341,16.));
#3512=CARTESIAN_POINT('Ctrl Pts',(9.67872622481497,8.19287323741577,13.));
#3513=CARTESIAN_POINT('Ctrl Pts',(9.67872622481497,8.19287323741577,14.));
#3514=CARTESIAN_POINT('Ctrl Pts',(9.67872622481497,8.19287323741577,15.));
#3515=CARTESIAN_POINT('Ctrl Pts',(9.67872622481497,8.19287323741577,16.));
#3516=CARTESIAN_POINT('Ctrl Pts',(9.67872622481497,8.46915484430852,13.));
#3517=CARTESIAN_POINT('Ctrl Pts',(9.67872622481497,8.46915484430852,14.));
#3518=CARTESIAN_POINT('Ctrl Pts',(9.67872622481497,8.46915484430851,15.));
#3519=CARTESIAN_POINT('Ctrl Pts',(9.67872622481497,8.46915484430851,16.));
#3520=CARTESIAN_POINT('',(10.1788867552078,7.96882596547341,13.));
#3521=CARTESIAN_POINT('Ctrl Pts',(9.67872622481497,8.46915484430852,13.));
#3522=CARTESIAN_POINT('Ctrl Pts',(9.67872622481497,8.19287323741577,13.));
#3523=CARTESIAN_POINT('Ctrl Pts',(9.90269811032487,7.96882596547341,13.));
#3524=CARTESIAN_POINT('Ctrl Pts',(10.1788867552078,7.96882596547341,13.));
#3525=CARTESIAN_POINT('',(10.1788867552078,7.96882596547341,16.));
#3526=CARTESIAN_POINT('Ctrl Pts',(10.1788867552078,7.96882596547341,16.));
#3527=CARTESIAN_POINT('Ctrl Pts',(9.90269811032487,7.96882596547341,16.));
#3528=CARTESIAN_POINT('Ctrl Pts',(9.67872622481497,8.19287323741577,16.));
#3529=CARTESIAN_POINT('Ctrl Pts',(9.67872622481497,8.46915484430851,16.));
#3530=CARTESIAN_POINT('',(10.1788867552078,7.96882596547341,12.9829518333333));
#3531=CARTESIAN_POINT('Origin',(23.1830605454211,7.96882596547341,12.9829518333333));
#3532=CARTESIAN_POINT('',(23.1830605454211,7.96882596547341,13.));
#3533=CARTESIAN_POINT('',(10.9040302727107,7.96882596547341,13.));
#3534=CARTESIAN_POINT('',(23.1830605454211,7.96882596547341,16.));
#3535=CARTESIAN_POINT('',(10.9040302727107,7.96882596547341,16.));
#3536=CARTESIAN_POINT('',(23.1830605454211,7.96882596547341,12.9829518333333));
#3537=CARTESIAN_POINT('Ctrl Pts',(23.6832210758139,8.46915484430852,13.));
#3538=CARTESIAN_POINT('Ctrl Pts',(23.6832210758139,8.46915484430852,14.));
#3539=CARTESIAN_POINT('Ctrl Pts',(23.6832210758139,8.46915484430851,15.));
#3540=CARTESIAN_POINT('Ctrl Pts',(23.6832210758139,8.46915484430851,16.));
#3541=CARTESIAN_POINT('Ctrl Pts',(23.6832210758139,8.19287323741577,13.));
#3542=CARTESIAN_POINT('Ctrl Pts',(23.6832210758139,8.19287323741577,14.));
#3543=CARTESIAN_POINT('Ctrl Pts',(23.6832210758139,8.19287323741577,15.));
#3544=CARTESIAN_POINT('Ctrl Pts',(23.6832210758139,8.19287323741577,16.));
#3545=CARTESIAN_POINT('Ctrl Pts',(23.459249190304,7.96882596547341,13.));
#3546=CARTESIAN_POINT('Ctrl Pts',(23.459249190304,7.96882596547341,14.));
#3547=CARTESIAN_POINT('Ctrl Pts',(23.459249190304,7.96882596547341,15.));
#3548=CARTESIAN_POINT('Ctrl Pts',(23.459249190304,7.96882596547341,16.));
#3549=CARTESIAN_POINT('Ctrl Pts',(23.1830605454211,7.96882596547341,13.));
#3550=CARTESIAN_POINT('Ctrl Pts',(23.1830605454211,7.96882596547341,14.));
#3551=CARTESIAN_POINT('Ctrl Pts',(23.1830605454211,7.96882596547341,15.));
#3552=CARTESIAN_POINT('Ctrl Pts',(23.1830605454211,7.96882596547341,16.));
#3553=CARTESIAN_POINT('',(23.6832210758139,8.46915484430852,13.));
#3554=CARTESIAN_POINT('Ctrl Pts',(23.1830605454211,7.96882596547341,13.));
#3555=CARTESIAN_POINT('Ctrl Pts',(23.459249190304,7.96882596547341,13.));
#3556=CARTESIAN_POINT('Ctrl Pts',(23.6832210758139,8.19287323741577,13.));
#3557=CARTESIAN_POINT('Ctrl Pts',(23.6832210758139,8.46915484430852,13.));
#3558=CARTESIAN_POINT('',(23.6832210758139,8.46915484430851,16.));
#3559=CARTESIAN_POINT('Ctrl Pts',(23.6832210758139,8.46915484430851,16.));
#3560=CARTESIAN_POINT('Ctrl Pts',(23.6832210758139,8.19287323741577,16.));
#3561=CARTESIAN_POINT('Ctrl Pts',(23.459249190304,7.96882596547341,16.));
#3562=CARTESIAN_POINT('Ctrl Pts',(23.1830605454211,7.96882596547341,16.));
#3563=CARTESIAN_POINT('',(23.6832210758139,8.46915484430852,12.9829518333333));
#3564=CARTESIAN_POINT('Origin',(23.6832210758139,21.4777056940212,12.9829518333333));
#3565=CARTESIAN_POINT('',(23.6832210758139,21.4777056940212,13.));
#3566=CARTESIAN_POINT('',(23.6832210758139,9.14135284701061,13.));
#3567=CARTESIAN_POINT('',(23.6832210758139,21.4777056940212,16.));
#3568=CARTESIAN_POINT('',(23.6832210758139,9.14135284701061,16.));
#3569=CARTESIAN_POINT('',(23.6832210758139,21.4777056940212,12.9829518333333));
#3570=CARTESIAN_POINT('Ctrl Pts',(23.1830605454211,21.9780345728563,13.));
#3571=CARTESIAN_POINT('Ctrl Pts',(23.1830605454211,21.9780345728563,14.));
#3572=CARTESIAN_POINT('Ctrl Pts',(23.1830605454211,21.9780345728563,15.));
#3573=CARTESIAN_POINT('Ctrl Pts',(23.1830605454211,21.9780345728563,16.));
#3574=CARTESIAN_POINT('Ctrl Pts',(23.459249190304,21.9780345728563,13.));
#3575=CARTESIAN_POINT('Ctrl Pts',(23.459249190304,21.9780345728563,14.));
#3576=CARTESIAN_POINT('Ctrl Pts',(23.459249190304,21.9780345728563,15.));
#3577=CARTESIAN_POINT('Ctrl Pts',(23.459249190304,21.9780345728563,16.));
#3578=CARTESIAN_POINT('Ctrl Pts',(23.6832210758139,21.7539873009139,13.));
#3579=CARTESIAN_POINT('Ctrl Pts',(23.6832210758139,21.7539873009139,14.));
#3580=CARTESIAN_POINT('Ctrl Pts',(23.6832210758139,21.7539873009139,15.));
#3581=CARTESIAN_POINT('Ctrl Pts',(23.6832210758139,21.7539873009139,16.));
#3582=CARTESIAN_POINT('Ctrl Pts',(23.6832210758139,21.4777056940212,13.));
#3583=CARTESIAN_POINT('Ctrl Pts',(23.6832210758139,21.4777056940212,14.));
#3584=CARTESIAN_POINT('Ctrl Pts',(23.6832210758139,21.4777056940212,15.));
#3585=CARTESIAN_POINT('Ctrl Pts',(23.6832210758139,21.4777056940212,16.));
#3586=CARTESIAN_POINT('',(23.1830605454211,21.9780345728563,13.));
#3587=CARTESIAN_POINT('Ctrl Pts',(23.6832210758139,21.4777056940212,13.));
#3588=CARTESIAN_POINT('Ctrl Pts',(23.6832210758139,21.7539873009139,13.));
#3589=CARTESIAN_POINT('Ctrl Pts',(23.459249190304,21.9780345728563,13.));
#3590=CARTESIAN_POINT('Ctrl Pts',(23.1830605454211,21.9780345728563,13.));
#3591=CARTESIAN_POINT('',(23.1830605454211,21.9780345728563,16.));
#3592=CARTESIAN_POINT('Ctrl Pts',(23.1830605454211,21.9780345728563,16.));
#3593=CARTESIAN_POINT('Ctrl Pts',(23.459249190304,21.9780345728563,16.));
#3594=CARTESIAN_POINT('Ctrl Pts',(23.6832210758139,21.7539873009139,16.));
#3595=CARTESIAN_POINT('Ctrl Pts',(23.6832210758139,21.4777056940212,16.));
#3596=CARTESIAN_POINT('',(23.1830605454211,21.9780345728563,12.9829518333333));
#3597=CARTESIAN_POINT('Origin',(10.1788867552078,21.9780345728563,12.9829518333333));
#3598=CARTESIAN_POINT('',(10.1788867552078,21.9780345728563,13.));
#3599=CARTESIAN_POINT('',(4.40194337760407,21.9780345728563,13.));
#3600=CARTESIAN_POINT('',(10.1788867552078,21.9780345728563,16.));
#3601=CARTESIAN_POINT('',(4.40194337760407,21.9780345728563,16.));
#3602=CARTESIAN_POINT('',(10.1788867552078,21.9780345728563,12.9829518333333));
#3603=CARTESIAN_POINT('Ctrl Pts',(9.67872622481497,21.4777056940212,13.));
#3604=CARTESIAN_POINT('Ctrl Pts',(9.67872622481497,21.4777056940212,14.));
#3605=CARTESIAN_POINT('Ctrl Pts',(9.67872622481497,21.4777056940212,15.));
#3606=CARTESIAN_POINT('Ctrl Pts',(9.67872622481497,21.4777056940212,16.));
#3607=CARTESIAN_POINT('Ctrl Pts',(9.67872622481497,21.7539873009139,13.));
#3608=CARTESIAN_POINT('Ctrl Pts',(9.67872622481497,21.7539873009139,14.));
#3609=CARTESIAN_POINT('Ctrl Pts',(9.67872622481497,21.7539873009139,15.));
#3610=CARTESIAN_POINT('Ctrl Pts',(9.67872622481497,21.7539873009139,16.));
#3611=CARTESIAN_POINT('Ctrl Pts',(9.90269811032487,21.9780345728563,13.));
#3612=CARTESIAN_POINT('Ctrl Pts',(9.90269811032487,21.9780345728563,14.));
#3613=CARTESIAN_POINT('Ctrl Pts',(9.90269811032487,21.9780345728563,15.));
#3614=CARTESIAN_POINT('Ctrl Pts',(9.90269811032487,21.9780345728563,16.));
#3615=CARTESIAN_POINT('Ctrl Pts',(10.1788867552078,21.9780345728563,13.));
#3616=CARTESIAN_POINT('Ctrl Pts',(10.1788867552078,21.9780345728563,14.));
#3617=CARTESIAN_POINT('Ctrl Pts',(10.1788867552078,21.9780345728563,15.));
#3618=CARTESIAN_POINT('Ctrl Pts',(10.1788867552078,21.9780345728563,16.));
#3619=CARTESIAN_POINT('Ctrl Pts',(10.1788867552078,21.9780345728563,13.));
#3620=CARTESIAN_POINT('Ctrl Pts',(9.90269811032487,21.9780345728563,13.));
#3621=CARTESIAN_POINT('Ctrl Pts',(9.67872622481497,21.7539873009139,13.));
#3622=CARTESIAN_POINT('Ctrl Pts',(9.67872622481497,21.4777056940212,13.));
#3623=CARTESIAN_POINT('Ctrl Pts',(9.67872622481497,21.4777056940212,16.));
#3624=CARTESIAN_POINT('Ctrl Pts',(9.67872622481497,21.7539873009139,16.));
#3625=CARTESIAN_POINT('Ctrl Pts',(9.90269811032487,21.9780345728563,16.));
#3626=CARTESIAN_POINT('Ctrl Pts',(10.1788867552078,21.9780345728563,16.));
#3627=CARTESIAN_POINT('Origin',(-47.4896223990844,8.46915484430852,12.9829518333333));
#3628=CARTESIAN_POINT('',(-47.4896223990844,21.4777056940212,13.));
#3629=CARTESIAN_POINT('',(-47.4896223990844,8.46915484430852,13.));
#3630=CARTESIAN_POINT('',(-47.4896223990844,2.63707742215429,13.));
#3631=CARTESIAN_POINT('',(-47.4896223990844,21.4777056940212,16.));
#3632=CARTESIAN_POINT('',(-47.4896223990844,21.4777056940212,12.9829518333333));
#3633=CARTESIAN_POINT('',(-47.4896223990844,8.46915484430851,16.));
#3634=CARTESIAN_POINT('',(-47.4896223990844,2.63707742215429,16.));
#3635=CARTESIAN_POINT('',(-47.4896223990844,8.46915484430852,12.9829518333333));
#3636=CARTESIAN_POINT('Ctrl Pts',(-46.9894618686916,7.96882596547341,13.));
#3637=CARTESIAN_POINT('Ctrl Pts',(-46.9894618686916,7.96882596547341,14.));
#3638=CARTESIAN_POINT('Ctrl Pts',(-46.9894618686916,7.96882596547341,15.));
#3639=CARTESIAN_POINT('Ctrl Pts',(-46.9894618686916,7.96882596547341,16.));
#3640=CARTESIAN_POINT('Ctrl Pts',(-47.2656505135745,7.96882596547341,13.));
#3641=CARTESIAN_POINT('Ctrl Pts',(-47.2656505135745,7.96882596547341,14.));
#3642=CARTESIAN_POINT('Ctrl Pts',(-47.2656505135745,7.96882596547341,15.));
#3643=CARTESIAN_POINT('Ctrl Pts',(-47.2656505135745,7.96882596547341,16.));
#3644=CARTESIAN_POINT('Ctrl Pts',(-47.4896223990844,8.19287323741577,13.));
#3645=CARTESIAN_POINT('Ctrl Pts',(-47.4896223990844,8.19287323741577,14.));
#3646=CARTESIAN_POINT('Ctrl Pts',(-47.4896223990844,8.19287323741577,15.));
#3647=CARTESIAN_POINT('Ctrl Pts',(-47.4896223990844,8.19287323741577,16.));
#3648=CARTESIAN_POINT('Ctrl Pts',(-47.4896223990844,8.46915484430852,13.));
#3649=CARTESIAN_POINT('Ctrl Pts',(-47.4896223990844,8.46915484430852,14.));
#3650=CARTESIAN_POINT('Ctrl Pts',(-47.4896223990844,8.46915484430851,15.));
#3651=CARTESIAN_POINT('Ctrl Pts',(-47.4896223990844,8.46915484430851,16.));
#3652=CARTESIAN_POINT('',(-46.9894618686916,7.96882596547341,13.));
#3653=CARTESIAN_POINT('Ctrl Pts',(-47.4896223990844,8.46915484430852,13.));
#3654=CARTESIAN_POINT('Ctrl Pts',(-47.4896223990844,8.19287323741577,13.));
#3655=CARTESIAN_POINT('Ctrl Pts',(-47.2656505135745,7.96882596547341,13.));
#3656=CARTESIAN_POINT('Ctrl Pts',(-46.9894618686916,7.96882596547341,13.));
#3657=CARTESIAN_POINT('',(-46.9894618686916,7.96882596547341,16.));
#3658=CARTESIAN_POINT('Ctrl Pts',(-46.9894618686916,7.96882596547341,16.));
#3659=CARTESIAN_POINT('Ctrl Pts',(-47.2656505135745,7.96882596547341,16.));
#3660=CARTESIAN_POINT('Ctrl Pts',(-47.4896223990844,8.19287323741577,16.));
#3661=CARTESIAN_POINT('Ctrl Pts',(-47.4896223990844,8.46915484430851,16.));
#3662=CARTESIAN_POINT('',(-46.9894618686916,7.96882596547341,12.9829518333333));
#3663=CARTESIAN_POINT('Origin',(-33.9852880784782,7.96882596547341,12.9829518333333));
#3664=CARTESIAN_POINT('',(-33.9852880784782,7.96882596547341,13.));
#3665=CARTESIAN_POINT('',(-17.680144039239,7.96882596547341,13.));
#3666=CARTESIAN_POINT('',(-33.9852880784782,7.96882596547341,16.));
#3667=CARTESIAN_POINT('',(-17.680144039239,7.96882596547341,16.));
#3668=CARTESIAN_POINT('',(-33.9852880784782,7.96882596547341,12.9829518333333));
#3669=CARTESIAN_POINT('Ctrl Pts',(-33.4851275480854,8.46915484430852,13.));
#3670=CARTESIAN_POINT('Ctrl Pts',(-33.4851275480854,8.46915484430852,14.));
#3671=CARTESIAN_POINT('Ctrl Pts',(-33.4851275480854,8.46915484430851,15.));
#3672=CARTESIAN_POINT('Ctrl Pts',(-33.4851275480854,8.46915484430851,16.));
#3673=CARTESIAN_POINT('Ctrl Pts',(-33.4851275480854,8.19287323741577,13.));
#3674=CARTESIAN_POINT('Ctrl Pts',(-33.4851275480854,8.19287323741577,14.));
#3675=CARTESIAN_POINT('Ctrl Pts',(-33.4851275480854,8.19287323741577,15.));
#3676=CARTESIAN_POINT('Ctrl Pts',(-33.4851275480854,8.19287323741577,16.));
#3677=CARTESIAN_POINT('Ctrl Pts',(-33.7090994335953,7.96882596547341,13.));
#3678=CARTESIAN_POINT('Ctrl Pts',(-33.7090994335953,7.96882596547341,14.));
#3679=CARTESIAN_POINT('Ctrl Pts',(-33.7090994335953,7.96882596547341,15.));
#3680=CARTESIAN_POINT('Ctrl Pts',(-33.7090994335953,7.96882596547341,16.));
#3681=CARTESIAN_POINT('Ctrl Pts',(-33.9852880784782,7.96882596547341,13.));
#3682=CARTESIAN_POINT('Ctrl Pts',(-33.9852880784782,7.96882596547341,14.));
#3683=CARTESIAN_POINT('Ctrl Pts',(-33.9852880784782,7.96882596547341,15.));
#3684=CARTESIAN_POINT('Ctrl Pts',(-33.9852880784782,7.96882596547341,16.));
#3685=CARTESIAN_POINT('',(-33.4851275480854,8.46915484430852,13.));
#3686=CARTESIAN_POINT('Ctrl Pts',(-33.9852880784782,7.96882596547341,13.));
#3687=CARTESIAN_POINT('Ctrl Pts',(-33.7090994335953,7.96882596547341,13.));
#3688=CARTESIAN_POINT('Ctrl Pts',(-33.4851275480854,8.19287323741577,13.));
#3689=CARTESIAN_POINT('Ctrl Pts',(-33.4851275480854,8.46915484430852,13.));
#3690=CARTESIAN_POINT('',(-33.4851275480854,8.46915484430851,16.));
#3691=CARTESIAN_POINT('Ctrl Pts',(-33.4851275480854,8.46915484430851,16.));
#3692=CARTESIAN_POINT('Ctrl Pts',(-33.4851275480854,8.19287323741577,16.));
#3693=CARTESIAN_POINT('Ctrl Pts',(-33.7090994335953,7.96882596547341,16.));
#3694=CARTESIAN_POINT('Ctrl Pts',(-33.9852880784782,7.96882596547341,16.));
#3695=CARTESIAN_POINT('',(-33.4851275480854,8.46915484430852,12.9829518333333));
#3696=CARTESIAN_POINT('Origin',(-33.4851275480854,21.4777056940212,12.9829518333333));
#3697=CARTESIAN_POINT('',(-33.4851275480854,21.4777056940212,13.));
#3698=CARTESIAN_POINT('',(-33.4851275480854,9.14135284701061,13.));
#3699=CARTESIAN_POINT('',(-33.4851275480854,21.4777056940212,16.));
#3700=CARTESIAN_POINT('',(-33.4851275480854,9.14135284701061,16.));
#3701=CARTESIAN_POINT('',(-33.4851275480854,21.4777056940212,12.9829518333333));
#3702=CARTESIAN_POINT('Ctrl Pts',(-33.9852880784782,21.9780345728563,13.));
#3703=CARTESIAN_POINT('Ctrl Pts',(-33.9852880784782,21.9780345728563,14.));
#3704=CARTESIAN_POINT('Ctrl Pts',(-33.9852880784782,21.9780345728563,15.));
#3705=CARTESIAN_POINT('Ctrl Pts',(-33.9852880784782,21.9780345728563,16.));
#3706=CARTESIAN_POINT('Ctrl Pts',(-33.7090994335953,21.9780345728563,13.));
#3707=CARTESIAN_POINT('Ctrl Pts',(-33.7090994335953,21.9780345728563,14.));
#3708=CARTESIAN_POINT('Ctrl Pts',(-33.7090994335953,21.9780345728563,15.));
#3709=CARTESIAN_POINT('Ctrl Pts',(-33.7090994335953,21.9780345728563,16.));
#3710=CARTESIAN_POINT('Ctrl Pts',(-33.4851275480854,21.7539873009139,13.));
#3711=CARTESIAN_POINT('Ctrl Pts',(-33.4851275480854,21.7539873009139,14.));
#3712=CARTESIAN_POINT('Ctrl Pts',(-33.4851275480854,21.7539873009139,15.));
#3713=CARTESIAN_POINT('Ctrl Pts',(-33.4851275480854,21.7539873009139,16.));
#3714=CARTESIAN_POINT('Ctrl Pts',(-33.4851275480854,21.4777056940212,13.));
#3715=CARTESIAN_POINT('Ctrl Pts',(-33.4851275480854,21.4777056940212,14.));
#3716=CARTESIAN_POINT('Ctrl Pts',(-33.4851275480854,21.4777056940212,15.));
#3717=CARTESIAN_POINT('Ctrl Pts',(-33.4851275480854,21.4777056940212,16.));
#3718=CARTESIAN_POINT('',(-33.9852880784782,21.9780345728563,13.));
#3719=CARTESIAN_POINT('Ctrl Pts',(-33.4851275480854,21.4777056940212,13.));
#3720=CARTESIAN_POINT('Ctrl Pts',(-33.4851275480854,21.7539873009139,13.));
#3721=CARTESIAN_POINT('Ctrl Pts',(-33.7090994335953,21.9780345728563,13.));
#3722=CARTESIAN_POINT('Ctrl Pts',(-33.9852880784782,21.9780345728563,13.));
#3723=CARTESIAN_POINT('',(-33.9852880784782,21.9780345728563,16.));
#3724=CARTESIAN_POINT('Ctrl Pts',(-33.9852880784782,21.9780345728563,16.));
#3725=CARTESIAN_POINT('Ctrl Pts',(-33.7090994335953,21.9780345728563,16.));
#3726=CARTESIAN_POINT('Ctrl Pts',(-33.4851275480854,21.7539873009139,16.));
#3727=CARTESIAN_POINT('Ctrl Pts',(-33.4851275480854,21.4777056940212,16.));
#3728=CARTESIAN_POINT('',(-33.9852880784782,21.9780345728563,12.9829518333333));
#3729=CARTESIAN_POINT('Origin',(-46.9894618686916,21.9780345728563,12.9829518333333));
#3730=CARTESIAN_POINT('',(-46.9894618686916,21.9780345728563,13.));
#3731=CARTESIAN_POINT('',(-24.1822309343456,21.9780345728563,13.));
#3732=CARTESIAN_POINT('',(-46.9894618686916,21.9780345728563,16.));
#3733=CARTESIAN_POINT('',(-24.1822309343456,21.9780345728563,16.));
#3734=CARTESIAN_POINT('',(-46.9894618686916,21.9780345728563,12.9829518333333));
#3735=CARTESIAN_POINT('Ctrl Pts',(-47.4896223990844,21.4777056940212,13.));
#3736=CARTESIAN_POINT('Ctrl Pts',(-47.4896223990844,21.4777056940212,14.));
#3737=CARTESIAN_POINT('Ctrl Pts',(-47.4896223990844,21.4777056940212,15.));
#3738=CARTESIAN_POINT('Ctrl Pts',(-47.4896223990844,21.4777056940212,16.));
#3739=CARTESIAN_POINT('Ctrl Pts',(-47.4896223990844,21.7539873009139,13.));
#3740=CARTESIAN_POINT('Ctrl Pts',(-47.4896223990844,21.7539873009139,14.));
#3741=CARTESIAN_POINT('Ctrl Pts',(-47.4896223990844,21.7539873009139,15.));
#3742=CARTESIAN_POINT('Ctrl Pts',(-47.4896223990844,21.7539873009139,16.));
#3743=CARTESIAN_POINT('Ctrl Pts',(-47.2656505135745,21.9780345728563,13.));
#3744=CARTESIAN_POINT('Ctrl Pts',(-47.2656505135745,21.9780345728563,14.));
#3745=CARTESIAN_POINT('Ctrl Pts',(-47.2656505135745,21.9780345728563,15.));
#3746=CARTESIAN_POINT('Ctrl Pts',(-47.2656505135745,21.9780345728563,16.));
#3747=CARTESIAN_POINT('Ctrl Pts',(-46.9894618686916,21.9780345728563,13.));
#3748=CARTESIAN_POINT('Ctrl Pts',(-46.9894618686916,21.9780345728563,14.));
#3749=CARTESIAN_POINT('Ctrl Pts',(-46.9894618686916,21.9780345728563,15.));
#3750=CARTESIAN_POINT('Ctrl Pts',(-46.9894618686916,21.9780345728563,16.));
#3751=CARTESIAN_POINT('Ctrl Pts',(-46.9894618686916,21.9780345728563,13.));
#3752=CARTESIAN_POINT('Ctrl Pts',(-47.2656505135745,21.9780345728563,13.));
#3753=CARTESIAN_POINT('Ctrl Pts',(-47.4896223990844,21.7539873009139,13.));
#3754=CARTESIAN_POINT('Ctrl Pts',(-47.4896223990844,21.4777056940212,13.));
#3755=CARTESIAN_POINT('Ctrl Pts',(-47.4896223990844,21.4777056940212,16.));
#3756=CARTESIAN_POINT('Ctrl Pts',(-47.4896223990844,21.7539873009139,16.));
#3757=CARTESIAN_POINT('Ctrl Pts',(-47.2656505135745,21.9780345728563,16.));
#3758=CARTESIAN_POINT('Ctrl Pts',(-46.9894618686916,21.9780345728563,16.));
#3759=CARTESIAN_POINT('Origin',(9.67872622481493,-10.5933754393089,12.9829518333333));
#3760=CARTESIAN_POINT('',(9.67872622481493,2.41517541040379,13.));
#3761=CARTESIAN_POINT('',(9.67872622481493,-10.5933754393089,13.));
#3762=CARTESIAN_POINT('',(9.67872622481493,-6.8941877196544,13.));
#3763=CARTESIAN_POINT('',(9.67872622481493,2.41517541040379,16.));
#3764=CARTESIAN_POINT('',(9.67872622481493,2.41517541040379,12.9829518333333));
#3765=CARTESIAN_POINT('',(9.67872622481493,-10.5933754393089,16.));
#3766=CARTESIAN_POINT('',(9.67872622481493,-6.8941877196544,16.));
#3767=CARTESIAN_POINT('',(9.67872622481493,-10.5933754393089,12.9829518333333));
#3768=CARTESIAN_POINT('Ctrl Pts',(10.1788867552078,-11.093704318144,13.));
#3769=CARTESIAN_POINT('Ctrl Pts',(10.1788867552078,-11.093704318144,14.));
#3770=CARTESIAN_POINT('Ctrl Pts',(10.1788867552078,-11.093704318144,15.));
#3771=CARTESIAN_POINT('Ctrl Pts',(10.1788867552078,-11.093704318144,16.0000000000001));
#3772=CARTESIAN_POINT('Ctrl Pts',(9.90269811032487,-11.093704318144,13.));
#3773=CARTESIAN_POINT('Ctrl Pts',(9.90269811032487,-11.093704318144,14.));
#3774=CARTESIAN_POINT('Ctrl Pts',(9.90269811032487,-11.093704318144,15.));
#3775=CARTESIAN_POINT('Ctrl Pts',(9.90269811032487,-11.093704318144,16.0000000000001));
#3776=CARTESIAN_POINT('Ctrl Pts',(9.67872622481497,-10.8696570462016,13.));
#3777=CARTESIAN_POINT('Ctrl Pts',(9.67872622481497,-10.8696570462016,14.));
#3778=CARTESIAN_POINT('Ctrl Pts',(9.67872622481497,-10.8696570462016,15.));
#3779=CARTESIAN_POINT('Ctrl Pts',(9.67872622481497,-10.8696570462016,16.0000000000001));
#3780=CARTESIAN_POINT('Ctrl Pts',(9.67872622481497,-10.5933754393089,13.));
#3781=CARTESIAN_POINT('Ctrl Pts',(9.67872622481497,-10.5933754393089,14.));
#3782=CARTESIAN_POINT('Ctrl Pts',(9.67872622481497,-10.5933754393089,15.));
#3783=CARTESIAN_POINT('Ctrl Pts',(9.67872622481497,-10.5933754393089,16.0000000000001));
#3784=CARTESIAN_POINT('',(10.1788867552078,-11.093704318144,13.));
#3785=CARTESIAN_POINT('Ctrl Pts',(9.67872622481497,-10.5933754393089,13.));
#3786=CARTESIAN_POINT('Ctrl Pts',(9.67872622481497,-10.8696570462016,13.));
#3787=CARTESIAN_POINT('Ctrl Pts',(9.90269811032487,-11.093704318144,13.));
#3788=CARTESIAN_POINT('Ctrl Pts',(10.1788867552078,-11.093704318144,13.));
#3789=CARTESIAN_POINT('',(10.1788867552078,-11.093704318144,16.));
#3790=CARTESIAN_POINT('Ctrl Pts',(10.1788867552078,-11.093704318144,16.));
#3791=CARTESIAN_POINT('Ctrl Pts',(9.90269811032487,-11.093704318144,16.));
#3792=CARTESIAN_POINT('Ctrl Pts',(9.67872622481497,-10.8696570462016,16.));
#3793=CARTESIAN_POINT('Ctrl Pts',(9.67872622481497,-10.5933754393089,16.));
#3794=CARTESIAN_POINT('',(10.1788867552078,-11.093704318144,12.9829518333333));
#3795=CARTESIAN_POINT('Origin',(23.1830605454211,-11.0937043181439,12.9829518333333));
#3796=CARTESIAN_POINT('',(23.1830605454211,-11.0937043181439,13.));
#3797=CARTESIAN_POINT('',(10.9040302727107,-11.0937043181439,13.));
#3798=CARTESIAN_POINT('',(23.1830605454211,-11.0937043181439,16.));
#3799=CARTESIAN_POINT('',(10.9040302727107,-11.0937043181439,16.));
#3800=CARTESIAN_POINT('',(23.1830605454211,-11.0937043181439,12.9829518333333));
#3801=CARTESIAN_POINT('Ctrl Pts',(23.6832210758139,-10.5933754393089,13.));
#3802=CARTESIAN_POINT('Ctrl Pts',(23.6832210758139,-10.5933754393089,14.));
#3803=CARTESIAN_POINT('Ctrl Pts',(23.6832210758139,-10.5933754393089,15.));
#3804=CARTESIAN_POINT('Ctrl Pts',(23.6832210758139,-10.5933754393089,16.0000000000001));
#3805=CARTESIAN_POINT('Ctrl Pts',(23.6832210758139,-10.8696570462016,13.));
#3806=CARTESIAN_POINT('Ctrl Pts',(23.6832210758139,-10.8696570462016,14.));
#3807=CARTESIAN_POINT('Ctrl Pts',(23.6832210758139,-10.8696570462016,15.));
#3808=CARTESIAN_POINT('Ctrl Pts',(23.6832210758139,-10.8696570462016,16.0000000000001));
#3809=CARTESIAN_POINT('Ctrl Pts',(23.459249190304,-11.093704318144,13.));
#3810=CARTESIAN_POINT('Ctrl Pts',(23.459249190304,-11.093704318144,14.));
#3811=CARTESIAN_POINT('Ctrl Pts',(23.459249190304,-11.093704318144,15.));
#3812=CARTESIAN_POINT('Ctrl Pts',(23.459249190304,-11.093704318144,16.0000000000001));
#3813=CARTESIAN_POINT('Ctrl Pts',(23.1830605454211,-11.093704318144,13.));
#3814=CARTESIAN_POINT('Ctrl Pts',(23.1830605454211,-11.093704318144,14.));
#3815=CARTESIAN_POINT('Ctrl Pts',(23.1830605454211,-11.093704318144,15.));
#3816=CARTESIAN_POINT('Ctrl Pts',(23.1830605454211,-11.093704318144,16.0000000000001));
#3817=CARTESIAN_POINT('',(23.6832210758139,-10.5933754393089,13.));
#3818=CARTESIAN_POINT('Ctrl Pts',(23.1830605454211,-11.093704318144,13.));
#3819=CARTESIAN_POINT('Ctrl Pts',(23.459249190304,-11.093704318144,13.));
#3820=CARTESIAN_POINT('Ctrl Pts',(23.6832210758139,-10.8696570462016,13.));
#3821=CARTESIAN_POINT('Ctrl Pts',(23.6832210758139,-10.5933754393089,13.));
#3822=CARTESIAN_POINT('',(23.6832210758139,-10.5933754393089,16.));
#3823=CARTESIAN_POINT('Ctrl Pts',(23.6832210758139,-10.5933754393089,16.));
#3824=CARTESIAN_POINT('Ctrl Pts',(23.6832210758139,-10.8696570462016,16.));
#3825=CARTESIAN_POINT('Ctrl Pts',(23.459249190304,-11.093704318144,16.));
#3826=CARTESIAN_POINT('Ctrl Pts',(23.1830605454211,-11.093704318144,16.));
#3827=CARTESIAN_POINT('',(23.6832210758139,-10.5933754393089,12.9829518333333));
#3828=CARTESIAN_POINT('Origin',(23.6832210758139,2.41517541040379,12.9829518333333));
#3829=CARTESIAN_POINT('',(23.6832210758139,2.41517541040379,13.));
#3830=CARTESIAN_POINT('',(23.6832210758139,-0.389912294798077,13.));
#3831=CARTESIAN_POINT('',(23.6832210758139,2.41517541040379,16.));
#3832=CARTESIAN_POINT('',(23.6832210758139,-0.389912294798073,16.));
#3833=CARTESIAN_POINT('',(23.6832210758139,2.41517541040379,12.9829518333333));
#3834=CARTESIAN_POINT('Ctrl Pts',(23.1830605454211,2.91550428923889,13.));
#3835=CARTESIAN_POINT('Ctrl Pts',(23.1830605454211,2.91550428923889,14.));
#3836=CARTESIAN_POINT('Ctrl Pts',(23.1830605454211,2.91550428923889,15.));
#3837=CARTESIAN_POINT('Ctrl Pts',(23.1830605454211,2.91550428923889,16.));
#3838=CARTESIAN_POINT('Ctrl Pts',(23.459249190304,2.91550428923889,13.));
#3839=CARTESIAN_POINT('Ctrl Pts',(23.459249190304,2.91550428923889,14.));
#3840=CARTESIAN_POINT('Ctrl Pts',(23.459249190304,2.91550428923889,15.));
#3841=CARTESIAN_POINT('Ctrl Pts',(23.459249190304,2.91550428923889,16.));
#3842=CARTESIAN_POINT('Ctrl Pts',(23.6832210758139,2.69145701729653,13.));
#3843=CARTESIAN_POINT('Ctrl Pts',(23.6832210758139,2.69145701729653,14.));
#3844=CARTESIAN_POINT('Ctrl Pts',(23.6832210758139,2.69145701729653,15.));
#3845=CARTESIAN_POINT('Ctrl Pts',(23.6832210758139,2.69145701729653,16.));
#3846=CARTESIAN_POINT('Ctrl Pts',(23.6832210758139,2.41517541040379,13.));
#3847=CARTESIAN_POINT('Ctrl Pts',(23.6832210758139,2.41517541040379,14.));
#3848=CARTESIAN_POINT('Ctrl Pts',(23.6832210758139,2.41517541040378,15.));
#3849=CARTESIAN_POINT('Ctrl Pts',(23.6832210758139,2.41517541040378,16.));
#3850=CARTESIAN_POINT('',(23.1830605454211,2.91550428923889,13.));
#3851=CARTESIAN_POINT('Ctrl Pts',(23.6832210758139,2.41517541040379,13.));
#3852=CARTESIAN_POINT('Ctrl Pts',(23.6832210758139,2.69145701729653,13.));
#3853=CARTESIAN_POINT('Ctrl Pts',(23.459249190304,2.91550428923889,13.));
#3854=CARTESIAN_POINT('Ctrl Pts',(23.1830605454211,2.91550428923889,13.));
#3855=CARTESIAN_POINT('',(23.1830605454211,2.91550428923889,16.));
#3856=CARTESIAN_POINT('Ctrl Pts',(23.1830605454211,2.91550428923889,16.));
#3857=CARTESIAN_POINT('Ctrl Pts',(23.459249190304,2.91550428923889,16.));
#3858=CARTESIAN_POINT('Ctrl Pts',(23.6832210758139,2.69145701729653,16.));
#3859=CARTESIAN_POINT('Ctrl Pts',(23.6832210758139,2.41517541040378,16.));
#3860=CARTESIAN_POINT('',(23.1830605454211,2.91550428923889,12.9829518333333));
#3861=CARTESIAN_POINT('Origin',(10.1788867552078,2.9155042892389,12.9829518333333));
#3862=CARTESIAN_POINT('',(10.1788867552078,2.9155042892389,13.));
#3863=CARTESIAN_POINT('',(4.40194337760407,2.9155042892389,13.));
#3864=CARTESIAN_POINT('',(10.1788867552078,2.9155042892389,16.));
#3865=CARTESIAN_POINT('',(4.40194337760407,2.9155042892389,16.));
#3866=CARTESIAN_POINT('',(10.1788867552078,2.9155042892389,12.9829518333333));
#3867=CARTESIAN_POINT('Ctrl Pts',(9.67872622481497,2.41517541040379,13.));
#3868=CARTESIAN_POINT('Ctrl Pts',(9.67872622481497,2.41517541040379,14.));
#3869=CARTESIAN_POINT('Ctrl Pts',(9.67872622481497,2.41517541040378,15.));
#3870=CARTESIAN_POINT('Ctrl Pts',(9.67872622481497,2.41517541040378,16.));
#3871=CARTESIAN_POINT('Ctrl Pts',(9.67872622481497,2.69145701729653,13.));
#3872=CARTESIAN_POINT('Ctrl Pts',(9.67872622481497,2.69145701729653,14.));
#3873=CARTESIAN_POINT('Ctrl Pts',(9.67872622481497,2.69145701729653,15.));
#3874=CARTESIAN_POINT('Ctrl Pts',(9.67872622481497,2.69145701729653,16.));
#3875=CARTESIAN_POINT('Ctrl Pts',(9.90269811032487,2.91550428923889,13.));
#3876=CARTESIAN_POINT('Ctrl Pts',(9.90269811032487,2.91550428923889,14.));
#3877=CARTESIAN_POINT('Ctrl Pts',(9.90269811032487,2.91550428923889,15.));
#3878=CARTESIAN_POINT('Ctrl Pts',(9.90269811032487,2.91550428923889,16.));
#3879=CARTESIAN_POINT('Ctrl Pts',(10.1788867552078,2.91550428923889,13.));
#3880=CARTESIAN_POINT('Ctrl Pts',(10.1788867552078,2.91550428923889,14.));
#3881=CARTESIAN_POINT('Ctrl Pts',(10.1788867552078,2.91550428923889,15.));
#3882=CARTESIAN_POINT('Ctrl Pts',(10.1788867552078,2.91550428923889,16.));
#3883=CARTESIAN_POINT('Ctrl Pts',(10.1788867552078,2.91550428923889,13.));
#3884=CARTESIAN_POINT('Ctrl Pts',(9.90269811032487,2.91550428923889,13.));
#3885=CARTESIAN_POINT('Ctrl Pts',(9.67872622481497,2.69145701729653,13.));
#3886=CARTESIAN_POINT('Ctrl Pts',(9.67872622481497,2.41517541040379,13.));
#3887=CARTESIAN_POINT('Ctrl Pts',(9.67872622481497,2.41517541040378,16.));
#3888=CARTESIAN_POINT('Ctrl Pts',(9.67872622481497,2.69145701729653,16.));
#3889=CARTESIAN_POINT('Ctrl Pts',(9.90269811032487,2.91550428923889,16.));
#3890=CARTESIAN_POINT('Ctrl Pts',(10.1788867552078,2.91550428923889,16.));
#3891=CARTESIAN_POINT('Origin',(-28.433506191118,-10.5933754393089,12.9829518333333));
#3892=CARTESIAN_POINT('',(-28.433506191118,2.41517541040379,13.));
#3893=CARTESIAN_POINT('',(-28.433506191118,-10.5933754393089,13.));
#3894=CARTESIAN_POINT('',(-28.433506191118,-6.8941877196544,13.));
#3895=CARTESIAN_POINT('',(-28.433506191118,2.41517541040379,16.));
#3896=CARTESIAN_POINT('',(-28.433506191118,2.41517541040379,12.9829518333333));
#3897=CARTESIAN_POINT('',(-28.433506191118,-10.5933754393089,16.));
#3898=CARTESIAN_POINT('',(-28.433506191118,-6.8941877196544,16.));
#3899=CARTESIAN_POINT('',(-28.433506191118,-10.5933754393089,12.9829518333333));
#3900=CARTESIAN_POINT('Ctrl Pts',(-27.9333456607251,-11.093704318144,13.));
#3901=CARTESIAN_POINT('Ctrl Pts',(-27.9333456607251,-11.093704318144,14.));
#3902=CARTESIAN_POINT('Ctrl Pts',(-27.9333456607251,-11.093704318144,15.));
#3903=CARTESIAN_POINT('Ctrl Pts',(-27.9333456607251,-11.093704318144,16.0000000000001));
#3904=CARTESIAN_POINT('Ctrl Pts',(-28.209534305608,-11.093704318144,13.));
#3905=CARTESIAN_POINT('Ctrl Pts',(-28.209534305608,-11.093704318144,14.));
#3906=CARTESIAN_POINT('Ctrl Pts',(-28.209534305608,-11.093704318144,15.));
#3907=CARTESIAN_POINT('Ctrl Pts',(-28.209534305608,-11.093704318144,16.0000000000001));
#3908=CARTESIAN_POINT('Ctrl Pts',(-28.4335061911179,-10.8696570462016,13.));
#3909=CARTESIAN_POINT('Ctrl Pts',(-28.4335061911179,-10.8696570462016,14.));
#3910=CARTESIAN_POINT('Ctrl Pts',(-28.4335061911179,-10.8696570462016,15.));
#3911=CARTESIAN_POINT('Ctrl Pts',(-28.4335061911179,-10.8696570462016,16.0000000000001));
#3912=CARTESIAN_POINT('Ctrl Pts',(-28.4335061911179,-10.5933754393089,13.));
#3913=CARTESIAN_POINT('Ctrl Pts',(-28.4335061911179,-10.5933754393089,14.));
#3914=CARTESIAN_POINT('Ctrl Pts',(-28.4335061911179,-10.5933754393089,15.));
#3915=CARTESIAN_POINT('Ctrl Pts',(-28.4335061911179,-10.5933754393089,16.0000000000001));
#3916=CARTESIAN_POINT('',(-27.9333456607251,-11.093704318144,13.));
#3917=CARTESIAN_POINT('Ctrl Pts',(-28.4335061911179,-10.5933754393089,13.));
#3918=CARTESIAN_POINT('Ctrl Pts',(-28.4335061911179,-10.8696570462016,13.));
#3919=CARTESIAN_POINT('Ctrl Pts',(-28.209534305608,-11.093704318144,13.));
#3920=CARTESIAN_POINT('Ctrl Pts',(-27.9333456607251,-11.093704318144,13.));
#3921=CARTESIAN_POINT('',(-27.9333456607251,-11.093704318144,16.));
#3922=CARTESIAN_POINT('Ctrl Pts',(-27.9333456607251,-11.093704318144,16.));
#3923=CARTESIAN_POINT('Ctrl Pts',(-28.209534305608,-11.093704318144,16.));
#3924=CARTESIAN_POINT('Ctrl Pts',(-28.4335061911179,-10.8696570462016,16.));
#3925=CARTESIAN_POINT('Ctrl Pts',(-28.4335061911179,-10.5933754393089,16.));
#3926=CARTESIAN_POINT('',(-27.9333456607251,-11.093704318144,12.9829518333333));
#3927=CARTESIAN_POINT('Origin',(-14.9291718705118,-11.0937043181439,12.9829518333333));
#3928=CARTESIAN_POINT('',(-14.9291718705118,-11.0937043181439,13.));
#3929=CARTESIAN_POINT('',(-8.15208593525572,-11.0937043181439,13.));
#3930=CARTESIAN_POINT('',(-14.9291718705118,-11.0937043181439,16.));
#3931=CARTESIAN_POINT('',(-8.15208593525572,-11.0937043181439,16.));
#3932=CARTESIAN_POINT('',(-14.9291718705118,-11.0937043181439,12.9829518333333));
#3933=CARTESIAN_POINT('Ctrl Pts',(-14.429011340119,-10.5933754393089,13.));
#3934=CARTESIAN_POINT('Ctrl Pts',(-14.429011340119,-10.5933754393089,14.));
#3935=CARTESIAN_POINT('Ctrl Pts',(-14.429011340119,-10.5933754393089,15.));
#3936=CARTESIAN_POINT('Ctrl Pts',(-14.429011340119,-10.5933754393089,16.0000000000001));
#3937=CARTESIAN_POINT('Ctrl Pts',(-14.429011340119,-10.8696570462016,13.));
#3938=CARTESIAN_POINT('Ctrl Pts',(-14.429011340119,-10.8696570462016,14.));
#3939=CARTESIAN_POINT('Ctrl Pts',(-14.429011340119,-10.8696570462016,15.));
#3940=CARTESIAN_POINT('Ctrl Pts',(-14.429011340119,-10.8696570462016,16.0000000000001));
#3941=CARTESIAN_POINT('Ctrl Pts',(-14.6529832256289,-11.093704318144,13.));
#3942=CARTESIAN_POINT('Ctrl Pts',(-14.6529832256289,-11.093704318144,14.));
#3943=CARTESIAN_POINT('Ctrl Pts',(-14.6529832256289,-11.093704318144,15.));
#3944=CARTESIAN_POINT('Ctrl Pts',(-14.6529832256289,-11.093704318144,16.0000000000001));
#3945=CARTESIAN_POINT('Ctrl Pts',(-14.9291718705118,-11.093704318144,13.));
#3946=CARTESIAN_POINT('Ctrl Pts',(-14.9291718705118,-11.093704318144,14.));
#3947=CARTESIAN_POINT('Ctrl Pts',(-14.9291718705118,-11.093704318144,15.));
#3948=CARTESIAN_POINT('Ctrl Pts',(-14.9291718705118,-11.093704318144,16.0000000000001));
#3949=CARTESIAN_POINT('',(-14.429011340119,-10.5933754393089,13.));
#3950=CARTESIAN_POINT('Ctrl Pts',(-14.9291718705118,-11.093704318144,13.));
#3951=CARTESIAN_POINT('Ctrl Pts',(-14.6529832256289,-11.093704318144,13.));
#3952=CARTESIAN_POINT('Ctrl Pts',(-14.429011340119,-10.8696570462016,13.));
#3953=CARTESIAN_POINT('Ctrl Pts',(-14.429011340119,-10.5933754393089,13.));
#3954=CARTESIAN_POINT('',(-14.429011340119,-10.5933754393089,16.));
#3955=CARTESIAN_POINT('Ctrl Pts',(-14.429011340119,-10.5933754393089,16.));
#3956=CARTESIAN_POINT('Ctrl Pts',(-14.429011340119,-10.8696570462016,16.));
#3957=CARTESIAN_POINT('Ctrl Pts',(-14.6529832256289,-11.093704318144,16.));
#3958=CARTESIAN_POINT('Ctrl Pts',(-14.9291718705118,-11.093704318144,16.));
#3959=CARTESIAN_POINT('',(-14.429011340119,-10.5933754393089,12.9829518333333));
#3960=CARTESIAN_POINT('Origin',(-14.429011340119,2.41517541040379,12.9829518333333));
#3961=CARTESIAN_POINT('',(-14.429011340119,2.41517541040379,13.));
#3962=CARTESIAN_POINT('',(-14.429011340119,-0.389912294798077,13.));
#3963=CARTESIAN_POINT('',(-14.429011340119,2.41517541040379,16.));
#3964=CARTESIAN_POINT('',(-14.429011340119,-0.389912294798073,16.));
#3965=CARTESIAN_POINT('',(-14.429011340119,2.41517541040379,12.9829518333333));
#3966=CARTESIAN_POINT('Ctrl Pts',(-14.9291718705118,2.91550428923889,13.));
#3967=CARTESIAN_POINT('Ctrl Pts',(-14.9291718705118,2.91550428923889,14.));
#3968=CARTESIAN_POINT('Ctrl Pts',(-14.9291718705118,2.91550428923889,15.));
#3969=CARTESIAN_POINT('Ctrl Pts',(-14.9291718705118,2.91550428923889,16.));
#3970=CARTESIAN_POINT('Ctrl Pts',(-14.6529832256289,2.91550428923889,13.));
#3971=CARTESIAN_POINT('Ctrl Pts',(-14.6529832256289,2.91550428923889,14.));
#3972=CARTESIAN_POINT('Ctrl Pts',(-14.6529832256289,2.91550428923889,15.));
#3973=CARTESIAN_POINT('Ctrl Pts',(-14.6529832256289,2.91550428923889,16.));
#3974=CARTESIAN_POINT('Ctrl Pts',(-14.429011340119,2.69145701729653,13.));
#3975=CARTESIAN_POINT('Ctrl Pts',(-14.429011340119,2.69145701729653,14.));
#3976=CARTESIAN_POINT('Ctrl Pts',(-14.429011340119,2.69145701729653,15.));
#3977=CARTESIAN_POINT('Ctrl Pts',(-14.429011340119,2.69145701729653,16.));
#3978=CARTESIAN_POINT('Ctrl Pts',(-14.429011340119,2.41517541040379,13.));
#3979=CARTESIAN_POINT('Ctrl Pts',(-14.429011340119,2.41517541040379,14.));
#3980=CARTESIAN_POINT('Ctrl Pts',(-14.429011340119,2.41517541040378,15.));
#3981=CARTESIAN_POINT('Ctrl Pts',(-14.429011340119,2.41517541040378,16.));
#3982=CARTESIAN_POINT('',(-14.9291718705118,2.91550428923889,13.));
#3983=CARTESIAN_POINT('Ctrl Pts',(-14.429011340119,2.41517541040379,13.));
#3984=CARTESIAN_POINT('Ctrl Pts',(-14.429011340119,2.69145701729653,13.));
#3985=CARTESIAN_POINT('Ctrl Pts',(-14.6529832256289,2.91550428923889,13.));
#3986=CARTESIAN_POINT('Ctrl Pts',(-14.9291718705118,2.91550428923889,13.));
#3987=CARTESIAN_POINT('',(-14.9291718705118,2.91550428923889,16.));
#3988=CARTESIAN_POINT('Ctrl Pts',(-14.9291718705118,2.91550428923889,16.));
#3989=CARTESIAN_POINT('Ctrl Pts',(-14.6529832256289,2.91550428923889,16.));
#3990=CARTESIAN_POINT('Ctrl Pts',(-14.429011340119,2.69145701729653,16.));
#3991=CARTESIAN_POINT('Ctrl Pts',(-14.429011340119,2.41517541040378,16.));
#3992=CARTESIAN_POINT('',(-14.9291718705118,2.91550428923889,12.9829518333333));
#3993=CARTESIAN_POINT('Origin',(-27.9333456607251,2.9155042892389,12.9829518333333));
#3994=CARTESIAN_POINT('',(-27.9333456607251,2.9155042892389,13.));
#3995=CARTESIAN_POINT('',(-14.6541728303624,2.9155042892389,13.));
#3996=CARTESIAN_POINT('',(-27.9333456607251,2.9155042892389,16.));
#3997=CARTESIAN_POINT('',(-14.6541728303624,2.9155042892389,16.));
#3998=CARTESIAN_POINT('',(-27.9333456607251,2.9155042892389,12.9829518333333));
#3999=CARTESIAN_POINT('Ctrl Pts',(-28.4335061911179,2.41517541040379,13.));
#4000=CARTESIAN_POINT('Ctrl Pts',(-28.4335061911179,2.41517541040379,14.));
#4001=CARTESIAN_POINT('Ctrl Pts',(-28.4335061911179,2.41517541040378,15.));
#4002=CARTESIAN_POINT('Ctrl Pts',(-28.4335061911179,2.41517541040378,16.));
#4003=CARTESIAN_POINT('Ctrl Pts',(-28.4335061911179,2.69145701729653,13.));
#4004=CARTESIAN_POINT('Ctrl Pts',(-28.4335061911179,2.69145701729653,14.));
#4005=CARTESIAN_POINT('Ctrl Pts',(-28.4335061911179,2.69145701729653,15.));
#4006=CARTESIAN_POINT('Ctrl Pts',(-28.4335061911179,2.69145701729653,16.));
#4007=CARTESIAN_POINT('Ctrl Pts',(-28.209534305608,2.91550428923889,13.));
#4008=CARTESIAN_POINT('Ctrl Pts',(-28.209534305608,2.91550428923889,14.));
#4009=CARTESIAN_POINT('Ctrl Pts',(-28.209534305608,2.91550428923889,15.));
#4010=CARTESIAN_POINT('Ctrl Pts',(-28.209534305608,2.91550428923889,16.));
#4011=CARTESIAN_POINT('Ctrl Pts',(-27.9333456607251,2.91550428923889,13.));
#4012=CARTESIAN_POINT('Ctrl Pts',(-27.9333456607251,2.91550428923889,14.));
#4013=CARTESIAN_POINT('Ctrl Pts',(-27.9333456607251,2.91550428923889,15.));
#4014=CARTESIAN_POINT('Ctrl Pts',(-27.9333456607251,2.91550428923889,16.));
#4015=CARTESIAN_POINT('Ctrl Pts',(-27.9333456607251,2.91550428923889,13.));
#4016=CARTESIAN_POINT('Ctrl Pts',(-28.209534305608,2.91550428923889,13.));
#4017=CARTESIAN_POINT('Ctrl Pts',(-28.4335061911179,2.69145701729653,13.));
#4018=CARTESIAN_POINT('Ctrl Pts',(-28.4335061911179,2.41517541040379,13.));
#4019=CARTESIAN_POINT('Ctrl Pts',(-28.4335061911179,2.41517541040378,16.));
#4020=CARTESIAN_POINT('Ctrl Pts',(-28.4335061911179,2.69145701729653,16.));
#4021=CARTESIAN_POINT('Ctrl Pts',(-28.209534305608,2.91550428923889,16.));
#4022=CARTESIAN_POINT('Ctrl Pts',(-27.9333456607251,2.91550428923889,16.));
#4023=CARTESIAN_POINT('Origin',(-28.433506191118,8.46915484430852,12.9829518333333));
#4024=CARTESIAN_POINT('',(-28.433506191118,21.4777056940212,13.));
#4025=CARTESIAN_POINT('',(-28.433506191118,8.46915484430852,13.));
#4026=CARTESIAN_POINT('',(-28.433506191118,2.63707742215429,13.));
#4027=CARTESIAN_POINT('',(-28.433506191118,21.4777056940212,16.));
#4028=CARTESIAN_POINT('',(-28.433506191118,21.4777056940212,12.9829518333333));
#4029=CARTESIAN_POINT('',(-28.433506191118,8.46915484430851,16.));
#4030=CARTESIAN_POINT('',(-28.433506191118,2.63707742215429,16.));
#4031=CARTESIAN_POINT('',(-28.433506191118,8.46915484430852,12.9829518333333));
#4032=CARTESIAN_POINT('Ctrl Pts',(-27.9333456607251,7.96882596547341,13.));
#4033=CARTESIAN_POINT('Ctrl Pts',(-27.9333456607251,7.96882596547341,14.));
#4034=CARTESIAN_POINT('Ctrl Pts',(-27.9333456607251,7.96882596547341,15.));
#4035=CARTESIAN_POINT('Ctrl Pts',(-27.9333456607251,7.96882596547341,16.));
#4036=CARTESIAN_POINT('Ctrl Pts',(-28.209534305608,7.96882596547341,13.));
#4037=CARTESIAN_POINT('Ctrl Pts',(-28.209534305608,7.96882596547341,14.));
#4038=CARTESIAN_POINT('Ctrl Pts',(-28.209534305608,7.96882596547341,15.));
#4039=CARTESIAN_POINT('Ctrl Pts',(-28.209534305608,7.96882596547341,16.));
#4040=CARTESIAN_POINT('Ctrl Pts',(-28.4335061911179,8.19287323741577,13.));
#4041=CARTESIAN_POINT('Ctrl Pts',(-28.4335061911179,8.19287323741577,14.));
#4042=CARTESIAN_POINT('Ctrl Pts',(-28.4335061911179,8.19287323741577,15.));
#4043=CARTESIAN_POINT('Ctrl Pts',(-28.4335061911179,8.19287323741577,16.));
#4044=CARTESIAN_POINT('Ctrl Pts',(-28.4335061911179,8.46915484430852,13.));
#4045=CARTESIAN_POINT('Ctrl Pts',(-28.4335061911179,8.46915484430852,14.));
#4046=CARTESIAN_POINT('Ctrl Pts',(-28.4335061911179,8.46915484430851,15.));
#4047=CARTESIAN_POINT('Ctrl Pts',(-28.4335061911179,8.46915484430851,16.));
#4048=CARTESIAN_POINT('',(-27.9333456607251,7.96882596547341,13.));
#4049=CARTESIAN_POINT('Ctrl Pts',(-28.4335061911179,8.46915484430852,13.));
#4050=CARTESIAN_POINT('Ctrl Pts',(-28.4335061911179,8.19287323741577,13.));
#4051=CARTESIAN_POINT('Ctrl Pts',(-28.209534305608,7.96882596547341,13.));
#4052=CARTESIAN_POINT('Ctrl Pts',(-27.9333456607251,7.96882596547341,13.));
#4053=CARTESIAN_POINT('',(-27.9333456607251,7.96882596547341,16.));
#4054=CARTESIAN_POINT('Ctrl Pts',(-27.9333456607251,7.96882596547341,16.));
#4055=CARTESIAN_POINT('Ctrl Pts',(-28.209534305608,7.96882596547341,16.));
#4056=CARTESIAN_POINT('Ctrl Pts',(-28.4335061911179,8.19287323741577,16.));
#4057=CARTESIAN_POINT('Ctrl Pts',(-28.4335061911179,8.46915484430851,16.));
#4058=CARTESIAN_POINT('',(-27.9333456607251,7.96882596547341,12.9829518333333));
#4059=CARTESIAN_POINT('Origin',(-14.9291718705118,7.96882596547341,12.9829518333333));
#4060=CARTESIAN_POINT('',(-14.9291718705118,7.96882596547341,13.));
#4061=CARTESIAN_POINT('',(-8.15208593525572,7.96882596547341,13.));
#4062=CARTESIAN_POINT('',(-14.9291718705118,7.96882596547341,16.));
#4063=CARTESIAN_POINT('',(-8.15208593525572,7.96882596547341,16.));
#4064=CARTESIAN_POINT('',(-14.9291718705118,7.96882596547341,12.9829518333333));
#4065=CARTESIAN_POINT('Ctrl Pts',(-14.429011340119,8.46915484430852,13.));
#4066=CARTESIAN_POINT('Ctrl Pts',(-14.429011340119,8.46915484430852,14.));
#4067=CARTESIAN_POINT('Ctrl Pts',(-14.429011340119,8.46915484430851,15.));
#4068=CARTESIAN_POINT('Ctrl Pts',(-14.429011340119,8.46915484430851,16.));
#4069=CARTESIAN_POINT('Ctrl Pts',(-14.429011340119,8.19287323741577,13.));
#4070=CARTESIAN_POINT('Ctrl Pts',(-14.429011340119,8.19287323741577,14.));
#4071=CARTESIAN_POINT('Ctrl Pts',(-14.429011340119,8.19287323741577,15.));
#4072=CARTESIAN_POINT('Ctrl Pts',(-14.429011340119,8.19287323741577,16.));
#4073=CARTESIAN_POINT('Ctrl Pts',(-14.6529832256289,7.96882596547341,13.));
#4074=CARTESIAN_POINT('Ctrl Pts',(-14.6529832256289,7.96882596547341,14.));
#4075=CARTESIAN_POINT('Ctrl Pts',(-14.6529832256289,7.96882596547341,15.));
#4076=CARTESIAN_POINT('Ctrl Pts',(-14.6529832256289,7.96882596547341,16.));
#4077=CARTESIAN_POINT('Ctrl Pts',(-14.9291718705118,7.96882596547341,13.));
#4078=CARTESIAN_POINT('Ctrl Pts',(-14.9291718705118,7.96882596547341,14.));
#4079=CARTESIAN_POINT('Ctrl Pts',(-14.9291718705118,7.96882596547341,15.));
#4080=CARTESIAN_POINT('Ctrl Pts',(-14.9291718705118,7.96882596547341,16.));
#4081=CARTESIAN_POINT('',(-14.429011340119,8.46915484430852,13.));
#4082=CARTESIAN_POINT('Ctrl Pts',(-14.9291718705118,7.96882596547341,13.));
#4083=CARTESIAN_POINT('Ctrl Pts',(-14.6529832256289,7.96882596547341,13.));
#4084=CARTESIAN_POINT('Ctrl Pts',(-14.429011340119,8.19287323741577,13.));
#4085=CARTESIAN_POINT('Ctrl Pts',(-14.429011340119,8.46915484430852,13.));
#4086=CARTESIAN_POINT('',(-14.429011340119,8.46915484430851,16.));
#4087=CARTESIAN_POINT('Ctrl Pts',(-14.429011340119,8.46915484430851,16.));
#4088=CARTESIAN_POINT('Ctrl Pts',(-14.429011340119,8.19287323741577,16.));
#4089=CARTESIAN_POINT('Ctrl Pts',(-14.6529832256289,7.96882596547341,16.));
#4090=CARTESIAN_POINT('Ctrl Pts',(-14.9291718705118,7.96882596547341,16.));
#4091=CARTESIAN_POINT('',(-14.429011340119,8.46915484430852,12.9829518333333));
#4092=CARTESIAN_POINT('Origin',(-14.429011340119,21.4777056940212,12.9829518333333));
#4093=CARTESIAN_POINT('',(-14.429011340119,21.4777056940212,13.));
#4094=CARTESIAN_POINT('',(-14.429011340119,9.14135284701061,13.));
#4095=CARTESIAN_POINT('',(-14.429011340119,21.4777056940212,16.));
#4096=CARTESIAN_POINT('',(-14.429011340119,9.14135284701061,16.));
#4097=CARTESIAN_POINT('',(-14.429011340119,21.4777056940212,12.9829518333333));
#4098=CARTESIAN_POINT('Ctrl Pts',(-14.9291718705118,21.9780345728563,13.));
#4099=CARTESIAN_POINT('Ctrl Pts',(-14.9291718705118,21.9780345728563,14.));
#4100=CARTESIAN_POINT('Ctrl Pts',(-14.9291718705118,21.9780345728563,15.));
#4101=CARTESIAN_POINT('Ctrl Pts',(-14.9291718705118,21.9780345728563,16.));
#4102=CARTESIAN_POINT('Ctrl Pts',(-14.6529832256289,21.9780345728563,13.));
#4103=CARTESIAN_POINT('Ctrl Pts',(-14.6529832256289,21.9780345728563,14.));
#4104=CARTESIAN_POINT('Ctrl Pts',(-14.6529832256289,21.9780345728563,15.));
#4105=CARTESIAN_POINT('Ctrl Pts',(-14.6529832256289,21.9780345728563,16.));
#4106=CARTESIAN_POINT('Ctrl Pts',(-14.429011340119,21.7539873009139,13.));
#4107=CARTESIAN_POINT('Ctrl Pts',(-14.429011340119,21.7539873009139,14.));
#4108=CARTESIAN_POINT('Ctrl Pts',(-14.429011340119,21.7539873009139,15.));
#4109=CARTESIAN_POINT('Ctrl Pts',(-14.429011340119,21.7539873009139,16.));
#4110=CARTESIAN_POINT('Ctrl Pts',(-14.429011340119,21.4777056940212,13.));
#4111=CARTESIAN_POINT('Ctrl Pts',(-14.429011340119,21.4777056940212,14.));
#4112=CARTESIAN_POINT('Ctrl Pts',(-14.429011340119,21.4777056940212,15.));
#4113=CARTESIAN_POINT('Ctrl Pts',(-14.429011340119,21.4777056940212,16.));
#4114=CARTESIAN_POINT('',(-14.9291718705118,21.9780345728563,13.));
#4115=CARTESIAN_POINT('Ctrl Pts',(-14.429011340119,21.4777056940212,13.));
#4116=CARTESIAN_POINT('Ctrl Pts',(-14.429011340119,21.7539873009139,13.));
#4117=CARTESIAN_POINT('Ctrl Pts',(-14.6529832256289,21.9780345728563,13.));
#4118=CARTESIAN_POINT('Ctrl Pts',(-14.9291718705118,21.9780345728563,13.));
#4119=CARTESIAN_POINT('',(-14.9291718705118,21.9780345728563,16.));
#4120=CARTESIAN_POINT('Ctrl Pts',(-14.9291718705118,21.9780345728563,16.));
#4121=CARTESIAN_POINT('Ctrl Pts',(-14.6529832256289,21.9780345728563,16.));
#4122=CARTESIAN_POINT('Ctrl Pts',(-14.429011340119,21.7539873009139,16.));
#4123=CARTESIAN_POINT('Ctrl Pts',(-14.429011340119,21.4777056940212,16.));
#4124=CARTESIAN_POINT('',(-14.9291718705118,21.9780345728563,12.9829518333333));
#4125=CARTESIAN_POINT('Origin',(-27.9333456607251,21.9780345728563,12.9829518333333));
#4126=CARTESIAN_POINT('',(-27.9333456607251,21.9780345728563,13.));
#4127=CARTESIAN_POINT('',(-14.6541728303624,21.9780345728563,13.));
#4128=CARTESIAN_POINT('',(-27.9333456607251,21.9780345728563,16.));
#4129=CARTESIAN_POINT('',(-14.6541728303624,21.9780345728563,16.));
#4130=CARTESIAN_POINT('',(-27.9333456607251,21.9780345728563,12.9829518333333));
#4131=CARTESIAN_POINT('Ctrl Pts',(-28.4335061911179,21.4777056940212,13.));
#4132=CARTESIAN_POINT('Ctrl Pts',(-28.4335061911179,21.4777056940212,14.));
#4133=CARTESIAN_POINT('Ctrl Pts',(-28.4335061911179,21.4777056940212,15.));
#4134=CARTESIAN_POINT('Ctrl Pts',(-28.4335061911179,21.4777056940212,16.));
#4135=CARTESIAN_POINT('Ctrl Pts',(-28.4335061911179,21.7539873009139,13.));
#4136=CARTESIAN_POINT('Ctrl Pts',(-28.4335061911179,21.7539873009139,14.));
#4137=CARTESIAN_POINT('Ctrl Pts',(-28.4335061911179,21.7539873009139,15.));
#4138=CARTESIAN_POINT('Ctrl Pts',(-28.4335061911179,21.7539873009139,16.));
#4139=CARTESIAN_POINT('Ctrl Pts',(-28.209534305608,21.9780345728563,13.));
#4140=CARTESIAN_POINT('Ctrl Pts',(-28.209534305608,21.9780345728563,14.));
#4141=CARTESIAN_POINT('Ctrl Pts',(-28.209534305608,21.9780345728563,15.));
#4142=CARTESIAN_POINT('Ctrl Pts',(-28.209534305608,21.9780345728563,16.));
#4143=CARTESIAN_POINT('Ctrl Pts',(-27.9333456607251,21.9780345728563,13.));
#4144=CARTESIAN_POINT('Ctrl Pts',(-27.9333456607251,21.9780345728563,14.));
#4145=CARTESIAN_POINT('Ctrl Pts',(-27.9333456607251,21.9780345728563,15.));
#4146=CARTESIAN_POINT('Ctrl Pts',(-27.9333456607251,21.9780345728563,16.));
#4147=CARTESIAN_POINT('Ctrl Pts',(-27.9333456607251,21.9780345728563,13.));
#4148=CARTESIAN_POINT('Ctrl Pts',(-28.209534305608,21.9780345728563,13.));
#4149=CARTESIAN_POINT('Ctrl Pts',(-28.4335061911179,21.7539873009139,13.));
#4150=CARTESIAN_POINT('Ctrl Pts',(-28.4335061911179,21.4777056940212,13.));
#4151=CARTESIAN_POINT('Ctrl Pts',(-28.4335061911179,21.4777056940212,16.));
#4152=CARTESIAN_POINT('Ctrl Pts',(-28.4335061911179,21.7539873009139,16.));
#4153=CARTESIAN_POINT('Ctrl Pts',(-28.209534305608,21.9780345728563,16.));
#4154=CARTESIAN_POINT('Ctrl Pts',(-27.9333456607251,21.9780345728563,16.));
#4155=CARTESIAN_POINT('Origin',(52.8000000000006,-38.5499999999998,13.6838076923077));
#4156=CARTESIAN_POINT('',(51.3415000000006,-38.5499999999998,13.6838076923077));
#4157=CARTESIAN_POINT('Origin',(52.8000000000006,-38.5499999999998,13.6838076923077));
#4158=CARTESIAN_POINT('',(51.3415000000006,-38.5499999999998,16.0000000000001));
#4159=CARTESIAN_POINT('',(51.3415000000006,-38.5499999999998,13.6838076923077));
#4160=CARTESIAN_POINT('Origin',(52.8000000000006,-38.5499999999998,16.0000000000001));
#4161=CARTESIAN_POINT('Origin',(52.8000000000006,-38.5499999999998,13.6838076923077));
#4162=CARTESIAN_POINT('Origin',(52.8000000000006,31.4500000000002,13.6838076923077));
#4163=CARTESIAN_POINT('',(51.3415000000006,31.4500000000002,13.6838076923077));
#4164=CARTESIAN_POINT('Origin',(52.8000000000006,31.4500000000002,13.6838076923077));
#4165=CARTESIAN_POINT('',(51.3415000000006,31.4500000000002,16.));
#4166=CARTESIAN_POINT('',(51.3415000000006,31.4500000000002,13.6838076923077));
#4167=CARTESIAN_POINT('Origin',(52.8000000000006,31.4500000000002,16.));
#4168=CARTESIAN_POINT('Origin',(52.8000000000006,31.4500000000002,13.6838076923077));
#4169=CARTESIAN_POINT('Origin',(-56.1999999999994,31.5500000000002,13.6838076923077));
#4170=CARTESIAN_POINT('',(-57.6584999999994,31.5500000000002,13.6838076923077));
#4171=CARTESIAN_POINT('Origin',(-56.1999999999994,31.5500000000002,13.6838076923077));
#4172=CARTESIAN_POINT('',(-57.6584999999994,31.5500000000002,16.));
#4173=CARTESIAN_POINT('',(-57.6584999999994,31.5500000000002,13.6838076923077));
#4174=CARTESIAN_POINT('Origin',(-56.1999999999994,31.5500000000002,16.));
#4175=CARTESIAN_POINT('Origin',(-56.1999999999994,31.5500000000002,13.6838076923077));
#4176=CARTESIAN_POINT('Origin',(-56.1999999999994,-38.4499999999998,13.6838076923077));
#4177=CARTESIAN_POINT('',(-57.6584999999994,-38.4499999999998,13.6838076923077));
#4178=CARTESIAN_POINT('Origin',(-56.1999999999994,-38.4499999999998,13.6838076923077));
#4179=CARTESIAN_POINT('',(-57.6584999999994,-38.4499999999998,16.0000000000001));
#4180=CARTESIAN_POINT('',(-57.6584999999994,-38.4499999999998,13.6838076923077));
#4181=CARTESIAN_POINT('Origin',(-56.1999999999994,-38.4499999999998,16.0000000000001));
#4182=CARTESIAN_POINT('Origin',(-56.1999999999994,-38.4499999999998,13.6838076923077));
#4183=CARTESIAN_POINT('Origin',(-1.37499999999966,-43.3899999999998,14.5));
#4184=CARTESIAN_POINT('',(58.2500000000001,-43.3899999999998,13.));
#4185=CARTESIAN_POINT('',(58.2500000000001,-43.3899999999998,16.0000000000001));
#4186=CARTESIAN_POINT('',(58.2500000000001,-43.3899999999998,14.5));
#4187=CARTESIAN_POINT('',(-60.9999999999994,-43.3899999999998,16.0000000000001));
#4188=CARTESIAN_POINT('',(-1.37499999999966,-43.3899999999998,16.0000000000001));
#4189=CARTESIAN_POINT('',(-60.9999999999994,-43.3899999999998,13.));
#4190=CARTESIAN_POINT('',(-60.9999999999994,-43.3899999999998,14.5));
#4191=CARTESIAN_POINT('',(-1.37499999999966,-43.3899999999998,13.));
#4192=CARTESIAN_POINT('Origin',(-1.37499999999966,37.,14.5));
#4193=CARTESIAN_POINT('',(58.2500000000001,37.,16.));
#4194=CARTESIAN_POINT('',(58.2500000000001,37.,13.));
#4195=CARTESIAN_POINT('',(58.2500000000001,37.,14.5));
#4196=CARTESIAN_POINT('',(-60.9999999999994,37.,13.));
#4197=CARTESIAN_POINT('',(-1.37499999999966,37.,13.));
#4198=CARTESIAN_POINT('',(-60.9999999999994,37.,16.));
#4199=CARTESIAN_POINT('',(-60.9999999999994,37.,14.5));
#4200=CARTESIAN_POINT('',(-1.37499999999966,37.,16.));
#4201=CARTESIAN_POINT('Origin',(-1.37499999999966,-3.19499999999994,13.));
#4202=CARTESIAN_POINT('',(-60.9999999999994,-3.19499999999994,13.));
#4203=CARTESIAN_POINT('',(58.2500000000001,-3.19499999999994,13.));
#4204=CARTESIAN_POINT('Origin',(-60.9999999999994,-3.19499999999994,14.5));
#4205=CARTESIAN_POINT('',(-60.9999999999994,-3.19499999999993,16.));
#4206=CARTESIAN_POINT('Origin',(-1.37499999999966,-3.19499999999993,16.));
#4207=CARTESIAN_POINT('',(58.2500000000001,-3.19499999999993,16.));
#4208=CARTESIAN_POINT('Origin',(58.2500000000001,-3.19499999999994,14.5));
#4209=UNCERTAINTY_MEASURE_WITH_UNIT(LENGTH_MEASURE(0.01),#4213,
'DISTANCE_ACCURACY_VALUE',
'Maximum model space distance between geometric entities at asserted c
onnectivities');
#4210=UNCERTAINTY_MEASURE_WITH_UNIT(LENGTH_MEASURE(0.01),#4213,
'DISTANCE_ACCURACY_VALUE',
'Maximum model space distance between geometric entities at asserted c
onnectivities');
#4211=(
GEOMETRIC_REPRESENTATION_CONTEXT(3)
GLOBAL_UNCERTAINTY_ASSIGNED_CONTEXT((#4209))
GLOBAL_UNIT_ASSIGNED_CONTEXT((#4213,#4215,#4216))
REPRESENTATION_CONTEXT('','3D')
);
#4212=(
GEOMETRIC_REPRESENTATION_CONTEXT(3)
GLOBAL_UNCERTAINTY_ASSIGNED_CONTEXT((#4210))
GLOBAL_UNIT_ASSIGNED_CONTEXT((#4213,#4215,#4216))
REPRESENTATION_CONTEXT('','3D')
);
#4213=(
LENGTH_UNIT()
NAMED_UNIT(*)
SI_UNIT(.MILLI.,.METRE.)
);
#4214=(
LENGTH_UNIT()
NAMED_UNIT(*)
SI_UNIT($,.METRE.)
);
#4215=(
NAMED_UNIT(*)
PLANE_ANGLE_UNIT()
SI_UNIT($,.RADIAN.)
);
#4216=(
NAMED_UNIT(*)
SI_UNIT($,.STERADIAN.)
SOLID_ANGLE_UNIT()
);
#4217=SHAPE_DEFINITION_REPRESENTATION(#4218,#4219);
#4218=PRODUCT_DEFINITION_SHAPE('',$,#4221);
#4219=SHAPE_REPRESENTATION('',(#2233),#4211);
#4220=PRODUCT_DEFINITION_CONTEXT('part definition',#4225,'design');
#4221=PRODUCT_DEFINITION('2026-09-13-03-28-21-681','Hackpad2',#4222,#4220);
#4222=PRODUCT_DEFINITION_FORMATION('',$,#4227);
#4223=PRODUCT_RELATED_PRODUCT_CATEGORY('Hackpad2','Hackpad2',(#4227));
#4224=APPLICATION_PROTOCOL_DEFINITION('international standard',
'automotive_design',2009,#4225);
#4225=APPLICATION_CONTEXT(
'Core Data for Automotive Mechanical Design Process');
#4226=PRODUCT_CONTEXT('part definition',#4225,'mechanical');
#4227=PRODUCT('2026-09-13-03-28-21-681','Hackpad2',$,(#4226));
#4228=PRESENTATION_STYLE_ASSIGNMENT((#4231));
#4229=PRESENTATION_STYLE_ASSIGNMENT((#4232));
#4230=PRESENTATION_STYLE_ASSIGNMENT((#4233));
#4231=SURFACE_STYLE_USAGE(.BOTH.,#4234);
#4232=SURFACE_STYLE_USAGE(.BOTH.,#4235);
#4233=SURFACE_STYLE_USAGE(.BOTH.,#4236);
#4234=SURFACE_SIDE_STYLE('',(#4237));
#4235=SURFACE_SIDE_STYLE('',(#4238));
#4236=SURFACE_SIDE_STYLE('',(#4239));
#4237=SURFACE_STYLE_FILL_AREA(#4240);
#4238=SURFACE_STYLE_FILL_AREA(#4241);
#4239=SURFACE_STYLE_FILL_AREA(#4242);
#4240=FILL_AREA_STYLE('Steel - Satin',(#4243));
#4241=FILL_AREA_STYLE('Opaque(43,46,49)',(#4244));
#4242=FILL_AREA_STYLE('Opaque(233,150,140)',(#4245));
#4243=FILL_AREA_STYLE_COLOUR('Steel - Satin',#4246);
#4244=FILL_AREA_STYLE_COLOUR('Opaque(43,46,49)',#4247);
#4245=FILL_AREA_STYLE_COLOUR('Opaque(233,150,140)',#4248);
#4246=COLOUR_RGB('Steel - Satin',0.627450980392157,0.627450980392157,0.627450980392157);
#4247=COLOUR_RGB('Opaque(43,46,49)',0.168627450980392,0.180392156862745,
0.192156862745098);
#4248=COLOUR_RGB('Opaque(233,150,140)',0.913725490196078,0.588235294117647,
0.549019607843137);
ENDSEC;
END-ISO-10303-21;
